#
# There is insufficient memory for the Java Runtime Environment to continue.
# Native memory allocation (malloc) failed to allocate 1787920 bytes. Error detail: Chunk::new
# Possible reasons:
#   The system is out of physical RAM or swap space
# Possible solutions:
#   Reduce memory load on the system
#   Increase physical memory or swap space
#   Check if swap backing store is full
#   Decrease Java heap size (-Xmx/-Xms)
#   Decrease number of Java threads
#   Decrease Java thread stack sizes (-Xss)
#   Set larger code cache with -XX:ReservedCodeCacheSize=
# This output file may be truncated or incomplete.
#
#  Out of Memory Error (arena.cpp:191), pid=11236, tid=14664
#
# JRE version: OpenJDK Runtime Environment (17.0.15+10) (build 17.0.15+10-LTS)
# Java VM: OpenJDK 64-Bit Server VM (17.0.15+10-LTS, mixed mode, sharing, tiered, compressed class ptrs, z gc, windows-amd64)
# No core dump will be written. Minidumps are not enabled by default on client versions of Windows
#

---------------  S U M M A R Y ------------

Command Line: -Djava.util.logging.manager=org.apache.logging.log4j.jul.LogManager -DphysicsDebug=false -Dhud.debug=false -Dhud.debug.smoketest=false -Dhud.debug.overlay=false -Dtheme.path=engine/calista.properties -Dbanner.path=engine/banner.png -Dlog.level=DEBUG -Dlog.dir=. -Dkalitech.runtime.allowScriptProfiles=true -Dkalitech.runtime.allowScriptSandbox=true -Dkalitech.runtime.maxIsolated=2 -Dkalitech.runtime.idleEvictMs=60000 -Dkalitech.runtime.pinned=ui -Dkalitech.runtime.idleEvictMs=0 -Xms8g -Xmx8g -XX:MaxMetaspaceSize=512m -XX:+UseZGC -XX:ZUncommitDelay=300 -XX:+DisableExplicitGC -XX:+UnlockExperimentalVMOptions -XX:+TrustFinalNonStaticFields -XX:+UseFastUnorderedTimeStamps -XX:ThreadStackSize=1024 -Dfile.encoding=UTF-8 -Dpolyglot.engine.WarnInterpreterOnly=false -Dgraal.CompilationFailureAction=Silent -Dgraal.TruffleCompilationExceptionsAreFatal=false -Dgraal.TraceTruffleCompilation=false -Dkalitech.relaunched=true org.foxesworld.kalitech.engine.KalitechLauncher

Host: Intel(R) Core(TM) i7-6950X CPU @ 3.00GHz, 20 cores, 31G,  Windows 10 , 64 bit Build 19041 (10.0.19041.662)
Time: Thu Jan 15 20:21:07 2026 RTZ 2 (s 10 , 64 bit Build 19041 (10.0.19041.662) elapsed time: 69.595223 seconds (0d 0h 1m 9s)

---------------  T H R E A D  ---------------

Current thread (0x0000023d31d0c120):  JavaThread "C2 CompilerThread0" daemon [_thread_in_native, id=14664, stack(0x000000c532c00000,0x000000c532d00000)]


Current CompileTask:
C2:  69595 16203   !   4       com.jme3.app.AppTask::invoke (130 bytes)

Stack: [0x000000c532c00000,0x000000c532d00000]
Native frames: (J=compiled Java code, j=interpreted, Vv=VM code, C=native code)
V  [jvm.dll+0x681059]
V  [jvm.dll+0x837fa8]
V  [jvm.dll+0x839a6e]
V  [jvm.dll+0x83a0d3]
V  [jvm.dll+0x248bef]
V  [jvm.dll+0xac854]
V  [jvm.dll+0xaceac]
V  [jvm.dll+0x86e077]
V  [jvm.dll+0x686634]
V  [jvm.dll+0x21aeb6]
V  [jvm.dll+0x219f21]
V  [jvm.dll+0x1a5cd0]
V  [jvm.dll+0x229da9]
V  [jvm.dll+0x227f2b]
V  [jvm.dll+0x7ecfd8]
V  [jvm.dll+0x7e74cc]
V  [jvm.dll+0x67ff27]
C  [ucrtbase.dll+0x214c2]
C  [KERNEL32.DLL+0x17034]
C  [ntdll.dll+0x4d0d1]


---------------  P R O C E S S  ---------------

Threads class SMR info:
_java_thread_list=0x0000023d945c04e0, length=41, elements={
0x0000023b1639b5f0, 0x0000023b1639bad0, 0x0000023d31ce7120, 0x0000023d31d0af50,
0x0000023d31d0b430, 0x0000023d31d0b910, 0x0000023d31d0c120, 0x0000023d31d11970,
0x0000023d31d1a290, 0x0000023d510ff4d0, 0x0000023d51103740, 0x0000023d517771f0,
0x0000023d5177bbc0, 0x0000023d56a71060, 0x0000023d56a74d20, 0x0000023d56a724a0,
0x0000023d56a75230, 0x0000023d56a775a0, 0x0000023d56a76160, 0x0000023d56a733d0,
0x0000023d56a76670, 0x0000023d56a76b80, 0x0000023d56a75740, 0x0000023d56a77ab0,
0x0000023d56a738e0, 0x0000023d56a73df0, 0x0000023d56a789e0, 0x0000023d56a784d0,
0x0000023d56a75c50, 0x0000023d56a71570, 0x0000023d56a71a80, 0x0000023d551594c0,
0x0000023d64926990, 0x0000023d64928d00, 0x0000023d64923c00, 0x0000023d649287f0,
0x0000023d6492a140, 0x0000023d64929720, 0x0000023d64927dd0, 0x0000023d9412c0e0,
0x0000023d649e7770
}

Java Threads: ( => current thread )
  0x0000023b1639b5f0 JavaThread "Reference Handler" daemon [_thread_blocked, id=12104, stack(0x000000c532600000,0x000000c532700000)]
  0x0000023b1639bad0 JavaThread "Finalizer" daemon [_thread_blocked, id=15200, stack(0x000000c532700000,0x000000c532800000)]
  0x0000023d31ce7120 JavaThread "Signal Dispatcher" daemon [_thread_blocked, id=3988, stack(0x000000c532800000,0x000000c532900000)]
  0x0000023d31d0af50 JavaThread "Attach Listener" daemon [_thread_blocked, id=9712, stack(0x000000c532900000,0x000000c532a00000)]
  0x0000023d31d0b430 JavaThread "Service Thread" daemon [_thread_blocked, id=12648, stack(0x000000c532a00000,0x000000c532b00000)]
  0x0000023d31d0b910 JavaThread "Monitor Deflation Thread" daemon [_thread_blocked, id=552, stack(0x000000c532b00000,0x000000c532c00000)]
=>0x0000023d31d0c120 JavaThread "C2 CompilerThread0" daemon [_thread_in_native, id=14664, stack(0x000000c532c00000,0x000000c532d00000)]
  0x0000023d31d11970 JavaThread "C1 CompilerThread0" daemon [_thread_blocked, id=9248, stack(0x000000c532d00000,0x000000c532e00000)]
  0x0000023d31d1a290 JavaThread "Sweeper thread" daemon [_thread_blocked, id=8016, stack(0x000000c532e00000,0x000000c532f00000)]
  0x0000023d510ff4d0 JavaThread "Notification Thread" daemon [_thread_blocked, id=7892, stack(0x000000c533100000,0x000000c533200000)]
  0x0000023d51103740 JavaThread "Common-Cleaner" daemon [_thread_blocked, id=14948, stack(0x000000c533300000,0x000000c533400000)]
  0x0000023d517771f0 JavaThread "Java2D Disposer" daemon [_thread_blocked, id=7820, stack(0x000000c533500000,0x000000c533600000)]
  0x0000023d5177bbc0 JavaThread "AWT-Windows" daemon [_thread_in_native, id=8368, stack(0x000000c533700000,0x000000c533800000)]
  0x0000023d56a71060 JavaThread "D3D Screen Updater" daemon [_thread_blocked, id=13196, stack(0x000000c533d00000,0x000000c533e00000)]
  0x0000023d56a74d20 JavaThread "TimerQueue" daemon [_thread_blocked, id=12116, stack(0x000000c533e10000,0x000000c533f10000)]
  0x0000023d56a724a0 JavaThread "jME3 Main" [_thread_in_native, id=14492, stack(0x000000c534110000,0x000000c534210000)]
  0x0000023d56a75230 JavaThread "DestroyJavaVM" [_thread_blocked, id=2992, stack(0x000000c530e00000,0x000000c530f00000)]
  0x0000023d56a775a0 JavaThread "LWJGL Deallocator" daemon [_thread_blocked, id=6228, stack(0x000000c534810000,0x000000c534910000)]
  0x0000023d56a76160 JavaThread "jME3 Audio Decoder" daemon [_thread_blocked, id=13616, stack(0x000000c533800000,0x000000c533900000)]
  0x0000023d56a733d0 JavaThread "DFA-cache-cleaner[LexerAtnManager]" daemon [_thread_blocked, id=11856, stack(0x000000c534910000,0x000000c534a10000)]
  0x0000023d56a76670 JavaThread "DFA-cache-cleaner[ParserAtnManager]" daemon [_thread_blocked, id=13376, stack(0x000000c534a10000,0x000000c534b10000)]
  0x0000023d56a76b80 JavaThread "ForkJoinPool.commonPool-worker-1" daemon [_thread_blocked, id=14528, stack(0x000000c535010000,0x000000c535110000)]
  0x0000023d56a75740 JavaThread "ForkJoinPool.commonPool-worker-2" daemon [_thread_blocked, id=13132, stack(0x000000c535110000,0x000000c535210000)]
  0x0000023d56a77ab0 JavaThread "ForkJoinPool.commonPool-worker-3" daemon [_thread_blocked, id=4860, stack(0x000000c535210000,0x000000c535310000)]
  0x0000023d56a738e0 JavaThread "ForkJoinPool.commonPool-worker-4" daemon [_thread_blocked, id=1488, stack(0x000000c535310000,0x000000c535410000)]
  0x0000023d56a73df0 JavaThread "ForkJoinPool.commonPool-worker-5" daemon [_thread_blocked, id=13064, stack(0x000000c535410000,0x000000c535510000)]
  0x0000023d56a789e0 JavaThread "ForkJoinPool.commonPool-worker-7" daemon [_thread_blocked, id=9584, stack(0x000000c535510000,0x000000c535610000)]
  0x0000023d56a784d0 JavaThread "ForkJoinPool.commonPool-worker-6" daemon [_thread_blocked, id=13540, stack(0x000000c535610000,0x000000c535710000)]
  0x0000023d56a75c50 JavaThread "ForkJoinPool.commonPool-worker-8" daemon [_thread_blocked, id=11300, stack(0x000000c535710000,0x000000c535810000)]
  0x0000023d56a71570 JavaThread "ForkJoinPool.commonPool-worker-11" daemon [_thread_blocked, id=14516, stack(0x000000c535810000,0x000000c535910000)]
  0x0000023d56a71a80 JavaThread "ForkJoinPool.commonPool-worker-10" daemon [_thread_blocked, id=6368, stack(0x000000c535910000,0x000000c535a10000)]
  0x0000023d551594c0 JavaThread "ForkJoinPool.commonPool-worker-9" daemon [_thread_blocked, id=7936, stack(0x000000c535a10000,0x000000c535b10000)]
  0x0000023d64926990 JavaThread "ForkJoinPool.commonPool-worker-12" daemon [_thread_blocked, id=12188, stack(0x000000c535b10000,0x000000c535c10000)]
  0x0000023d64928d00 JavaThread "ForkJoinPool.commonPool-worker-13" daemon [_thread_blocked, id=12228, stack(0x000000c535c10000,0x000000c535d10000)]
  0x0000023d64923c00 JavaThread "ForkJoinPool.commonPool-worker-14" daemon [_thread_blocked, id=7680, stack(0x000000c535d10000,0x000000c535e10000)]
  0x0000023d649287f0 JavaThread "ForkJoinPool.commonPool-worker-15" daemon [_thread_blocked, id=14028, stack(0x000000c535e10000,0x000000c535f10000)]
  0x0000023d6492a140 JavaThread "PIC-Cleaner" daemon [_thread_blocked, id=13972, stack(0x000000c535f10000,0x000000c536010000)]
  0x0000023d64929720 JavaThread "Physics Cleaner" daemon [_thread_blocked, id=2200, stack(0x000000c536010000,0x000000c536110000)]
  0x0000023d64927dd0 JavaThread "FileSystemWatchService" daemon [_thread_in_native, id=14348, stack(0x000000c534c10000,0x000000c534d10000)]
  0x0000023d9412c0e0 JavaThread "LWJGL Timer" daemon [_thread_blocked, id=5544, stack(0x000000c532f00000,0x000000c533000000)]
  0x0000023d649e7770 JavaThread "C2 CompilerThread1" daemon [_thread_in_native, id=5628, stack(0x000000c530b00000,0x000000c530c00000)]

Other Threads:
  0x0000023b163979f0 VMThread "VM Thread" [stack: 0x000000c532500000,0x000000c532600000] [id=2244]
  0x0000023d510ffac0 WatcherThread [stack: 0x000000c533200000,0x000000c533300000] [id=7912]
  0x0000023b1634ff30 ConcurrentGCThread "ZDirector" [stack: 0x000000c531700000,0x000000c531800000] [id=12016]
  0x0000023b1634f550 ConcurrentGCThread "ZDriver" [stack: 0x000000c531600000,0x000000c531700000] [id=12400]
  0x0000023b16351750 ConcurrentGCThread "ZStat" [stack: 0x000000c531800000,0x000000c531900000] [id=3132]
  0x0000023b1634d0e0 ConcurrentGCThread "ZUnmapper" [stack: 0x000000c531400000,0x000000c531500000] [id=13488]
  0x0000023b1634da40 ConcurrentGCThread "ZUncommitter" [stack: 0x000000c531500000,0x000000c531600000] [id=12388]
  0x0000023b1632df90 GCTaskThread "ZWorker#0" [stack: 0x000000c530f00000,0x000000c531000000] [id=5152]
  0x0000023b1632e4b0 GCTaskThread "ZWorker#1" [stack: 0x000000c531000000,0x000000c531100000] [id=9984]
  0x0000023b1632edc0 GCTaskThread "ZWorker#2" [stack: 0x000000c531100000,0x000000c531200000] [id=13380]
  0x0000023b1632f6d0 GCTaskThread "ZWorker#3" [stack: 0x000000c531200000,0x000000c531300000] [id=7412]
  0x0000023b1632ffe0 GCTaskThread "ZWorker#4" [stack: 0x000000c531300000,0x000000c531400000] [id=13928]
  0x0000023b16352270 Thread "RuntimeWorker#0" [stack: 0x000000c531900000,0x000000c531a00000] [id=6156]
  0x0000023b163530c0 Thread "RuntimeWorker#1" [stack: 0x000000c531a00000,0x000000c531b00000] [id=7844]
  0x0000023b16354100 Thread "RuntimeWorker#2" [stack: 0x000000c531b00000,0x000000c531c00000] [id=12372]
  0x0000023b163538c0 Thread "RuntimeWorker#3" [stack: 0x000000c531c00000,0x000000c531d00000] [id=5836]
  0x0000023b16353b80 Thread "RuntimeWorker#4" [stack: 0x000000c531d00000,0x000000c531e00000] [id=11944]
  0x0000023b16354940 Thread "RuntimeWorker#5" [stack: 0x000000c531e00000,0x000000c531f00000] [id=12200]
  0x0000023b16353e40 Thread "RuntimeWorker#6" [stack: 0x000000c531f00000,0x000000c532000000] [id=7932]
  0x0000023b16355180 Thread "RuntimeWorker#7" [stack: 0x000000c532000000,0x000000c532100000] [id=2996]
  0x0000023b16355440 Thread "RuntimeWorker#8" [stack: 0x000000c532100000,0x000000c532200000] [id=8752]
  0x0000023b163543c0 Thread "RuntimeWorker#9" [stack: 0x000000c532200000,0x000000c532300000] [id=7724]
  0x0000023b16354ec0 Thread "RuntimeWorker#10" [stack: 0x000000c532300000,0x000000c532400000] [id=11356]
  0x0000023b16354680 Thread "RuntimeWorker#11" [stack: 0x000000c532400000,0x000000c532500000] [id=7740]

Threads with active compile tasks:
C2 CompilerThread0    69608 16203   !   4       com.jme3.app.AppTask::invoke (130 bytes)
C2 CompilerThread1    69608 16191       4       com.jme3.terrain.geomipmap.TerrainPatch::fixNormalEdges (1621 bytes)

VM state: not at safepoint (normal execution)

VM Mutex/Monitor currently owned by a thread: None

CDS archive(s) mapped at: [0x0000023d32000000-0x0000023d32bc0000-0x0000023d32bc0000), size 12320768, SharedBaseAddress: 0x0000023d32000000, ArchiveRelocationMode: 1.
Compressed class space mapped at: 0x0000023d33000000-0x0000023d4d000000, reserved size: 436207616
Narrow klass base: 0x0000023d32000000, Narrow klass shift: 0, Narrow klass range: 0x100000000

GC Precious Log:
 NUMA Support: Disabled
 CPUs: 20 total, 20 available
 Memory: 32604M
 Large Page Support: Disabled
 GC Workers: 5 (dynamic)
 Address Space Type: Contiguous/Unrestricted/Complete
 Address Space Size: 131072M x 3 = 393216M
 Min Capacity: 8192M
 Initial Capacity: 8192M
 Max Capacity: 8192M
 Medium Page Size: 32M
 Pre-touch: Disabled
 Uncommit: Implicitly Disabled (-Xms equals -Xmx)
 Runtime Workers: 12

ZGC Globals:
 GlobalPhase:       2 (Relocate)
 GlobalSeqNum:      5
 Offset Max:        4096G (0x0000040000000000)
 Page Size Small:   2M
 Page Size Medium:  32M

ZGC Metadata Bits:
 Good:              0x0000100000000000
 Bad:               0x00002c0000000000
 WeakBad:           0x00000c0000000000
 Marked:            0x0000040000000000
 Remapped:          0x0000100000000000

Heap:
 ZHeap           used 1292M, capacity 8192M, max capacity 8192M
 Metaspace       used 78540K, committed 80000K, reserved 557056K
  class space    used 8563K, committed 9280K, reserved 425984K

ZGC Page Table:
 Small   0x0000000000000000 0x0000000000200000 0x0000000000200000  Relocatable
 Small   0x0000000000200000 0x0000000000400000 0x0000000000400000  Allocating
 Small   0x0000000000400000 0x0000000000600000 0x0000000000600000  Allocating
 Small   0x0000000000600000 0x00000000006ea060 0x0000000000800000  Allocating
 Small   0x0000000002800000 0x0000000002a00000 0x0000000002a00000  Allocating
 Small   0x0000000002a00000 0x0000000002c00000 0x0000000002c00000  Allocating
 Small   0x0000000002c00000 0x0000000002e00000 0x0000000002e00000  Allocating
 Small   0x0000000002e00000 0x0000000003000000 0x0000000003000000  Allocating
 Small   0x0000000003000000 0x00000000031ea970 0x0000000003200000  Allocating
 Small   0x0000000003200000 0x00000000033ffff8 0x0000000003400000  Allocating
 Small   0x0000000003400000 0x0000000003600000 0x0000000003600000  Allocating
 Small   0x0000000003600000 0x0000000003800000 0x0000000003800000  Allocating
 Small   0x0000000003800000 0x0000000003a00000 0x0000000003a00000  Allocating
 Small   0x0000000003a00000 0x0000000003c00000 0x0000000003c00000  Allocating
 Small   0x0000000003c00000 0x0000000003e00000 0x0000000003e00000  Allocating
 Small   0x0000000003e00000 0x0000000004000000 0x0000000004000000  Allocating
 Small   0x0000000004000000 0x0000000004200000 0x0000000004200000  Allocating
 Small   0x0000000004200000 0x0000000004400000 0x0000000004400000  Allocating
 Small   0x0000000004400000 0x0000000004600000 0x0000000004600000  Allocating
 Small   0x0000000004600000 0x0000000004800000 0x0000000004800000  Allocating
 Small   0x0000000004800000 0x0000000004a00000 0x0000000004a00000  Allocating
 Small   0x0000000004a00000 0x0000000004c00000 0x0000000004c00000  Allocating
 Small   0x0000000004c00000 0x0000000004e00000 0x0000000004e00000  Allocating
 Small   0x0000000004e00000 0x0000000004ffffd8 0x0000000005000000  Allocating
 Small   0x0000000005000000 0x0000000005200000 0x0000000005200000  Allocating
 Small   0x0000000005200000 0x0000000005400000 0x0000000005400000  Allocating
 Small   0x0000000005400000 0x0000000005600000 0x0000000005600000  Allocating
 Small   0x0000000005600000 0x0000000005800000 0x0000000005800000  Allocating
 Small   0x0000000005800000 0x0000000005a00000 0x0000000005a00000  Allocating
 Small   0x0000000005a00000 0x0000000005c00000 0x0000000005c00000  Allocating
 Small   0x0000000005c00000 0x0000000005e00000 0x0000000005e00000  Allocating
 Large   0x0000000005e00000 0x0000000006600000 0x0000000006600000  Relocatable
 Small   0x0000000006600000 0x00000000067ffff8 0x0000000006800000  Relocatable
 Small   0x0000000006800000 0x0000000006a00000 0x0000000006a00000  Allocating
 Small   0x0000000006a00000 0x0000000006bfd2a8 0x0000000006c00000  Relocatable
 Small   0x0000000006c00000 0x0000000006e00000 0x0000000006e00000  Allocating
 Small   0x0000000006e00000 0x0000000007000000 0x0000000007000000  Allocating
 Small   0x0000000007000000 0x0000000007200000 0x0000000007200000  Allocating
 Small   0x0000000007200000 0x0000000007400000 0x0000000007400000  Allocating
 Small   0x0000000007400000 0x0000000007600000 0x0000000007600000  Allocating
 Small   0x0000000007600000 0x0000000007800000 0x0000000007800000  Allocating
 Small   0x0000000007800000 0x0000000007a00000 0x0000000007a00000  Allocating
 Small   0x0000000007a00000 0x0000000007bffff0 0x0000000007c00000  Relocatable
 Small   0x0000000007c00000 0x0000000007e00000 0x0000000007e00000  Allocating
 Small   0x0000000007e00000 0x0000000007e40000 0x0000000008000000  Allocating
 Small   0x0000000008000000 0x0000000008200000 0x0000000008200000  Allocating
 Small   0x0000000008200000 0x0000000008400000 0x0000000008400000  Allocating
 Small   0x0000000008400000 0x000000000847a550 0x0000000008600000  Allocating
 Small   0x0000000008600000 0x0000000008800000 0x0000000008800000  Allocating
 Small   0x0000000008800000 0x0000000008983700 0x0000000008a00000  Relocatable
 Medium  0x0000000008a00000 0x0000000008d52000 0x000000000aa00000  Allocating
 Small   0x000000000aa00000 0x000000000abfffd8 0x000000000ac00000  Relocatable
 Small   0x000000000ac00000 0x000000000ae00000 0x000000000ae00000  Allocating
 Small   0x000000000ae00000 0x000000000affffa0 0x000000000b000000  Relocatable
 Small   0x000000000b000000 0x000000000b200000 0x000000000b200000  Allocating
 Small   0x000000000b200000 0x000000000b400000 0x000000000b400000  Allocating
 Small   0x000000000b400000 0x000000000b5a9b58 0x000000000b600000  Relocatable
 Small   0x000000000b600000 0x000000000b800000 0x000000000b800000  Allocating
 Small   0x000000000b800000 0x000000000ba00000 0x000000000ba00000  Allocating
 Small   0x000000000ba00000 0x000000000bc00000 0x000000000bc00000  Allocating
 Small   0x000000000bc00000 0x000000000bcea8b0 0x000000000be00000  Allocating
 Small   0x000000000be00000 0x000000000c000000 0x000000000c000000  Allocating
 Small   0x000000000c000000 0x000000000c200000 0x000000000c200000  Relocatable
 Small   0x000000000c200000 0x000000000c400000 0x000000000c400000  Allocating
 Small   0x000000000c400000 0x000000000c600000 0x000000000c600000  Allocating
 Small   0x000000000c600000 0x000000000c800000 0x000000000c800000  Allocating
 Small   0x000000000c800000 0x000000000ca00000 0x000000000ca00000  Allocating
 Small   0x000000000ca00000 0x000000000cc00000 0x000000000cc00000  Allocating
 Small   0x000000000cc00000 0x000000000ce00000 0x000000000ce00000  Allocating
 Small   0x000000000ce00000 0x000000000d000000 0x000000000d000000  Allocating
 Small   0x000000000d000000 0x000000000d200000 0x000000000d200000  Allocating
 Small   0x000000000d200000 0x000000000d400000 0x000000000d400000  Allocating
 Small   0x000000000d400000 0x000000000d600000 0x000000000d600000  Allocating
 Small   0x000000000d600000 0x000000000d800000 0x000000000d800000  Allocating
 Small   0x000000000d800000 0x000000000d9aef50 0x000000000da00000  Allocating
 Small   0x000000000da00000 0x000000000dbfff80 0x000000000dc00000  Allocating
 Small   0x000000000dc00000 0x000000000de00000 0x000000000de00000  Allocating
 Small   0x000000000de00000 0x000000000e000000 0x000000000e000000  Allocating
 Small   0x000000000e000000 0x000000000e040000 0x000000000e200000  Allocating
 Small   0x000000000e200000 0x000000000e3ffff0 0x000000000e400000  Relocatable
 Small   0x000000000e400000 0x000000000e600000 0x000000000e600000  Allocating
 Small   0x000000000e600000 0x000000000e800000 0x000000000e800000  Allocating
 Small   0x000000000e800000 0x000000000ea00000 0x000000000ea00000  Allocating
 Small   0x000000000ea00000 0x000000000ec00000 0x000000000ec00000  Allocating
 Small   0x000000000ec00000 0x000000000ee00000 0x000000000ee00000  Allocating
 Small   0x000000000ee00000 0x000000000f000000 0x000000000f000000  Allocating
 Small   0x000000000f000000 0x000000000f200000 0x000000000f200000  Relocatable
 Small   0x000000000f200000 0x000000000f400000 0x000000000f400000  Allocating
 Small   0x000000000f400000 0x000000000f600000 0x000000000f600000  Allocating
 Small   0x000000000f600000 0x000000000f800000 0x000000000f800000  Allocating
 Small   0x000000000f800000 0x000000000fa00000 0x000000000fa00000  Allocating
 Small   0x000000000fa00000 0x000000000fc00000 0x000000000fc00000  Allocating
 Small   0x000000000fc00000 0x000000000fe00000 0x000000000fe00000  Allocating
 Small   0x000000000fe00000 0x0000000010000000 0x0000000010000000  Allocating
 Small   0x0000000010000000 0x00000000101ffd18 0x0000000010200000  Allocating
 Small   0x0000000010200000 0x00000000103ffff0 0x0000000010400000  Relocatable
 Small   0x0000000010400000 0x0000000010600000 0x0000000010600000  Relocatable
 Medium  0x0000000010600000 0x000000001133f000 0x0000000012600000  Allocating
 Small   0x0000000012600000 0x00000000127fffe0 0x0000000012800000  Allocating
 Small   0x0000000012800000 0x0000000012a00000 0x0000000012a00000  Allocating
 Small   0x0000000012a00000 0x0000000012c00000 0x0000000012c00000  Allocating
 Small   0x0000000012c00000 0x0000000012c40000 0x0000000012e00000  Allocating
 Small   0x0000000012e00000 0x0000000013000000 0x0000000013000000  Allocating
 Small   0x0000000013000000 0x0000000013200000 0x0000000013200000  Allocating
 Small   0x0000000013200000 0x0000000013400000 0x0000000013400000  Allocating
 Small   0x0000000013400000 0x0000000013600000 0x0000000013600000  Allocating
 Small   0x0000000013600000 0x0000000013800000 0x0000000013800000  Allocating
 Small   0x0000000013800000 0x0000000013a00000 0x0000000013a00000  Allocating
 Small   0x0000000013a00000 0x0000000013c00000 0x0000000013c00000  Allocating
 Small   0x0000000013c00000 0x0000000013e00000 0x0000000013e00000  Allocating
 Small   0x0000000013e00000 0x0000000014000000 0x0000000014000000  Allocating
 Small   0x0000000014000000 0x0000000014200000 0x0000000014200000  Allocating
 Small   0x0000000014200000 0x0000000014400000 0x0000000014400000  Allocating
 Small   0x0000000014400000 0x0000000014600000 0x0000000014600000  Allocating
 Small   0x0000000014600000 0x00000000147ffff8 0x0000000014800000  Relocatable
 Small   0x0000000014800000 0x0000000014a00000 0x0000000014a00000  Allocating
 Small   0x0000000014a00000 0x0000000014c00000 0x0000000014c00000  Allocating
 Small   0x0000000014c00000 0x0000000014e00000 0x0000000014e00000  Allocating
 Small   0x0000000014e00000 0x0000000015000000 0x0000000015000000  Allocating
 Small   0x0000000015000000 0x0000000015200000 0x0000000015200000  Allocating
 Small   0x0000000015200000 0x0000000015400000 0x0000000015400000  Allocating
 Small   0x0000000015400000 0x0000000015600000 0x0000000015600000  Allocating
 Small   0x0000000015600000 0x0000000015800000 0x0000000015800000  Allocating
 Small   0x0000000015800000 0x0000000015a00000 0x0000000015a00000  Allocating
 Small   0x0000000015a00000 0x0000000015c00000 0x0000000015c00000  Allocating
 Small   0x0000000015c00000 0x0000000015e00000 0x0000000015e00000  Allocating
 Small   0x0000000015e00000 0x0000000016000000 0x0000000016000000  Allocating
 Small   0x0000000016000000 0x0000000016200000 0x0000000016200000  Allocating
 Small   0x0000000016200000 0x0000000016400000 0x0000000016400000  Allocating
 Small   0x0000000016400000 0x0000000016600000 0x0000000016600000  Allocating
 Small   0x0000000016600000 0x0000000016800000 0x0000000016800000  Allocating
 Small   0x0000000016800000 0x0000000016840000 0x0000000016a00000  Allocating
 Small   0x0000000016a00000 0x0000000016c00000 0x0000000016c00000  Allocating
 Small   0x0000000016c00000 0x0000000016e00000 0x0000000016e00000  Allocating
 Small   0x0000000016e00000 0x0000000016fffff8 0x0000000017000000  Relocatable
 Small   0x0000000017000000 0x00000000171ffff0 0x0000000017200000  Relocatable
 Small   0x0000000017200000 0x00000000173ffff8 0x0000000017400000  Relocatable
 Small   0x0000000017400000 0x0000000017600000 0x0000000017600000  Allocating
 Small   0x0000000017600000 0x0000000017800000 0x0000000017800000  Allocating
 Small   0x0000000017800000 0x0000000017a00000 0x0000000017a00000  Allocating
 Small   0x0000000017a00000 0x0000000017c00000 0x0000000017c00000  Allocating
 Small   0x0000000017c00000 0x0000000017e00000 0x0000000017e00000  Allocating
 Small   0x0000000017e00000 0x0000000018000000 0x0000000018000000  Allocating
 Small   0x0000000018000000 0x0000000018200000 0x0000000018200000  Allocating
 Small   0x0000000018200000 0x0000000018400000 0x0000000018400000  Allocating
 Small   0x0000000018400000 0x0000000018600000 0x0000000018600000  Allocating
 Small   0x0000000018600000 0x0000000018800000 0x0000000018800000  Allocating
 Small   0x0000000018800000 0x0000000018a00000 0x0000000018a00000  Allocating
 Small   0x0000000018a00000 0x0000000018c00000 0x0000000018c00000  Allocating
 Small   0x0000000018c00000 0x0000000018e00000 0x0000000018e00000  Allocating
 Small   0x0000000018e00000 0x0000000019000000 0x0000000019000000  Allocating
 Small   0x0000000019000000 0x0000000019200000 0x0000000019200000  Allocating
 Small   0x0000000019200000 0x0000000019400000 0x0000000019400000  Allocating
 Small   0x0000000019400000 0x0000000019600000 0x0000000019600000  Allocating
 Small   0x0000000019600000 0x0000000019800000 0x0000000019800000  Allocating
 Small   0x0000000019800000 0x0000000019a00000 0x0000000019a00000  Allocating
 Small   0x0000000019a00000 0x0000000019c00000 0x0000000019c00000  Allocating
 Small   0x0000000019c00000 0x0000000019e00000 0x0000000019e00000  Allocating
 Small   0x0000000019e00000 0x000000001a000000 0x000000001a000000  Allocating
 Small   0x000000001a000000 0x000000001a200000 0x000000001a200000  Allocating
 Small   0x000000001a200000 0x000000001a400000 0x000000001a400000  Allocating
 Small   0x000000001a400000 0x000000001a600000 0x000000001a600000  Allocating
 Small   0x000000001a600000 0x000000001a800000 0x000000001a800000  Allocating
 Small   0x000000001a800000 0x000000001aa00000 0x000000001aa00000  Allocating
 Small   0x000000001aa00000 0x000000001ac00000 0x000000001ac00000  Allocating
 Small   0x000000001ac00000 0x000000001ae00000 0x000000001ae00000  Allocating
 Small   0x000000001ae00000 0x000000001b000000 0x000000001b000000  Allocating
 Small   0x000000001b000000 0x000000001b200000 0x000000001b200000  Allocating
 Small   0x000000001b200000 0x000000001b400000 0x000000001b400000  Allocating
 Small   0x000000001b400000 0x000000001b600000 0x000000001b600000  Allocating
 Small   0x000000001b600000 0x000000001b800000 0x000000001b800000  Allocating
 Small   0x000000001b800000 0x000000001ba00000 0x000000001ba00000  Allocating
 Small   0x000000001ba00000 0x000000001bc00000 0x000000001bc00000  Allocating
 Small   0x000000001bc00000 0x000000001be00000 0x000000001be00000  Allocating
 Small   0x000000001be00000 0x000000001c000000 0x000000001c000000  Allocating
 Small   0x000000001c000000 0x000000001c200000 0x000000001c200000  Allocating
 Small   0x000000001c200000 0x000000001c400000 0x000000001c400000  Allocating
 Small   0x000000001c400000 0x000000001c600000 0x000000001c600000  Allocating
 Small   0x000000001c600000 0x000000001c800000 0x000000001c800000  Allocating
 Small   0x000000001c800000 0x000000001ca00000 0x000000001ca00000  Allocating
 Small   0x000000001ca00000 0x000000001cc00000 0x000000001cc00000  Allocating
 Small   0x000000001cc00000 0x000000001ce00000 0x000000001ce00000  Allocating
 Small   0x000000001ce00000 0x000000001d000000 0x000000001d000000  Allocating
 Small   0x000000001d000000 0x000000001d200000 0x000000001d200000  Allocating
 Small   0x000000001d200000 0x000000001d400000 0x000000001d400000  Allocating
 Small   0x000000001d400000 0x000000001d600000 0x000000001d600000  Allocating
 Small   0x000000001d600000 0x000000001d800000 0x000000001d800000  Allocating
 Small   0x000000001d800000 0x000000001da00000 0x000000001da00000  Allocating
 Small   0x000000001da00000 0x000000001dc00000 0x000000001dc00000  Allocating
 Small   0x000000001dc00000 0x000000001de00000 0x000000001de00000  Allocating
 Small   0x000000001de00000 0x000000001e000000 0x000000001e000000  Allocating
 Small   0x000000001e000000 0x000000001e200000 0x000000001e200000  Allocating
 Small   0x000000001e200000 0x000000001e400000 0x000000001e400000  Allocating
 Small   0x000000001e400000 0x000000001e600000 0x000000001e600000  Allocating
 Small   0x000000001e600000 0x000000001e800000 0x000000001e800000  Allocating
 Small   0x000000001e800000 0x000000001ea00000 0x000000001ea00000  Allocating
 Small   0x000000001ea00000 0x000000001ec00000 0x000000001ec00000  Allocating
 Small   0x000000001ec00000 0x000000001ee00000 0x000000001ee00000  Allocating
 Small   0x000000001ee00000 0x000000001f000000 0x000000001f000000  Allocating
 Small   0x000000001f000000 0x000000001f200000 0x000000001f200000  Allocating
 Small   0x000000001f200000 0x000000001f400000 0x000000001f400000  Allocating
 Small   0x000000001f400000 0x000000001f600000 0x000000001f600000  Allocating
 Small   0x000000001f600000 0x000000001f800000 0x000000001f800000  Allocating
 Small   0x000000001f800000 0x000000001fa00000 0x000000001fa00000  Allocating
 Small   0x000000001fa00000 0x000000001fc00000 0x000000001fc00000  Allocating
 Small   0x000000001fc00000 0x000000001fe00000 0x000000001fe00000  Allocating
 Small   0x000000001fe00000 0x0000000020000000 0x0000000020000000  Allocating
 Small   0x0000000020000000 0x0000000020200000 0x0000000020200000  Allocating
 Small   0x0000000020200000 0x0000000020400000 0x0000000020400000  Allocating
 Small   0x0000000020400000 0x0000000020600000 0x0000000020600000  Allocating
 Small   0x0000000020600000 0x0000000020800000 0x0000000020800000  Allocating
 Small   0x0000000020800000 0x0000000020840000 0x0000000020a00000  Allocating
 Small   0x0000000020a00000 0x0000000020c00000 0x0000000020c00000  Allocating
 Small   0x0000000020c00000 0x0000000020e00000 0x0000000020e00000  Allocating
 Small   0x0000000020e00000 0x0000000021000000 0x0000000021000000  Allocating
 Small   0x0000000021000000 0x0000000021200000 0x0000000021200000  Allocating
 Small   0x0000000021200000 0x0000000021400000 0x0000000021400000  Allocating
 Small   0x0000000021400000 0x0000000021600000 0x0000000021600000  Allocating
 Small   0x0000000021600000 0x0000000021800000 0x0000000021800000  Allocating
 Small   0x0000000021800000 0x0000000021a00000 0x0000000021a00000  Allocating
 Small   0x0000000021a00000 0x0000000021c00000 0x0000000021c00000  Allocating
 Small   0x0000000021c00000 0x0000000021e00000 0x0000000021e00000  Allocating
 Small   0x0000000021e00000 0x0000000022000000 0x0000000022000000  Allocating
 Small   0x0000000022000000 0x0000000022200000 0x0000000022200000  Allocating
 Small   0x0000000022200000 0x0000000022400000 0x0000000022400000  Allocating
 Small   0x0000000022400000 0x0000000022600000 0x0000000022600000  Allocating
 Small   0x0000000022600000 0x0000000022800000 0x0000000022800000  Allocating
 Small   0x0000000022800000 0x0000000022a00000 0x0000000022a00000  Allocating
 Small   0x0000000022a00000 0x0000000022c00000 0x0000000022c00000  Allocating
 Small   0x0000000022c00000 0x0000000022e00000 0x0000000022e00000  Allocating
 Small   0x0000000022e00000 0x0000000023000000 0x0000000023000000  Allocating
 Small   0x0000000023000000 0x0000000023200000 0x0000000023200000  Allocating
 Small   0x0000000023200000 0x0000000023400000 0x0000000023400000  Allocating
 Small   0x0000000023400000 0x0000000023600000 0x0000000023600000  Allocating
 Small   0x0000000023600000 0x0000000023680000 0x0000000023800000  Allocating
 Small   0x0000000023800000 0x0000000023a00000 0x0000000023a00000  Allocating
 Small   0x0000000023a00000 0x0000000023c00000 0x0000000023c00000  Allocating
 Small   0x0000000023c00000 0x0000000023e00000 0x0000000023e00000  Allocating
 Small   0x0000000023e00000 0x0000000024000000 0x0000000024000000  Allocating
 Small   0x0000000024000000 0x0000000024200000 0x0000000024200000  Allocating
 Small   0x0000000024200000 0x0000000024400000 0x0000000024400000  Allocating
 Small   0x0000000024400000 0x0000000024600000 0x0000000024600000  Allocating
 Small   0x0000000024600000 0x0000000024800000 0x0000000024800000  Allocating
 Small   0x0000000024800000 0x0000000024a00000 0x0000000024a00000  Allocating
 Small   0x0000000024a00000 0x0000000024c00000 0x0000000024c00000  Allocating
 Small   0x0000000024c00000 0x0000000024e00000 0x0000000024e00000  Allocating
 Small   0x0000000024e00000 0x0000000025000000 0x0000000025000000  Allocating
 Small   0x0000000025000000 0x0000000025200000 0x0000000025200000  Allocating
 Small   0x0000000025200000 0x0000000025400000 0x0000000025400000  Allocating
 Small   0x0000000025400000 0x0000000025600000 0x0000000025600000  Allocating
 Small   0x0000000025600000 0x0000000025800000 0x0000000025800000  Allocating
 Small   0x0000000025800000 0x0000000025a00000 0x0000000025a00000  Allocating
 Small   0x0000000025a00000 0x0000000025c00000 0x0000000025c00000  Allocating
 Small   0x0000000025c00000 0x0000000025e00000 0x0000000025e00000  Allocating
 Small   0x0000000025e00000 0x0000000026000000 0x0000000026000000  Allocating
 Small   0x0000000026000000 0x0000000026200000 0x0000000026200000  Allocating
 Small   0x0000000026200000 0x0000000026400000 0x0000000026400000  Allocating
 Small   0x0000000026400000 0x0000000026600000 0x0000000026600000  Allocating
 Small   0x0000000026600000 0x0000000026800000 0x0000000026800000  Allocating
 Small   0x0000000026800000 0x0000000026a00000 0x0000000026a00000  Allocating
 Small   0x0000000026a00000 0x0000000026c00000 0x0000000026c00000  Allocating
 Small   0x0000000026c00000 0x0000000026e00000 0x0000000026e00000  Allocating
 Small   0x0000000026e00000 0x0000000027000000 0x0000000027000000  Allocating
 Small   0x0000000027000000 0x0000000027200000 0x0000000027200000  Allocating
 Small   0x0000000027200000 0x0000000027400000 0x0000000027400000  Allocating
 Small   0x0000000027400000 0x0000000027600000 0x0000000027600000  Allocating
 Small   0x0000000027600000 0x0000000027640000 0x0000000027800000  Allocating
 Small   0x0000000027800000 0x0000000027a00000 0x0000000027a00000  Allocating
 Small   0x0000000027a00000 0x0000000027c00000 0x0000000027c00000  Allocating
 Small   0x0000000027c00000 0x0000000027e00000 0x0000000027e00000  Allocating
 Small   0x0000000027e00000 0x0000000028000000 0x0000000028000000  Allocating
 Small   0x0000000028000000 0x0000000028200000 0x0000000028200000  Allocating
 Small   0x0000000028200000 0x0000000028400000 0x0000000028400000  Allocating
 Small   0x0000000028400000 0x0000000028600000 0x0000000028600000  Allocating
 Small   0x0000000028600000 0x0000000028800000 0x0000000028800000  Allocating
 Small   0x0000000028800000 0x0000000028a00000 0x0000000028a00000  Allocating
 Small   0x0000000028a00000 0x0000000028c00000 0x0000000028c00000  Allocating
 Small   0x0000000028c00000 0x0000000028e00000 0x0000000028e00000  Allocating
 Small   0x0000000028e00000 0x0000000029000000 0x0000000029000000  Allocating
 Small   0x0000000029000000 0x0000000029200000 0x0000000029200000  Allocating
 Small   0x0000000029200000 0x0000000029400000 0x0000000029400000  Allocating
 Small   0x0000000029400000 0x0000000029600000 0x0000000029600000  Allocating
 Small   0x0000000029600000 0x0000000029800000 0x0000000029800000  Allocating
 Small   0x0000000029800000 0x0000000029a00000 0x0000000029a00000  Allocating
 Small   0x0000000029a00000 0x0000000029c00000 0x0000000029c00000  Allocating
 Small   0x0000000029c00000 0x0000000029e00000 0x0000000029e00000  Allocating
 Small   0x0000000029e00000 0x000000002a000000 0x000000002a000000  Allocating
 Small   0x000000002a000000 0x000000002a200000 0x000000002a200000  Allocating
 Small   0x000000002a200000 0x000000002a400000 0x000000002a400000  Allocating
 Small   0x000000002a400000 0x000000002a600000 0x000000002a600000  Allocating
 Small   0x000000002a600000 0x000000002a800000 0x000000002a800000  Allocating
 Small   0x000000002a800000 0x000000002aa00000 0x000000002aa00000  Allocating
 Small   0x000000002aa00000 0x000000002ac00000 0x000000002ac00000  Allocating
 Small   0x000000002ac00000 0x000000002ae00000 0x000000002ae00000  Allocating
 Small   0x000000002ae00000 0x000000002b000000 0x000000002b000000  Allocating
 Small   0x000000002b000000 0x000000002b200000 0x000000002b200000  Allocating
 Small   0x000000002b200000 0x000000002b400000 0x000000002b400000  Allocating
 Small   0x000000002b400000 0x000000002b600000 0x000000002b600000  Allocating
 Small   0x000000002b600000 0x000000002b800000 0x000000002b800000  Allocating
 Small   0x000000002b800000 0x000000002ba00000 0x000000002ba00000  Allocating
 Small   0x000000002ba00000 0x000000002bc00000 0x000000002bc00000  Allocating
 Small   0x000000002bc00000 0x000000002be00000 0x000000002be00000  Allocating
 Small   0x000000002be00000 0x000000002c000000 0x000000002c000000  Allocating
 Small   0x000000002c000000 0x000000002c200000 0x000000002c200000  Allocating
 Small   0x000000002c200000 0x000000002c400000 0x000000002c400000  Allocating
 Small   0x000000002c400000 0x000000002c600000 0x000000002c600000  Allocating
 Small   0x000000002c600000 0x000000002c800000 0x000000002c800000  Allocating
 Small   0x000000002c800000 0x000000002ca00000 0x000000002ca00000  Allocating
 Small   0x000000002ca00000 0x000000002cc00000 0x000000002cc00000  Allocating
 Small   0x000000002cc00000 0x000000002ce00000 0x000000002ce00000  Allocating
 Small   0x000000002ce00000 0x000000002d000000 0x000000002d000000  Allocating
 Small   0x000000002d000000 0x000000002d200000 0x000000002d200000  Allocating
 Small   0x000000002d200000 0x000000002d400000 0x000000002d400000  Allocating
 Small   0x000000002d400000 0x000000002d5ffff0 0x000000002d600000  Allocating
 Small   0x000000002d600000 0x000000002d800000 0x000000002d800000  Allocating
 Small   0x000000002d800000 0x000000002da00000 0x000000002da00000  Allocating
 Small   0x000000002da00000 0x000000002dc00000 0x000000002dc00000  Allocating
 Small   0x000000002dc00000 0x000000002de00000 0x000000002de00000  Allocating
 Small   0x000000002de00000 0x000000002e000000 0x000000002e000000  Allocating
 Small   0x000000002e000000 0x000000002e200000 0x000000002e200000  Allocating
 Small   0x000000002e200000 0x000000002e400000 0x000000002e400000  Allocating
 Small   0x000000002e400000 0x000000002e600000 0x000000002e600000  Allocating
 Small   0x000000002e600000 0x000000002e800000 0x000000002e800000  Allocating
 Small   0x000000002e800000 0x000000002ea00000 0x000000002ea00000  Allocating
 Small   0x000000002ea00000 0x000000002ec00000 0x000000002ec00000  Allocating
 Small   0x000000002ec00000 0x000000002ee00000 0x000000002ee00000  Allocating
 Small   0x000000002ee00000 0x000000002f000000 0x000000002f000000  Allocating
 Small   0x000000002f000000 0x000000002f200000 0x000000002f200000  Allocating
 Small   0x000000002f200000 0x000000002f400000 0x000000002f400000  Allocating
 Small   0x000000002f400000 0x000000002f600000 0x000000002f600000  Allocating
 Small   0x000000002f600000 0x000000002f800000 0x000000002f800000  Allocating
 Small   0x000000002f800000 0x000000002fa00000 0x000000002fa00000  Allocating
 Small   0x000000002fa00000 0x000000002fc00000 0x000000002fc00000  Allocating
 Small   0x000000002fc00000 0x000000002fe00000 0x000000002fe00000  Allocating
 Small   0x000000002fe00000 0x0000000030000000 0x0000000030000000  Allocating
 Small   0x0000000030000000 0x0000000030200000 0x0000000030200000  Allocating
 Small   0x0000000030200000 0x0000000030400000 0x0000000030400000  Allocating
 Small   0x0000000030400000 0x0000000030600000 0x0000000030600000  Allocating
 Small   0x0000000030600000 0x0000000030800000 0x0000000030800000  Allocating
 Small   0x0000000030800000 0x0000000030a00000 0x0000000030a00000  Allocating
 Small   0x0000000030a00000 0x0000000030c00000 0x0000000030c00000  Allocating
 Small   0x0000000030c00000 0x0000000030e00000 0x0000000030e00000  Allocating
 Small   0x0000000030e00000 0x0000000031000000 0x0000000031000000  Allocating
 Small   0x0000000031000000 0x0000000031200000 0x0000000031200000  Allocating
 Small   0x0000000031200000 0x0000000031400000 0x0000000031400000  Allocating
 Small   0x0000000031400000 0x0000000031600000 0x0000000031600000  Allocating
 Small   0x0000000031600000 0x0000000031800000 0x0000000031800000  Allocating
 Small   0x0000000031800000 0x0000000031a00000 0x0000000031a00000  Allocating
 Small   0x0000000031a00000 0x0000000031c00000 0x0000000031c00000  Allocating
 Small   0x0000000031c00000 0x0000000031c40000 0x0000000031e00000  Allocating
 Small   0x0000000031e00000 0x0000000032000000 0x0000000032000000  Allocating
 Small   0x0000000032000000 0x0000000032200000 0x0000000032200000  Allocating
 Small   0x0000000032200000 0x0000000032400000 0x0000000032400000  Allocating
 Small   0x0000000032400000 0x0000000032600000 0x0000000032600000  Allocating
 Small   0x0000000032600000 0x0000000032800000 0x0000000032800000  Allocating
 Small   0x0000000032800000 0x0000000032a00000 0x0000000032a00000  Allocating
 Small   0x0000000032a00000 0x0000000032c00000 0x0000000032c00000  Allocating
 Small   0x0000000032c00000 0x0000000032e00000 0x0000000032e00000  Allocating
 Small   0x0000000032e00000 0x0000000033000000 0x0000000033000000  Allocating
 Small   0x0000000033000000 0x0000000033200000 0x0000000033200000  Allocating
 Small   0x0000000033200000 0x0000000033400000 0x0000000033400000  Allocating
 Small   0x0000000033400000 0x0000000033600000 0x0000000033600000  Allocating
 Small   0x0000000033600000 0x0000000033800000 0x0000000033800000  Allocating
 Small   0x0000000033800000 0x0000000033a00000 0x0000000033a00000  Allocating
 Small   0x0000000033a00000 0x0000000033c00000 0x0000000033c00000  Allocating
 Small   0x0000000033c00000 0x0000000033e00000 0x0000000033e00000  Allocating
 Small   0x0000000033e00000 0x0000000034000000 0x0000000034000000  Allocating
 Small   0x0000000034000000 0x0000000034200000 0x0000000034200000  Allocating
 Small   0x0000000034200000 0x0000000034400000 0x0000000034400000  Allocating
 Small   0x0000000034400000 0x0000000034600000 0x0000000034600000  Allocating
 Small   0x0000000034600000 0x0000000034800000 0x0000000034800000  Allocating
 Small   0x0000000034800000 0x0000000034a00000 0x0000000034a00000  Allocating
 Small   0x0000000034a00000 0x0000000034c00000 0x0000000034c00000  Allocating
 Small   0x0000000034c00000 0x0000000034e00000 0x0000000034e00000  Allocating
 Small   0x0000000034e00000 0x0000000035000000 0x0000000035000000  Allocating
 Small   0x0000000035000000 0x00000000351ffff0 0x0000000035200000  Allocating
 Small   0x0000000035200000 0x0000000035400000 0x0000000035400000  Allocating
 Small   0x0000000035400000 0x0000000035600000 0x0000000035600000  Allocating
 Small   0x0000000035600000 0x0000000035800000 0x0000000035800000  Allocating
 Small   0x0000000035800000 0x0000000035a00000 0x0000000035a00000  Allocating
 Small   0x0000000035a00000 0x0000000035c00000 0x0000000035c00000  Allocating
 Small   0x0000000035c00000 0x0000000035e00000 0x0000000035e00000  Allocating
 Small   0x0000000035e00000 0x0000000036000000 0x0000000036000000  Allocating
 Small   0x0000000036000000 0x0000000036200000 0x0000000036200000  Allocating
 Small   0x0000000036200000 0x0000000036400000 0x0000000036400000  Allocating
 Small   0x0000000036400000 0x0000000036600000 0x0000000036600000  Allocating
 Small   0x0000000036600000 0x0000000036800000 0x0000000036800000  Allocating
 Small   0x0000000036800000 0x0000000036a00000 0x0000000036a00000  Allocating
 Small   0x0000000036a00000 0x0000000036c00000 0x0000000036c00000  Allocating
 Small   0x0000000036c00000 0x0000000036e00000 0x0000000036e00000  Allocating
 Small   0x0000000036e00000 0x0000000037000000 0x0000000037000000  Allocating
 Small   0x0000000037000000 0x0000000037200000 0x0000000037200000  Allocating
 Small   0x0000000037200000 0x0000000037400000 0x0000000037400000  Allocating
 Small   0x0000000037400000 0x0000000037600000 0x0000000037600000  Allocating
 Small   0x0000000037600000 0x0000000037800000 0x0000000037800000  Allocating
 Small   0x0000000037800000 0x0000000037a00000 0x0000000037a00000  Allocating
 Small   0x0000000037a00000 0x0000000037c00000 0x0000000037c00000  Allocating
 Small   0x0000000037c00000 0x0000000037e00000 0x0000000037e00000  Allocating
 Small   0x0000000037e00000 0x0000000038000000 0x0000000038000000  Allocating
 Small   0x0000000038000000 0x0000000038200000 0x0000000038200000  Allocating
 Small   0x0000000038200000 0x0000000038400000 0x0000000038400000  Allocating
 Small   0x0000000038400000 0x0000000038600000 0x0000000038600000  Allocating
 Small   0x0000000038600000 0x0000000038800000 0x0000000038800000  Allocating
 Small   0x0000000038800000 0x0000000038a00000 0x0000000038a00000  Allocating
 Small   0x0000000038a00000 0x0000000038c00000 0x0000000038c00000  Allocating
 Small   0x0000000038c00000 0x0000000038e00000 0x0000000038e00000  Allocating
 Small   0x0000000038e00000 0x0000000039000000 0x0000000039000000  Allocating
 Small   0x0000000039000000 0x0000000039200000 0x0000000039200000  Allocating
 Small   0x0000000039200000 0x0000000039400000 0x0000000039400000  Allocating
 Small   0x0000000039400000 0x0000000039600000 0x0000000039600000  Allocating
 Small   0x0000000039600000 0x0000000039800000 0x0000000039800000  Allocating
 Small   0x0000000039800000 0x0000000039a00000 0x0000000039a00000  Allocating
 Small   0x0000000039a00000 0x0000000039c00000 0x0000000039c00000  Allocating
 Small   0x0000000039c00000 0x0000000039e00000 0x0000000039e00000  Allocating
 Small   0x0000000039e00000 0x000000003a000000 0x000000003a000000  Allocating
 Small   0x000000003a000000 0x000000003a200000 0x000000003a200000  Allocating
 Small   0x000000003a200000 0x000000003a400000 0x000000003a400000  Allocating
 Small   0x000000003a400000 0x000000003a600000 0x000000003a600000  Allocating
 Small   0x000000003a600000 0x000000003a800000 0x000000003a800000  Allocating
 Small   0x000000003a800000 0x000000003aa00000 0x000000003aa00000  Allocating
 Small   0x000000003aa00000 0x000000003ac00000 0x000000003ac00000  Allocating
 Small   0x000000003ac00000 0x000000003ae00000 0x000000003ae00000  Allocating
 Small   0x000000003ae00000 0x000000003b000000 0x000000003b000000  Allocating
 Small   0x000000003b000000 0x000000003b200000 0x000000003b200000  Allocating
 Small   0x000000003b200000 0x000000003b400000 0x000000003b400000  Allocating
 Small   0x000000003b400000 0x000000003b600000 0x000000003b600000  Allocating
 Small   0x000000003b600000 0x000000003b800000 0x000000003b800000  Allocating
 Small   0x000000003b800000 0x000000003ba00000 0x000000003ba00000  Allocating
 Small   0x000000003ba00000 0x000000003bc00000 0x000000003bc00000  Allocating
 Small   0x000000003bc00000 0x000000003be00000 0x000000003be00000  Allocating
 Small   0x000000003be00000 0x000000003c000000 0x000000003c000000  Allocating
 Small   0x000000003c000000 0x000000003c200000 0x000000003c200000  Allocating
 Small   0x000000003c200000 0x000000003c400000 0x000000003c400000  Allocating
 Small   0x000000003c400000 0x000000003c600000 0x000000003c600000  Allocating
 Small   0x000000003c600000 0x000000003c800000 0x000000003c800000  Allocating
 Small   0x000000003c800000 0x000000003ca00000 0x000000003ca00000  Allocating
 Small   0x000000003ca00000 0x000000003cc00000 0x000000003cc00000  Allocating
 Small   0x000000003cc00000 0x000000003ce00000 0x000000003ce00000  Allocating
 Small   0x000000003ce00000 0x000000003d000000 0x000000003d000000  Allocating
 Small   0x000000003d000000 0x000000003d200000 0x000000003d200000  Allocating
 Small   0x000000003d200000 0x000000003d400000 0x000000003d400000  Allocating
 Small   0x000000003d400000 0x000000003d600000 0x000000003d600000  Allocating
 Small   0x000000003d600000 0x000000003d800000 0x000000003d800000  Allocating
 Small   0x000000003d800000 0x000000003da00000 0x000000003da00000  Allocating
 Small   0x000000003da00000 0x000000003dc00000 0x000000003dc00000  Allocating
 Small   0x000000003dc00000 0x000000003de00000 0x000000003de00000  Allocating
 Small   0x000000003de00000 0x000000003e000000 0x000000003e000000  Allocating
 Small   0x000000003e000000 0x000000003e200000 0x000000003e200000  Allocating
 Small   0x000000003e200000 0x000000003e400000 0x000000003e400000  Allocating
 Small   0x000000003e400000 0x000000003e600000 0x000000003e600000  Allocating
 Small   0x000000003e600000 0x000000003e800000 0x000000003e800000  Allocating
 Small   0x000000003e800000 0x000000003ea00000 0x000000003ea00000  Allocating
 Small   0x000000003ea00000 0x000000003ec00000 0x000000003ec00000  Allocating
 Small   0x000000003ec00000 0x000000003ee00000 0x000000003ee00000  Allocating
 Small   0x000000003ee00000 0x000000003f000000 0x000000003f000000  Allocating
 Small   0x000000003f000000 0x000000003f200000 0x000000003f200000  Allocating
 Small   0x000000003f200000 0x000000003f400000 0x000000003f400000  Allocating
 Small   0x000000003f400000 0x000000003f600000 0x000000003f600000  Allocating
 Small   0x000000003f600000 0x000000003f800000 0x000000003f800000  Allocating
 Small   0x000000003f800000 0x000000003fa00000 0x000000003fa00000  Allocating
 Small   0x000000003fa00000 0x000000003fc00000 0x000000003fc00000  Allocating
 Small   0x000000003fc00000 0x000000003fe00000 0x000000003fe00000  Allocating
 Small   0x000000003fe00000 0x0000000040000000 0x0000000040000000  Allocating
 Small   0x0000000040000000 0x0000000040200000 0x0000000040200000  Allocating
 Small   0x0000000040200000 0x0000000040400000 0x0000000040400000  Allocating
 Small   0x0000000040400000 0x0000000040600000 0x0000000040600000  Allocating
 Small   0x0000000040600000 0x0000000040800000 0x0000000040800000  Allocating
 Small   0x0000000040800000 0x0000000040a00000 0x0000000040a00000  Allocating
 Small   0x0000000040a00000 0x0000000040c00000 0x0000000040c00000  Allocating
 Small   0x0000000040c00000 0x0000000040e00000 0x0000000040e00000  Allocating
 Small   0x0000000040e00000 0x0000000041000000 0x0000000041000000  Allocating
 Small   0x0000000041000000 0x0000000041200000 0x0000000041200000  Allocating
 Small   0x0000000041200000 0x0000000041400000 0x0000000041400000  Allocating
 Small   0x0000000041400000 0x0000000041600000 0x0000000041600000  Allocating
 Small   0x0000000041600000 0x0000000041800000 0x0000000041800000  Allocating
 Small   0x0000000041800000 0x0000000041a00000 0x0000000041a00000  Allocating
 Small   0x0000000041a00000 0x0000000041c00000 0x0000000041c00000  Allocating
 Small   0x0000000041c00000 0x0000000041e00000 0x0000000041e00000  Allocating
 Small   0x0000000041e00000 0x0000000042000000 0x0000000042000000  Allocating
 Small   0x0000000042000000 0x0000000042200000 0x0000000042200000  Allocating
 Small   0x0000000042200000 0x0000000042400000 0x0000000042400000  Allocating
 Small   0x0000000042400000 0x0000000042600000 0x0000000042600000  Allocating
 Small   0x0000000042600000 0x0000000042800000 0x0000000042800000  Allocating
 Small   0x0000000042800000 0x0000000042a00000 0x0000000042a00000  Allocating
 Small   0x0000000042a00000 0x0000000042c00000 0x0000000042c00000  Allocating
 Small   0x0000000042c00000 0x0000000042d80000 0x0000000042e00000  Allocating
 Small   0x0000000042e00000 0x0000000042e40000 0x0000000043000000  Allocating
 Small   0x0000000043000000 0x0000000043040000 0x0000000043200000  Allocating
 Small   0x0000000043200000 0x0000000043400000 0x0000000043400000  Allocating
 Small   0x0000000043400000 0x0000000043600000 0x0000000043600000  Allocating
 Small   0x0000000043600000 0x0000000043800000 0x0000000043800000  Allocating
 Small   0x0000000043800000 0x0000000043a00000 0x0000000043a00000  Allocating
 Small   0x0000000043a00000 0x0000000043c00000 0x0000000043c00000  Allocating
 Small   0x0000000043c00000 0x0000000043e00000 0x0000000043e00000  Allocating
 Small   0x0000000043e00000 0x0000000044000000 0x0000000044000000  Allocating
 Small   0x0000000044000000 0x0000000044200000 0x0000000044200000  Allocating
 Small   0x0000000044200000 0x0000000044400000 0x0000000044400000  Allocating
 Small   0x0000000044400000 0x0000000044600000 0x0000000044600000  Allocating
 Small   0x0000000044600000 0x0000000044800000 0x0000000044800000  Allocating
 Small   0x0000000044800000 0x0000000044a00000 0x0000000044a00000  Allocating
 Small   0x0000000044a00000 0x0000000044c00000 0x0000000044c00000  Allocating
 Small   0x0000000044c00000 0x0000000044e00000 0x0000000044e00000  Allocating
 Small   0x0000000044e00000 0x0000000044e40000 0x0000000045000000  Allocating
 Small   0x0000000045000000 0x0000000045200000 0x0000000045200000  Allocating
 Small   0x0000000045200000 0x0000000045400000 0x0000000045400000  Allocating
 Small   0x0000000045400000 0x0000000045600000 0x0000000045600000  Allocating
 Small   0x0000000045600000 0x0000000045800000 0x0000000045800000  Allocating
 Small   0x0000000045800000 0x0000000045a00000 0x0000000045a00000  Allocating
 Small   0x0000000045a00000 0x0000000045c00000 0x0000000045c00000  Allocating
 Small   0x0000000045c00000 0x0000000045e00000 0x0000000045e00000  Allocating
 Small   0x0000000045e00000 0x0000000046000000 0x0000000046000000  Allocating
 Small   0x0000000046000000 0x0000000046200000 0x0000000046200000  Allocating
 Small   0x0000000046200000 0x0000000046400000 0x0000000046400000  Allocating
 Small   0x0000000046400000 0x0000000046600000 0x0000000046600000  Allocating
 Small   0x0000000046600000 0x0000000046800000 0x0000000046800000  Allocating
 Small   0x0000000046800000 0x0000000046a00000 0x0000000046a00000  Allocating
 Small   0x0000000046a00000 0x0000000046c00000 0x0000000046c00000  Allocating
 Small   0x0000000046c00000 0x0000000046e00000 0x0000000046e00000  Allocating
 Small   0x0000000046e00000 0x0000000047000000 0x0000000047000000  Allocating
 Small   0x0000000047000000 0x0000000047200000 0x0000000047200000  Allocating
 Small   0x0000000047200000 0x0000000047400000 0x0000000047400000  Allocating
 Small   0x0000000047400000 0x0000000047600000 0x0000000047600000  Allocating
 Small   0x0000000047600000 0x0000000047800000 0x0000000047800000  Allocating
 Small   0x0000000047800000 0x0000000047a00000 0x0000000047a00000  Allocating
 Small   0x0000000047a00000 0x0000000047c00000 0x0000000047c00000  Allocating
 Small   0x0000000047c00000 0x0000000047e00000 0x0000000047e00000  Allocating
 Small   0x0000000047e00000 0x0000000048000000 0x0000000048000000  Allocating
 Small   0x0000000048000000 0x0000000048200000 0x0000000048200000  Allocating
 Small   0x0000000048200000 0x0000000048400000 0x0000000048400000  Allocating
 Small   0x0000000048400000 0x0000000048600000 0x0000000048600000  Allocating
 Small   0x0000000048600000 0x0000000048800000 0x0000000048800000  Allocating
 Small   0x0000000048800000 0x0000000048a00000 0x0000000048a00000  Allocating
 Small   0x0000000048a00000 0x0000000048c00000 0x0000000048c00000  Allocating
 Small   0x0000000048c00000 0x0000000048e00000 0x0000000048e00000  Allocating
 Small   0x0000000048e00000 0x0000000049000000 0x0000000049000000  Allocating
 Small   0x0000000049000000 0x0000000049200000 0x0000000049200000  Allocating
 Small   0x0000000049200000 0x0000000049400000 0x0000000049400000  Allocating
 Small   0x0000000049400000 0x0000000049600000 0x0000000049600000  Allocating
 Small   0x0000000049600000 0x0000000049800000 0x0000000049800000  Allocating
 Small   0x0000000049800000 0x0000000049a00000 0x0000000049a00000  Allocating
 Small   0x0000000049a00000 0x0000000049c00000 0x0000000049c00000  Allocating
 Small   0x0000000049c00000 0x0000000049e00000 0x0000000049e00000  Allocating
 Small   0x0000000049e00000 0x000000004a000000 0x000000004a000000  Allocating
 Small   0x000000004a000000 0x000000004a200000 0x000000004a200000  Allocating
 Small   0x000000004a200000 0x000000004a400000 0x000000004a400000  Allocating
 Small   0x000000004a400000 0x000000004a600000 0x000000004a600000  Allocating
 Small   0x000000004a600000 0x000000004a800000 0x000000004a800000  Allocating
 Small   0x000000004a800000 0x000000004aa00000 0x000000004aa00000  Allocating
 Small   0x000000004aa00000 0x000000004ac00000 0x000000004ac00000  Allocating
 Small   0x000000004ac00000 0x000000004ae00000 0x000000004ae00000  Allocating
 Small   0x000000004ae00000 0x000000004b000000 0x000000004b000000  Allocating
 Small   0x000000004b000000 0x000000004b200000 0x000000004b200000  Allocating
 Small   0x000000004b200000 0x000000004b400000 0x000000004b400000  Allocating
 Small   0x000000004b400000 0x000000004b600000 0x000000004b600000  Allocating
 Small   0x000000004b600000 0x000000004b800000 0x000000004b800000  Allocating
 Small   0x000000004b800000 0x000000004ba00000 0x000000004ba00000  Allocating
 Small   0x000000004ba00000 0x000000004bc00000 0x000000004bc00000  Allocating
 Small   0x000000004bc00000 0x000000004be00000 0x000000004be00000  Allocating
 Small   0x000000004be00000 0x000000004c000000 0x000000004c000000  Allocating
 Small   0x000000004c000000 0x000000004c200000 0x000000004c200000  Allocating
 Small   0x000000004c200000 0x000000004c400000 0x000000004c400000  Allocating
 Small   0x000000004c400000 0x000000004c600000 0x000000004c600000  Allocating
 Small   0x000000004c600000 0x000000004c800000 0x000000004c800000  Allocating
 Small   0x000000004c800000 0x000000004ca00000 0x000000004ca00000  Allocating
 Small   0x000000004ca00000 0x000000004cc00000 0x000000004cc00000  Allocating
 Small   0x000000004cc00000 0x000000004ce00000 0x000000004ce00000  Allocating
 Small   0x000000004ce00000 0x000000004d000000 0x000000004d000000  Allocating
 Small   0x000000004d000000 0x000000004d200000 0x000000004d200000  Allocating
 Small   0x000000004d200000 0x000000004d400000 0x000000004d400000  Allocating
 Small   0x000000004d400000 0x000000004d600000 0x000000004d600000  Allocating
 Small   0x000000004d600000 0x000000004d800000 0x000000004d800000  Allocating
 Small   0x000000004d800000 0x000000004da00000 0x000000004da00000  Allocating
 Small   0x000000004da00000 0x000000004dc00000 0x000000004dc00000  Allocating
 Small   0x000000004dc00000 0x000000004de00000 0x000000004de00000  Allocating
 Small   0x000000004de00000 0x000000004e000000 0x000000004e000000  Allocating
 Small   0x000000004e000000 0x000000004e200000 0x000000004e200000  Allocating
 Small   0x000000004e200000 0x000000004e400000 0x000000004e400000  Allocating
 Small   0x000000004e400000 0x000000004e600000 0x000000004e600000  Allocating
 Small   0x000000004e600000 0x000000004e800000 0x000000004e800000  Allocating
 Small   0x000000004e800000 0x000000004ea00000 0x000000004ea00000  Allocating
 Small   0x000000004ea00000 0x000000004ec00000 0x000000004ec00000  Allocating
 Small   0x000000004ec00000 0x000000004ee00000 0x000000004ee00000  Allocating
 Small   0x000000004ee00000 0x000000004f000000 0x000000004f000000  Allocating
 Small   0x000000004f000000 0x000000004f200000 0x000000004f200000  Allocating
 Small   0x000000004f200000 0x000000004f400000 0x000000004f400000  Allocating
 Small   0x000000004f400000 0x000000004f600000 0x000000004f600000  Allocating
 Small   0x000000004f600000 0x000000004f800000 0x000000004f800000  Allocating
 Small   0x000000004f800000 0x000000004fa00000 0x000000004fa00000  Allocating
 Small   0x000000004fa00000 0x000000004fc00000 0x000000004fc00000  Allocating
 Small   0x000000004fc00000 0x000000004fe00000 0x000000004fe00000  Allocating
 Small   0x000000004fe00000 0x0000000050000000 0x0000000050000000  Allocating
 Small   0x0000000050000000 0x0000000050200000 0x0000000050200000  Allocating
 Small   0x0000000050200000 0x0000000050400000 0x0000000050400000  Allocating
 Small   0x0000000050400000 0x0000000050600000 0x0000000050600000  Allocating
 Small   0x0000000050600000 0x0000000050800000 0x0000000050800000  Allocating
 Small   0x0000000050800000 0x0000000050a00000 0x0000000050a00000  Allocating
 Small   0x0000000050a00000 0x0000000050c00000 0x0000000050c00000  Allocating
 Small   0x0000000050c00000 0x0000000050e00000 0x0000000050e00000  Allocating
 Small   0x0000000050e00000 0x0000000051000000 0x0000000051000000  Allocating
 Small   0x0000000051000000 0x0000000051200000 0x0000000051200000  Allocating
 Small   0x0000000051200000 0x0000000051400000 0x0000000051400000  Allocating
 Small   0x0000000051400000 0x0000000051600000 0x0000000051600000  Allocating
 Small   0x0000000051600000 0x0000000051800000 0x0000000051800000  Allocating
 Small   0x0000000051800000 0x0000000051a00000 0x0000000051a00000  Allocating
 Small   0x0000000051a00000 0x0000000051c00000 0x0000000051c00000  Allocating
 Small   0x0000000051c00000 0x0000000051e00000 0x0000000051e00000  Allocating
 Small   0x0000000051e00000 0x0000000052000000 0x0000000052000000  Allocating
 Small   0x0000000052000000 0x0000000052200000 0x0000000052200000  Allocating
 Small   0x0000000052200000 0x0000000052400000 0x0000000052400000  Allocating
 Small   0x0000000052400000 0x0000000052600000 0x0000000052600000  Allocating
 Small   0x0000000052600000 0x0000000052800000 0x0000000052800000  Allocating
 Small   0x0000000052800000 0x0000000052a00000 0x0000000052a00000  Allocating
 Small   0x0000000052a00000 0x0000000052ac0000 0x0000000052c00000  Allocating

ZBarrierSet

Polling page: 0x0000023b15fe0000

Metaspace:

Usage:
  Non-class:     68.34 MB used.
      Class:      8.36 MB used.
       Both:     76.70 MB used.

Virtual space:
  Non-class space:      128.00 MB reserved,      69.06 MB ( 54%) committed,  2 nodes.
      Class space:      416.00 MB reserved,       9.06 MB (  2%) committed,  1 nodes.
             Both:      544.00 MB reserved,      78.12 MB ( 14%) committed. 

Chunk freelists:
   Non-Class:  10.08 MB
       Class:  6.96 MB
        Both:  17.04 MB

MaxMetaspaceSize: 512.00 MB
CompressedClassSpaceSize: 416.00 MB
Initial GC threshold: 21.00 MB
Current GC threshold: 129.00 MB
CDS: on
MetaspaceReclaimPolicy: balanced
 - commit_granule_bytes: 65536.
 - commit_granule_words: 8192.
 - virtual_space_node_default_size: 8388608.
 - enlarge_chunks_in_place: 1.
 - new_chunks_are_fully_committed: 0.
 - uncommit_free_chunks: 1.
 - use_allocation_guard: 0.
 - handle_deallocations: 1.


Internal statistics:

num_allocs_failed_limit: 4.
num_arena_births: 2466.
num_arena_deaths: 16.
num_vsnodes_births: 3.
num_vsnodes_deaths: 0.
num_space_committed: 1247.
num_space_uncommitted: 0.
num_chunks_returned_to_freelist: 28.
num_chunks_taken_from_freelist: 5459.
num_chunk_merges: 9.
num_chunk_splits: 3646.
num_chunks_enlarged: 2303.
num_inconsistent_stats: 0.

CodeHeap 'non-profiled nmethods': size=119168Kb used=12141Kb max_used=12141Kb free=107026Kb
 bounds [0x0000023b28530000, 0x0000023b29110000, 0x0000023b2f990000]
CodeHeap 'profiled nmethods': size=119104Kb used=25915Kb max_used=26064Kb free=93188Kb
 bounds [0x0000023b20990000, 0x0000023b22320000, 0x0000023b27de0000]
CodeHeap 'non-nmethods': size=7488Kb used=3230Kb max_used=5083Kb free=4257Kb
 bounds [0x0000023b27de0000, 0x0000023b28300000, 0x0000023b28530000]
 total_blobs=15315 nmethods=13234 adapters=1990
 compilation: enabled
              stopped_count=0, restarted_count=0
 full_count=0

Compilation events (20 events):
Event: 69.480 Thread 0x0000023d31d11970 16193       3       com.jme3.renderer.opengl.GLRenderer::applyRenderState (1471 bytes)
Event: 69.480 Thread 0x0000023d31d0c120 nmethod 16192 0x0000023b28af5990 code [0x0000023b28af5b00, 0x0000023b28af5b98]
Event: 69.481 Thread 0x0000023d31d0c120 16197       4       com.jme3.math.ColorRGBA::equals (87 bytes)
Event: 69.483 Thread 0x0000023d31d0c120 nmethod 16197 0x0000023b2862b290 code [0x0000023b2862b420, 0x0000023b2862b758]
Event: 69.483 Thread 0x0000023d31d0c120 16198       4       java.util.concurrent.locks.ReentrantLock$Sync::isHeldExclusively (16 bytes)
Event: 69.483 Thread 0x0000023d31d0c120 nmethod 16198 0x0000023b2862af10 code [0x0000023b2862b080, 0x0000023b2862b1b8]
Event: 69.484 Thread 0x0000023d31d11970 nmethod 16193 0x0000023b21e3e810 code [0x0000023b21e3f280, 0x0000023b21e455b8]
Event: 69.484 Thread 0x0000023d31d11970 16196       3       com.jme3.material.Material::updateRenderState (121 bytes)
Event: 69.484 Thread 0x0000023d31d11970 nmethod 16196 0x0000023b221f5790 code [0x0000023b221f5a00, 0x0000023b221f6428]
Event: 69.484 Thread 0x0000023d31d11970 16194       1       com.jme3.material.TechniqueDef::getRenderState (5 bytes)
Event: 69.484 Thread 0x0000023d31d11970 nmethod 16194 0x0000023b2910ad90 code [0x0000023b2910af20, 0x0000023b2910b018]
Event: 69.490 Thread 0x0000023d31d0c120 16199       4       com.oracle.truffle.host.HostFunctionGen$InteropLibraryExports$Cached::isExecutable (53 bytes)
Event: 69.490 Thread 0x0000023d31d0c120 nmethod 16199 0x0000023b2910b090 code [0x0000023b2910b220, 0x0000023b2910b2d8]
Event: 69.536 Thread 0x0000023d31d11970 16201       3       com.jme3.renderer.queue.TransparentComparator::distanceToCam (15 bytes)
Event: 69.536 Thread 0x0000023d31d11970 nmethod 16201 0x0000023b22141210 code [0x0000023b221413e0, 0x0000023b221417b8]
Event: 69.536 Thread 0x0000023d31d11970 16202       3       com.jme3.bounding.BoundingBox::distanceToEdge (293 bytes)
Event: 69.537 Thread 0x0000023d31d11970 nmethod 16202 0x0000023b21e3dd90 code [0x0000023b21e3dfe0, 0x0000023b21e3e648]
Event: 69.537 Thread 0x0000023d31d11970 16200       1       com.jme3.renderer.queue.TransparentComparator::setCamera (6 bytes)
Event: 69.537 Thread 0x0000023d31d11970 nmethod 16200 0x0000023b2910b390 code [0x0000023b2910b520, 0x0000023b2910b5f8]
Event: 69.580 Thread 0x0000023d31d0c120 16203   !   4       com.jme3.app.AppTask::invoke (130 bytes)

GC Heap History (8 events):
Event: 2.454 GC heap before
{Heap before GC invocations=0 (full 0):
 ZHeap           used 124M, capacity 8192M, max capacity 8192M
 Metaspace       used 21290K, committed 21568K, reserved 491520K
  class space    used 2506K, committed 2624K, reserved 425984K
}
Event: 2.473 GC heap after
{Heap after GC invocations=1 (full 1):
 ZHeap           used 64M, capacity 8192M, max capacity 8192M
 Metaspace       used 21454K, committed 21760K, reserved 491520K
  class space    used 2526K, committed 2624K, reserved 425984K
}
Event: 13.961 GC heap before
{Heap before GC invocations=1 (full 1):
 ZHeap           used 250M, capacity 8192M, max capacity 8192M
 Metaspace       used 35820K, committed 36224K, reserved 491520K
  class space    used 4037K, committed 4224K, reserved 425984K
}
Event: 13.996 GC heap after
{Heap after GC invocations=2 (full 2):
 ZHeap           used 84M, capacity 8192M, max capacity 8192M
 Metaspace       used 36186K, committed 36480K, reserved 491520K
  class space    used 4080K, committed 4224K, reserved 425984K
}
Event: 15.896 GC heap before
{Heap before GC invocations=2 (full 2):
 ZHeap           used 328M, capacity 8192M, max capacity 8192M
 Metaspace       used 59841K, committed 60864K, reserved 491520K
  class space    used 6705K, committed 7168K, reserved 425984K
}
Event: 15.937 GC heap after
{Heap after GC invocations=3 (full 3):
 ZHeap           used 92M, capacity 8192M, max capacity 8192M
 Metaspace       used 60406K, committed 61440K, reserved 491520K
  class space    used 6793K, committed 7296K, reserved 425984K
}
Event: 48.092 GC heap before
{Heap before GC invocations=3 (full 3):
 ZHeap           used 826M, capacity 8192M, max capacity 8192M
 Metaspace       used 77764K, committed 79232K, reserved 557056K
  class space    used 8539K, committed 9280K, reserved 425984K
}
Event: 48.158 GC heap after
{Heap after GC invocations=4 (full 4):
 ZHeap           used 110M, capacity 8192M, max capacity 8192M
 Metaspace       used 77750K, committed 79232K, reserved 557056K
  class space    used 8535K, committed 9280K, reserved 425984K
}

Dll operation events (19 events):
Event: 0.004 Loaded shared library C:\Users\Aiden\.jdks\liberica-full-17.0.15\bin\java.dll
Event: 0.005 Loaded shared library KernelBase
Event: 0.283 Loaded shared library C:\Users\Aiden\.jdks\liberica-full-17.0.15\bin\jsvml.dll
Event: 0.341 Loaded shared library C:\Users\Aiden\.jdks\liberica-full-17.0.15\bin\net.dll
Event: 0.342 Loaded shared library C:\Users\Aiden\.jdks\liberica-full-17.0.15\bin\nio.dll
Event: 0.344 Loaded shared library C:\Users\Aiden\.jdks\liberica-full-17.0.15\bin\zip.dll
Event: 0.394 Loaded shared library C:\Users\Aiden\.jdks\liberica-full-17.0.15\bin\jimage.dll
Event: 0.425 Loaded shared library C:\Users\Aiden\.jdks\liberica-full-17.0.15\bin\awt.dll
Event: 0.501 Loaded shared library C:\Temp\flatlaf.temp\flatlaf-windows-x86_64-6420917919147000.dll
Event: 0.567 Loaded shared library C:\Users\Aiden\.jdks\liberica-full-17.0.15\bin\freetype.dll
Event: 0.567 Loaded shared library C:\Users\Aiden\.jdks\liberica-full-17.0.15\bin\fontmanager.dll
Event: 0.804 Loaded shared library C:\Users\Aiden\.jdks\liberica-full-17.0.15\bin\management.dll
Event: 0.805 Loaded shared library C:\Users\Aiden\.jdks\liberica-full-17.0.15\bin\management_ext.dll
Event: 1.289 Loaded shared library C:\Users\Aiden\.jdks\liberica-full-17.0.15\bin\prefs.dll
Event: 2.375 Loaded shared library C:\Temp\jme3\natives_37bf421a\bulletjme-x86_64.dll
Event: 2.420 Loaded shared library C:\Temp\lwjgl_Aiden\3.3.6+1\x64\lwjgl.dll
Event: 2.733 Loaded shared library C:\Temp\lwjgl_Aiden\3.3.6+1\x64\lwjgl_opengl.dll
Event: 13.663 Loaded shared library C:\Users\Aiden\.jdks\liberica-full-17.0.15\bin\verify.dll
Event: 15.212 Loaded shared library C:\Users\Aiden\AppData\Local\org.graalvm.polyglot\engine\libtruffleattach\810a240bbc3a1bbc2f2d6b047402fd92c9d11c20369f3ffb7a7c7cdfbb2c7ff3\bin\truffleattach.dll

Deoptimization events (20 events):
Event: 69.444 Thread 0x0000023d56a724a0 Uncommon trap: trap_request=0xffffff45 fr.pc=0x0000023b28d44978 relative=0x00000000000002f8
Event: 69.444 Thread 0x0000023d56a724a0 Uncommon trap: reason=unstable_if action=reinterpret pc=0x0000023b28d44978 method=com.jme3.material.Material.updateRenderState(Lcom/jme3/scene/Geometry;Lcom/jme3/renderer/RenderManager;Lcom/jme3/renderer/Renderer;Lcom/jme3/material/TechniqueDef;)V @ 28 c2
Event: 69.444 Thread 0x0000023d56a724a0 DEOPT PACKING pc=0x0000023b28d44978 sp=0x000000c53420e8e0
Event: 69.444 Thread 0x0000023d56a724a0 DEOPT UNPACKING pc=0x0000023b27e368a3 sp=0x000000c53420e898 mode 2
Event: 69.445 Thread 0x0000023d56a724a0 Uncommon trap: trap_request=0xffffff45 fr.pc=0x0000023b28c37880 relative=0x0000000000000780
Event: 69.445 Thread 0x0000023d56a724a0 Uncommon trap: reason=unstable_if action=reinterpret pc=0x0000023b28c37880 method=com.jme3.material.Material.getSortId()I @ 112 c2
Event: 69.445 Thread 0x0000023d56a724a0 DEOPT PACKING pc=0x0000023b28c37880 sp=0x000000c53420ea60
Event: 69.445 Thread 0x0000023d56a724a0 DEOPT UNPACKING pc=0x0000023b27e368a3 sp=0x000000c53420e8f8 mode 2
Event: 69.445 Thread 0x0000023d56a724a0 Uncommon trap: trap_request=0xffffff45 fr.pc=0x0000023b28c3b724 relative=0x0000000000000744
Event: 69.445 Thread 0x0000023d56a724a0 Uncommon trap: reason=unstable_if action=reinterpret pc=0x0000023b28c3b724 method=com.jme3.material.Material.getSortId()I @ 112 c2
Event: 69.445 Thread 0x0000023d56a724a0 DEOPT PACKING pc=0x0000023b28c3b724 sp=0x000000c53420e930
Event: 69.445 Thread 0x0000023d56a724a0 DEOPT UNPACKING pc=0x0000023b27e368a3 sp=0x000000c53420e850 mode 2
Event: 69.445 Thread 0x0000023d56a724a0 Uncommon trap: trap_request=0xffffff45 fr.pc=0x0000023b28d62fac relative=0x0000000000000a2c
Event: 69.445 Thread 0x0000023d56a724a0 Uncommon trap: reason=unstable_if action=reinterpret pc=0x0000023b28d62fac method=com.jme3.renderer.opengl.GLRenderer.applyRenderState(Lcom/jme3/material/RenderState;)V @ 459 c2
Event: 69.445 Thread 0x0000023d56a724a0 DEOPT PACKING pc=0x0000023b28d62fac sp=0x000000c53420e8e0
Event: 69.445 Thread 0x0000023d56a724a0 DEOPT UNPACKING pc=0x0000023b27e368a3 sp=0x000000c53420e890 mode 2
Event: 69.473 Thread 0x0000023d56a724a0 DEOPT PACKING pc=0x0000023b21f62d58 sp=0x000000c53420ebc0
Event: 69.473 Thread 0x0000023d56a724a0 DEOPT UNPACKING pc=0x0000023b27e37043 sp=0x000000c53420e118 mode 0
Event: 69.475 Thread 0x0000023d56a724a0 DEOPT PACKING pc=0x0000023b21f62f8a sp=0x000000c53420ebc0
Event: 69.475 Thread 0x0000023d56a724a0 DEOPT UNPACKING pc=0x0000023b27e37043 sp=0x000000c53420e118 mode 0

Classes loaded (20 events):
Event: 16.810 Loading class sun/nio/fs/WindowsWatchService$FileKey
Event: 16.810 Loading class sun/nio/fs/WindowsWatchService$FileKey done
Event: 16.811 Loading class sun/nio/fs/WindowsWatchService$WindowsWatchKey
Event: 16.811 Loading class sun/nio/fs/WindowsWatchService$WindowsWatchKey done
Event: 16.811 Loading class sun/nio/fs/WindowsPath$WindowsPathWithAttributes
Event: 16.811 Loading class sun/nio/fs/WindowsPath$WindowsPathWithAttributes done
Event: 16.945 Loading class jdk/internal/reflect/UnsafeFloatFieldAccessorImpl
Event: 16.945 Loading class jdk/internal/reflect/UnsafeFloatFieldAccessorImpl done
Event: 41.525 Loading class java/util/IdentityHashMap$EntrySet
Event: 41.525 Loading class java/util/IdentityHashMap$EntrySet done
Event: 41.525 Loading class java/util/IdentityHashMap$EntryIterator
Event: 41.525 Loading class java/util/IdentityHashMap$EntryIterator done
Event: 42.221 Loading class java/util/concurrent/Executors$FinalizableDelegatedExecutorService
Event: 42.221 Loading class java/util/concurrent/Executors$DelegatedExecutorService
Event: 42.221 Loading class java/util/concurrent/Executors$DelegatedExecutorService done
Event: 42.221 Loading class java/util/concurrent/Executors$FinalizableDelegatedExecutorService done
Event: 62.069 Loading class java/util/DualPivotQuicksort$Sorter
Event: 62.069 Loading class java/util/DualPivotQuicksort$Sorter done
Event: 66.076 Loading class java/util/concurrent/LinkedBlockingDeque$Node
Event: 66.076 Loading class java/util/concurrent/LinkedBlockingDeque$Node done

Classes unloaded (8 events):
Event: 48.132 Thread 0x0000023b1634f550 Unloading class 0x0000023d33860400 'java/lang/invoke/LambdaForm$MH+0x0000023d33860400'
Event: 48.132 Thread 0x0000023b1634f550 Unloading class 0x0000023d33860000 'java/lang/invoke/LambdaForm$MH+0x0000023d33860000'
Event: 48.132 Thread 0x0000023b1634f550 Unloading class 0x0000023d3385bc00 'java/lang/invoke/LambdaForm$DMH+0x0000023d3385bc00'
Event: 48.132 Thread 0x0000023b1634f550 Unloading class 0x0000023d3385b400 'java/lang/invoke/LambdaForm$DMH+0x0000023d3385b400'
Event: 48.132 Thread 0x0000023b1634f550 Unloading class 0x0000023d3385b000 'java/lang/invoke/LambdaForm$DMH+0x0000023d3385b000'
Event: 48.132 Thread 0x0000023b1634f550 Unloading class 0x0000023d3385a800 'java/lang/invoke/LambdaForm$DMH+0x0000023d3385a800'
Event: 48.132 Thread 0x0000023b1634f550 Unloading class 0x0000023d3385a000 'java/lang/invoke/LambdaForm$DMH+0x0000023d3385a000'
Event: 48.132 Thread 0x0000023b1634f550 Unloading class 0x0000023d33859c00 'java/lang/invoke/LambdaForm$DMH+0x0000023d33859c00'

Classes redefined (0 events):
No events

Internal exceptions (20 events):
Event: 42.395 Thread 0x0000023d56a724a0 Exception <a 'java/lang/NoSuchMethodError'{0x000010000e14aa98}: 'void java.lang.invoke.DelegatingMethodHandle$Holder.reinvoke_L(java.lang.Object, java.lang.Object, double, double, double)'> (0x000010000e14aa98) 
thrown [s\src\hotspot\share\interpreter\linkResolver.cpp, line 759]
Event: 42.396 Thread 0x0000023d56a724a0 Exception <a 'java/lang/NoSuchMethodError'{0x000010000e1675c0}: 'java.lang.Object java.lang.invoke.DirectMethodHandle$Holder.newInvokeSpecial(java.lang.Object, java.lang.Object, double, double, double)'> (0x000010000e1675c0) 
thrown [s\src\hotspot\share\interpreter\linkResolver.cpp, line 759]
Event: 43.216 Thread 0x0000023d56a724a0 Implicit null exception at 0x0000023b28d64ef5 to 0x0000023b28d65014
Event: 43.443 Thread 0x0000023d56a724a0 Implicit null exception at 0x0000023b28dfbd33 to 0x0000023b28e01e24
Event: 43.459 Thread 0x0000023d56a724a0 Implicit null exception at 0x0000023b28e16659 to 0x0000023b28e1da34
Event: 43.733 Thread 0x0000023d56a724a0 Exception <a 'java/lang/NoSuchMethodError'{0x000010001d7c8100}: 'java.lang.Object java.lang.invoke.DirectMethodHandle$Holder.invokeSpecial(java.lang.Object, java.lang.Object, long, java.lang.Object, java.lang.Object, java.lang.Object, java.lang.Object, java.lang.Object, long)'> (0x000010001d7c8100) 
thrown [s\src\hotspot\share\interpreter\linkResolver.cpp, line 759]
Event: 43.733 Thread 0x0000023d56a724a0 Exception <a 'java/lang/NoSuchMethodError'{0x000010001d7cd7a8}: 'java.lang.Object java.lang.invoke.DelegatingMethodHandle$Holder.reinvoke_L(java.lang.Object, long, java.lang.Object, java.lang.Object, java.lang.Object, java.lang.Object, java.lang.Object, long)'> (0x000010001d7cd7a8) 
thrown [s\src\hotspot\share\interpreter\linkResolver.cpp, line 759]
Event: 43.733 Thread 0x0000023d56a724a0 Exception <a 'java/lang/NoSuchMethodError'{0x000010001d7dd770}: 'java.lang.Object java.lang.invoke.DirectMethodHandle$Holder.invokeSpecial(java.lang.Object, java.lang.Object, java.lang.Object, java.lang.Object, java.lang.Object, java.lang.Object, java.lang.Object, long)'> (0x000010001d7dd770) 
thrown [s\src\hotspot\share\interpreter\linkResolver.cpp, line 759]
Event: 66.119 Thread 0x0000023d56a724a0 Exception <a 'sun/nio/fs/WindowsException'{0x0000100042d01cf8}> (0x0000100042d01cf8) 
thrown [s\src\hotspot\share\prims\jni.cpp, line 516]
Event: 66.120 Thread 0x0000023d56a724a0 Exception <a 'java/lang/NoSuchMethodError'{0x0000100042d12358}: 'java.lang.Object java.lang.invoke.DirectMethodHandle$Holder.newInvokeSpecial(java.lang.Object, java.lang.Object, java.lang.Object, java.lang.Object, java.lang.Object, java.lang.Object, java.lang.Object, java.lang.Object)'> (0x0000100042d12358) 
thrown [s\src\hotspot\share\interpreter\linkResolver.cpp, line 759]
Event: 66.120 Thread 0x0000023d56a724a0 Exception <a 'java/lang/NoSuchMethodError'{0x0000100042d17d88}: 'java.lang.Object java.lang.invoke.Invokers$Holder.linkToTargetMethod(java.lang.Object, java.lang.Object, java.lang.Object, java.lang.Object, java.lang.Object, java.lang.Object, java.lang.Object, java.lang.Object)'> (0x0000100042d17d88) 
thrown [s\src\hotspot\share\interpreter\linkResolver.cpp, line 759]
Event: 66.126 Thread 0x0000023d56a724a0 Implicit null exception at 0x0000023b28fae4dc to 0x0000023b28fae8b0
Event: 66.273 Thread 0x0000023d56a724a0 Implicit null exception at 0x0000023b28c4ca9f to 0x0000023b28c528d4
Event: 66.273 Thread 0x0000023d56a724a0 Implicit null exception at 0x0000023b2862b17c to 0x0000023b2862b498
Event: 66.379 Thread 0x0000023d56a724a0 Exception <a 'java/lang/NoSuchMethodError'{0x0000100043d887f0}: 'long java.lang.invoke.DirectMethodHandle$Holder.invokeStatic(java.lang.Object, int)'> (0x0000100043d887f0) 
thrown [s\src\hotspot\share\interpreter\linkResolver.cpp, line 759]
Event: 66.379 Thread 0x0000023d56a724a0 Exception <a 'java/lang/NoSuchMethodError'{0x0000100043d931e0}: 'void java.lang.invoke.DelegatingMethodHandle$Holder.reinvoke_L(java.lang.Object, java.lang.Object, java.lang.Object, long)'> (0x0000100043d931e0) 
thrown [s\src\hotspot\share\interpreter\linkResolver.cpp, line 759]
Event: 66.401 Thread 0x0000023d56a724a0 Exception <a 'java/lang/NoSuchMethodError'{0x0000100043e80868}: 'java.lang.Object java.lang.invoke.DirectMethodHandle$Holder.newInvokeSpecial(java.lang.Object, java.lang.Object, java.lang.Object, java.lang.Object, java.lang.Object, java.lang.Object, java.lang.Object)'> (0x0000100043e80868) 
thrown [s\src\hotspot\share\interpreter\linkResolver.cpp, line 759]
Event: 66.401 Thread 0x0000023d56a724a0 Exception <a 'java/lang/NoSuchMethodError'{0x0000100043e87140}: 'java.lang.Object java.lang.invoke.Invokers$Holder.linkToTargetMethod(java.lang.Object, java.lang.Object, java.lang.Object, java.lang.Object, java.lang.Object, java.lang.Object, java.lang.Object)'> (0x0000100043e87140) 
thrown [s\src\hotspot\share\interpreter\linkResolver.cpp, line 759]
Event: 69.391 Thread 0x0000023d56a724a0 Implicit null exception at 0x0000023b28d87762 to 0x0000023b28d87bf4
Event: 69.391 Thread 0x0000023d56a724a0 Implicit null exception at 0x0000023b28eb0a63 to 0x0000023b28eb0d10

VM Operations (20 events):
Event: 62.245 Executing VM operation: Cleanup
Event: 62.245 Executing VM operation: Cleanup done
Event: 65.247 Executing VM operation: Cleanup
Event: 65.247 Executing VM operation: Cleanup done
Event: 66.247 Executing VM operation: Cleanup
Event: 66.247 Executing VM operation: Cleanup done
Event: 66.273 Executing VM operation: HandshakeAllThreads
Event: 66.273 Executing VM operation: HandshakeAllThreads done
Event: 66.313 Executing VM operation: HandshakeAllThreads
Event: 66.313 Executing VM operation: HandshakeAllThreads done
Event: 66.330 Executing VM operation: HandshakeAllThreads
Event: 66.330 Executing VM operation: HandshakeAllThreads done
Event: 66.413 Executing VM operation: ICBufferFull
Event: 66.413 Executing VM operation: ICBufferFull done
Event: 67.600 Executing VM operation: ICBufferFull
Event: 67.600 Executing VM operation: ICBufferFull done
Event: 68.600 Executing VM operation: Cleanup
Event: 68.600 Executing VM operation: Cleanup done
Event: 69.445 Executing VM operation: HandshakeAllThreads
Event: 69.445 Executing VM operation: HandshakeAllThreads done

Memory protections (0 events):
No events

Nmethod flushes (20 events):
Event: 66.345 Thread 0x0000023d31d1a290 flushing  nmethod 0x0000023b221f5790
Event: 66.345 Thread 0x0000023d31d1a290 flushing  nmethod 0x0000023b221f5c10
Event: 66.345 Thread 0x0000023d31d1a290 flushing  nmethod 0x0000023b221f6c90
Event: 66.345 Thread 0x0000023d31d1a290 flushing  nmethod 0x0000023b221fb010
Event: 66.345 Thread 0x0000023d31d1a290 flushing  nmethod 0x0000023b221fd490
Event: 66.345 Thread 0x0000023d31d1a290 flushing  nmethod 0x0000023b221fe590
Event: 66.345 Thread 0x0000023d31d1a290 flushing  nmethod 0x0000023b22201c90
Event: 66.345 Thread 0x0000023d31d1a290 flushing  nmethod 0x0000023b22203310
Event: 66.345 Thread 0x0000023d31d1a290 flushing  nmethod 0x0000023b22203990
Event: 66.345 Thread 0x0000023d31d1a290 flushing  nmethod 0x0000023b22206410
Event: 66.345 Thread 0x0000023d31d1a290 flushing  nmethod 0x0000023b22208110
Event: 66.345 Thread 0x0000023d31d1a290 flushing  nmethod 0x0000023b2220ed90
Event: 66.345 Thread 0x0000023d31d1a290 flushing  nmethod 0x0000023b22213690
Event: 66.346 Thread 0x0000023d31d1a290 flushing  nmethod 0x0000023b222a5090
Event: 66.346 Thread 0x0000023d31d1a290 flushing  nmethod 0x0000023b222a5590
Event: 66.346 Thread 0x0000023d31d1a290 flushing  nmethod 0x0000023b222a5990
Event: 69.445 Thread 0x0000023d31d1a290 flushing  nmethod 0x0000023b2862af10
Event: 69.448 Thread 0x0000023d31d1a290 flushing osr nmethod 0x0000023b28af5510
Event: 69.457 Thread 0x0000023d31d1a290 flushing  nmethod 0x0000023b217df790
Event: 69.460 Thread 0x0000023d31d1a290 flushing  nmethod 0x0000023b21e3d510

Events (20 events):
Event: 65.870 Thread 0x0000023d649e5240 Thread exited: 0x0000023d649e5240
Event: 65.870 Thread 0x0000023d649e7cc0 Thread exited: 0x0000023d649e7cc0
Event: 66.144 Thread 0x0000023d31d11970 Thread added: 0x0000023d649e7220
Event: 66.144 Thread 0x0000023d31d11970 Thread added: 0x0000023d649e9ca0
Event: 66.398 Thread 0x0000023d649e4cf0 Thread added: 0x0000023d649e8cb0
Event: 66.405 Thread 0x0000023d649e4cf0 Thread added: 0x0000023d649e27c0
Event: 66.569 Thread 0x0000023d31d11970 Thread added: 0x0000023d649e5240
Event: 66.863 Thread 0x0000023d649e27c0 Thread exited: 0x0000023d649e27c0
Event: 66.866 Thread 0x0000023d649e8cb0 Thread exited: 0x0000023d649e8cb0
Event: 66.866 Thread 0x0000023d649e9ca0 Thread exited: 0x0000023d649e9ca0
Event: 66.916 Thread 0x0000023d649e5240 Thread added: 0x0000023d649e6cd0
Event: 67.240 Thread 0x0000023d649e6cd0 Thread exited: 0x0000023d649e6cd0
Event: 67.309 Thread 0x0000023d649e7220 Thread exited: 0x0000023d649e7220
Event: 67.361 Thread 0x0000023d31d11970 Thread added: 0x0000023d649e8210
Event: 67.419 Thread 0x0000023d649e5240 Thread added: 0x0000023d649e27c0
Event: 68.180 Thread 0x0000023d649e27c0 Thread exited: 0x0000023d649e27c0
Event: 68.230 Thread 0x0000023d649e8210 Thread exited: 0x0000023d649e8210
Event: 69.104 Thread 0x0000023d649e5240 Thread exited: 0x0000023d649e5240
Event: 69.104 Thread 0x0000023d649e4cf0 Thread exited: 0x0000023d649e4cf0
Event: 69.346 Thread 0x0000023d31d11970 Thread added: 0x0000023d649e7770


Dynamic libraries:
0x00007ff6e9220000 - 0x00007ff6e922e000 	C:\Users\Aiden\.jdks\liberica-full-17.0.15\bin\java.exe
0x00007ffd7c390000 - 0x00007ffd7c586000 	C:\Windows\SYSTEM32\ntdll.dll
0x00007ffd7c0e0000 - 0x00007ffd7c19d000 	C:\Windows\System32\KERNEL32.DLL
0x00007ffd79ea0000 - 0x00007ffd7a169000 	C:\Windows\System32\KERNELBASE.dll
0x00007ffd7a170000 - 0x00007ffd7a270000 	C:\Windows\System32\ucrtbase.dll
0x00007ffd735d0000 - 0x00007ffd735e7000 	C:\Users\Aiden\.jdks\liberica-full-17.0.15\bin\jli.dll
0x00007ffd73590000 - 0x00007ffd735ab000 	C:\Users\Aiden\.jdks\liberica-full-17.0.15\bin\VCRUNTIME140.dll
0x00007ffd7a7a0000 - 0x00007ffd7a940000 	C:\Windows\System32\USER32.dll
0x00007ffd61320000 - 0x00007ffd615bb000 	C:\Windows\WinSxS\amd64_microsoft.windows.common-controls_6595b64144ccf1df_6.0.19041.746_none_ca02b4b61b8320a4\COMCTL32.dll
0x00007ffd7a300000 - 0x00007ffd7a322000 	C:\Windows\System32\win32u.dll
0x00007ffd7abc0000 - 0x00007ffd7ac5e000 	C:\Windows\System32\msvcrt.dll
0x00007ffd7c1a0000 - 0x00007ffd7c1ca000 	C:\Windows\System32\GDI32.dll
0x00007ffd79c30000 - 0x00007ffd79d3b000 	C:\Windows\System32\gdi32full.dll
0x00007ffd79b10000 - 0x00007ffd79bad000 	C:\Windows\System32\msvcp_win.dll
0x00007ffd7be50000 - 0x00007ffd7be80000 	C:\Windows\System32\IMM32.DLL
0x00007ffd73580000 - 0x00007ffd7358c000 	C:\Users\Aiden\.jdks\liberica-full-17.0.15\bin\vcruntime140_1.dll
0x00007ffd72480000 - 0x00007ffd7250e000 	C:\Users\Aiden\.jdks\liberica-full-17.0.15\bin\msvcp140.dll
0x00007ffd31b40000 - 0x00007ffd327b0000 	C:\Users\Aiden\.jdks\liberica-full-17.0.15\bin\server\jvm.dll
0x00007ffd7ac60000 - 0x00007ffd7ad0c000 	C:\Windows\System32\ADVAPI32.dll
0x00007ffd7c1d0000 - 0x00007ffd7c26c000 	C:\Windows\System32\sechost.dll
0x00007ffd7bd20000 - 0x00007ffd7be4b000 	C:\Windows\System32\RPCRT4.dll
0x00007ffd7bcb0000 - 0x00007ffd7bd1b000 	C:\Windows\System32\WS2_32.dll
0x00007ffd790b0000 - 0x00007ffd790fb000 	C:\Windows\SYSTEM32\POWRPROF.dll
0x00007ffd74390000 - 0x00007ffd7439a000 	C:\Windows\SYSTEM32\VERSION.dll
0x00007ffd697c0000 - 0x00007ffd697e7000 	C:\Windows\SYSTEM32\WINMM.dll
0x00007ffd78f70000 - 0x00007ffd78f82000 	C:\Windows\SYSTEM32\UMPDC.dll
0x00007ffd77a90000 - 0x00007ffd77aa2000 	C:\Windows\SYSTEM32\kernel.appcore.dll
0x00007ffd73570000 - 0x00007ffd7357a000 	C:\Users\Aiden\.jdks\liberica-full-17.0.15\bin\jimage.dll
0x00007ffd68c10000 - 0x00007ffd68df4000 	C:\Windows\SYSTEM32\DBGHELP.DLL
0x00007ffd5f150000 - 0x00007ffd5f17c000 	C:\Windows\SYSTEM32\dbgcore.DLL
0x00007ffd79bb0000 - 0x00007ffd79c30000 	C:\Windows\System32\bcryptPrimitives.dll
0x00007ffd73530000 - 0x00007ffd73555000 	C:\Users\Aiden\.jdks\liberica-full-17.0.15\bin\java.dll
0x00007ffd373a0000 - 0x00007ffd37477000 	C:\Users\Aiden\.jdks\liberica-full-17.0.15\bin\jsvml.dll
0x00007ffd7ad70000 - 0x00007ffd7b4b3000 	C:\Windows\System32\SHELL32.dll
0x00007ffd77c90000 - 0x00007ffd7841f000 	C:\Windows\SYSTEM32\windows.storage.dll
0x00007ffd7a430000 - 0x00007ffd7a786000 	C:\Windows\System32\combase.dll
0x00007ffd79570000 - 0x00007ffd7959c000 	C:\Windows\SYSTEM32\Wldp.dll
0x00007ffd7bf20000 - 0x00007ffd7bfce000 	C:\Windows\System32\SHCORE.dll
0x00007ffd7c080000 - 0x00007ffd7c0d5000 	C:\Windows\System32\shlwapi.dll
0x00007ffd79a40000 - 0x00007ffd79a66000 	C:\Windows\SYSTEM32\profapi.dll
0x00007ffd72670000 - 0x00007ffd72689000 	C:\Users\Aiden\.jdks\liberica-full-17.0.15\bin\net.dll
0x00007ffd72ff0000 - 0x00007ffd730f0000 	C:\Windows\SYSTEM32\WINHTTP.dll
0x00007ffd792f0000 - 0x00007ffd7935a000 	C:\Windows\system32\mswsock.dll
0x00007ffd72650000 - 0x00007ffd72666000 	C:\Users\Aiden\.jdks\liberica-full-17.0.15\bin\nio.dll
0x00007ffd726a0000 - 0x00007ffd726b8000 	C:\Users\Aiden\.jdks\liberica-full-17.0.15\bin\zip.dll
0x00007ffd333a0000 - 0x00007ffd33530000 	C:\Users\Aiden\.jdks\liberica-full-17.0.15\bin\awt.dll
0x00007ffd7a940000 - 0x00007ffd7aa0d000 	C:\Windows\System32\OLEAUT32.dll
0x00007ffd77410000 - 0x00007ffd774a0000 	C:\Windows\SYSTEM32\apphelp.dll
0x00007ffd77540000 - 0x00007ffd775de000 	C:\Windows\system32\uxtheme.dll
0x00007ffd7c270000 - 0x00007ffd7c386000 	C:\Windows\System32\MSCTF.dll
0x00007ffd7aa90000 - 0x00007ffd7abba000 	C:\Windows\System32\ole32.dll
0x00007ffd77980000 - 0x00007ffd779af000 	C:\Windows\system32\DWMAPI.DLL
0x00007ffd5e020000 - 0x00007ffd5e026000 	C:\Temp\flatlaf.temp\flatlaf-windows-x86_64-6420917919147000.dll
0x00007ffd353c0000 - 0x00007ffd35447000 	C:\Users\Aiden\.jdks\liberica-full-17.0.15\bin\freetype.dll
0x00007ffd34bf0000 - 0x00007ffd34ccb000 	C:\Users\Aiden\.jdks\liberica-full-17.0.15\bin\fontmanager.dll
0x00007ffd72630000 - 0x00007ffd7263a000 	C:\Users\Aiden\.jdks\liberica-full-17.0.15\bin\management.dll
0x00007ffd72470000 - 0x00007ffd7247b000 	C:\Users\Aiden\.jdks\liberica-full-17.0.15\bin\management_ext.dll
0x00007ffd7b6d0000 - 0x00007ffd7b6d8000 	C:\Windows\System32\PSAPI.DLL
0x00007ffd5e910000 - 0x00007ffd5e927000 	C:\Windows\system32\napinsp.dll
0x00007ffd5e550000 - 0x00007ffd5e56b000 	C:\Windows\system32\pnrpnsp.dll
0x00007ffd74d10000 - 0x00007ffd74d25000 	C:\Windows\system32\wshbth.dll
0x00007ffd77030000 - 0x00007ffd7704d000 	C:\Windows\system32\NLAapi.dll
0x00007ffd78f90000 - 0x00007ffd78fcb000 	C:\Windows\SYSTEM32\IPHLPAPI.DLL
0x00007ffd78fe0000 - 0x00007ffd790ab000 	C:\Windows\SYSTEM32\DNSAPI.dll
0x00007ffd7bf10000 - 0x00007ffd7bf18000 	C:\Windows\System32\NSI.dll
0x00007ffd5e440000 - 0x00007ffd5e452000 	C:\Windows\System32\winrnr.dll
0x00007ffd74430000 - 0x00007ffd7443a000 	C:\Windows\System32\rasadhlp.dll
0x00007ffd72a10000 - 0x00007ffd72a8f000 	C:\Windows\System32\fwpuclnt.dll
0x00007ffd7a2d0000 - 0x00007ffd7a2f7000 	C:\Windows\System32\bcrypt.dll
0x00007ffd37d40000 - 0x00007ffd37e65000 	C:\Windows\system32\opengl32.dll
0x00007ffd56370000 - 0x00007ffd5639c000 	C:\Windows\SYSTEM32\GLU32.dll
0x00007ffd35e90000 - 0x00007ffd3605f000 	C:\Windows\system32\d3d9.dll
0x00007ffd6eab0000 - 0x00007ffd6eb74000 	C:\Windows\System32\DriverStore\FileRepository\nv_dispi.inf_amd64_20ae8f14a487d5db\nvldumdx.dll
0x00007ffd796f0000 - 0x00007ffd79702000 	C:\Windows\SYSTEM32\msasn1.dll
0x00007ffd74350000 - 0x00007ffd74381000 	C:\Windows\SYSTEM32\cryptnet.dll
0x00007ffd79d40000 - 0x00007ffd79e96000 	C:\Windows\System32\CRYPT32.dll
0x00007ffd794c0000 - 0x00007ffd794cc000 	C:\Windows\SYSTEM32\cryptbase.dll
0x00007ffd74020000 - 0x00007ffd74169000 	C:\Windows\SYSTEM32\drvstore.dll
0x00007ffd798b0000 - 0x00007ffd798dc000 	C:\Windows\SYSTEM32\devobj.dll
0x00007ffd7a3e0000 - 0x00007ffd7a42e000 	C:\Windows\System32\cfgmgr32.dll
0x00007ffd7a270000 - 0x00007ffd7a2d0000 	C:\Windows\System32\wintrust.dll
0x00007ffd7b820000 - 0x00007ffd7b83d000 	C:\Windows\System32\imagehlp.dll
0x00007ffd794d0000 - 0x00007ffd794e8000 	C:\Windows\SYSTEM32\CRYPTSP.dll
0x00007ffd78c20000 - 0x00007ffd78c54000 	C:\Windows\system32\rsaenh.dll
0x00007ffd6a540000 - 0x00007ffd6e2d4000 	C:\Windows\System32\DriverStore\FileRepository\nv_dispi.inf_amd64_20ae8f14a487d5db\nvgpucomp64.dll
0x00007ffd683f0000 - 0x00007ffd684ce000 	C:\Windows\System32\DriverStore\FileRepository\nv_dispi.inf_amd64_20ae8f14a487d5db\NvMemMapStoragex.dll
0x00007ffd2ac60000 - 0x00007ffd2d765000 	C:\Windows\System32\DriverStore\FileRepository\nv_dispi.inf_amd64_20ae8f14a487d5db\nvd3dumx.dll
0x00007ffd34cd0000 - 0x00007ffd34e17000 	C:\Windows\system32\nvspcap64.dll
0x00007ffd78850000 - 0x00007ffd78883000 	C:\Windows\SYSTEM32\ntmarta.dll
0x00007ffd78430000 - 0x00007ffd78453000 	C:\Windows\SYSTEM32\gpapi.dll
0x00007ffd33d60000 - 0x00007ffd33f17000 	C:\Windows\System32\DriverStore\FileRepository\nv_dispi.inf_amd64_20ae8f14a487d5db\nvppex.dll
0x00007ffd70740000 - 0x00007ffd7077b000 	C:\Windows\SYSTEM32\dxcore.dll
0x00007ffd5de80000 - 0x00007ffd5de89000 	C:\Users\Aiden\.jdks\liberica-full-17.0.15\bin\prefs.dll
0x00007ffd5bb50000 - 0x00007ffd5bb57000 	C:\Users\Aiden\.jdks\liberica-full-17.0.15\bin\jawt.dll
0x00007ffd70460000 - 0x00007ffd7055b000 	C:\Windows\SYSTEM32\textinputframework.dll
0x00007ffd76a60000 - 0x00007ffd76dbe000 	C:\Windows\System32\CoreUIComponents.dll
0x00007ffd76f30000 - 0x00007ffd77022000 	C:\Windows\System32\CoreMessaging.dll
0x00007ffd75f80000 - 0x00007ffd760d4000 	C:\Windows\SYSTEM32\wintypes.dll
0x00007ffd33150000 - 0x00007ffd3339b000 	C:\Temp\jme3\natives_37bf421a\bulletjme-x86_64.dll
0x00007ffd34810000 - 0x00007ffd3488e000 	C:\Temp\lwjgl_Aiden\3.3.6+1\x64\lwjgl.dll
0x00007ffd30360000 - 0x00007ffd305d1000 	C:\Temp\lwjgl_Aiden\3.3.6+1\x64\jemalloc.dll
0x00007ffd34780000 - 0x00007ffd34809000 	C:\Temp\lwjgl_Aiden\3.3.6+1\x64\glfw.dll
0x00007ffd37b70000 - 0x00007ffd37bb5000 	C:\Windows\SYSTEM32\dinput8.dll
0x00007ffd37cb0000 - 0x00007ffd37cc1000 	C:\Windows\SYSTEM32\xinput1_4.dll
0x00007ffd70300000 - 0x00007ffd70452000 	C:\Windows\SYSTEM32\inputhost.dll
0x00007ffd762b0000 - 0x00007ffd763a7000 	C:\Windows\SYSTEM32\PROPSYS.dll
0x00007ffd7bfd0000 - 0x00007ffd7c079000 	C:\Windows\System32\clbcatq.dll
0x00007ffd73960000 - 0x00007ffd73a5b000 	C:\Windows\System32\AppXDeploymentClient.dll
0x00007ffd268a0000 - 0x00007ffd291f4000 	C:\Windows\System32\DriverStore\FileRepository\nv_dispi.inf_amd64_20ae8f14a487d5db\nvoglv64.dll
0x00007ffd7b840000 - 0x00007ffd7bca7000 	C:\Windows\System32\SETUPAPI.dll
0x00007ffd74d30000 - 0x00007ffd74d44000 	C:\Windows\SYSTEM32\WTSAPI32.dll
0x00007ffd78900000 - 0x00007ffd7895a000 	C:\Windows\SYSTEM32\WINSTA.dll
0x00007ffd72a90000 - 0x00007ffd72b3e000 	C:\Windows\SYSTEM32\mscms.dll
0x00007ffd79a00000 - 0x00007ffd79a2e000 	C:\Windows\SYSTEM32\USERENV.dll
0x00007ffd729f0000 - 0x00007ffd72a01000 	C:\Windows\SYSTEM32\ColorAdapterClient.dll
0x00007ffd35e40000 - 0x00007ffd35e83000 	C:\Windows\SYSTEM32\icm32.dll
0x00007ffd34650000 - 0x00007ffd346ad000 	C:\Temp\lwjgl_Aiden\3.3.6+1\x64\lwjgl_opengl.dll
0x00007ffd78420000 - 0x00007ffd7842d000 	C:\Windows\SYSTEM32\HID.DLL
0x00007ffd32940000 - 0x00007ffd32b2b000 	C:\Temp\lwjgl_Aiden\3.3.6+1\x64\OpenAL.dll
0x00007ffd73780000 - 0x00007ffd7378a000 	C:\Windows\SYSTEM32\AVRT.dll
0x00007ffd73c80000 - 0x00007ffd73d05000 	C:\Windows\System32\MMDevApi.dll
0x00007ffd59c30000 - 0x00007ffd59db3000 	C:\Windows\SYSTEM32\AUDIOSES.DLL
0x00007ffd776b0000 - 0x00007ffd776c4000 	C:\Windows\SYSTEM32\resourcepolicyclient.dll
0x00007ffd72640000 - 0x00007ffd72650000 	C:\Users\Aiden\.jdks\liberica-full-17.0.15\bin\verify.dll
0x00007ffd5b1b0000 - 0x00007ffd5b1b7000 	C:\Users\Aiden\AppData\Local\org.graalvm.polyglot\engine\libtruffleattach\810a240bbc3a1bbc2f2d6b047402fd92c9d11c20369f3ffb7a7c7cdfbb2c7ff3\bin\truffleattach.dll

dbghelp: loaded successfully - version: 4.0.5 - missing functions: none
symbol engine: initialized successfully - sym options: 0x614 - pdb path: .;C:\Users\Aiden\.jdks\liberica-full-17.0.15\bin;C:\Windows\SYSTEM32;C:\Windows\WinSxS\amd64_microsoft.windows.common-controls_6595b64144ccf1df_6.0.19041.746_none_ca02b4b61b8320a4;C:\Users\Aiden\.jdks\liberica-full-17.0.15\bin\server;C:\Temp\flatlaf.temp;C:\Windows\System32\DriverStore\FileRepository\nv_dispi.inf_amd64_20ae8f14a487d5db;C:\Temp\jme3\natives_37bf421a;C:\Temp\lwjgl_Aiden\3.3.6+1\x64;C:\Users\Aiden\AppData\Local\org.graalvm.polyglot\engine\libtruffleattach\810a240bbc3a1bbc2f2d6b047402fd92c9d11c20369f3ffb7a7c7cdfbb2c7ff3\bin

VM Arguments:
jvm_args: -Djava.util.logging.manager=org.apache.logging.log4j.jul.LogManager -DphysicsDebug=false -Dhud.debug=false -Dhud.debug.smoketest=false -Dhud.debug.overlay=false -Dtheme.path=engine/calista.properties -Dbanner.path=engine/banner.png -Dlog.level=DEBUG -Dlog.dir=. -Dkalitech.runtime.allowScriptProfiles=true -Dkalitech.runtime.allowScriptSandbox=true -Dkalitech.runtime.maxIsolated=2 -Dkalitech.runtime.idleEvictMs=60000 -Dkalitech.runtime.pinned=ui -Dkalitech.runtime.idleEvictMs=0 -Xms8g -Xmx8g -XX:MaxMetaspaceSize=512m -XX:+UseZGC -XX:ZUncommitDelay=300 -XX:+DisableExplicitGC -XX:+UnlockExperimentalVMOptions -XX:+TrustFinalNonStaticFields -XX:+UseFastUnorderedTimeStamps -XX:ThreadStackSize=1024 -Dfile.encoding=UTF-8 -Dpolyglot.engine.WarnInterpreterOnly=false -Dgraal.CompilationFailureAction=Silent -Dgraal.TruffleCompilationExceptionsAreFatal=false -Dgraal.TraceTruffleCompilation=false -Dkalitech.relaunched=true 
java_command: org.foxesworld.kalitech.engine.KalitechLauncher
java_class_path (initial): C:\Users\Aiden\Documents\GitHub\Kalitech\kalitech-engine\build\classes\java\main;C:\Users\Aiden\Documents\GitHub\Kalitech\kalitech-engine\build\resources\main;C:\Users\Aiden\.gradle\caches\modules-2\files-2.1\org.jmonkeyengine\jme3-lwjgl3\3.8.1-stable\3031c655fa4bc31d4f27ed93edd7b3c7ce575b0f\jme3-lwjgl3-3.8.1-stable.jar;C:\Users\Aiden\.gradle\caches\modules-2\files-2.1\org.jmonkeyengine\jme3-desktop\3.8.1-stable\e6fb38514a08947148427494a22f212862bce1f1\jme3-desktop-3.8.1-stable.jar;C:\Users\Aiden\.gradle\caches\modules-2\files-2.1\org.jmonkeyengine\jme3-plugins\3.8.1-stable\1eecfc701aaeb6e15fc42b99c26ebb102ce7f9ad\jme3-plugins-3.8.1-stable.jar;C:\Users\Aiden\.gradle\caches\modules-2\files-2.1\org.jmonkeyengine\jme3-effects\3.8.1-stable\ae4189825c471d095943c48b0e2691203e7205c\jme3-effects-3.8.1-stable.jar;C:\Users\Aiden\.gradle\caches\modules-2\files-2.1\org.jmonkeyengine\jme3-jogg\3.8.1-stable\bda77a6b044486bf806fc349ac48559580da656b\jme3-jogg-3.8.1-stable.jar;C:\Users\Aiden\.gradle\caches\modules-2\files-2.1\org.jmonkeyengine\jme3-awt-dialogs\3.8.1-stable\5d7855ce08e28f8d841dba419ebaddef80dd4de1\jme3-awt-dialogs-3.8.1-stable.jar;C:\Users\Aiden\.gradle\caches\modules-2\files-2.1\com.github.stephengold\Minie\9.0.3\f22e3b6d6c76c4f7188b36d31755313037a9c7e4\Minie-9.0.3.jar;C:\Users\Aiden\.gradle\caches\modules-2\files-2.1\com.simsilica\lemur\1.16.0\8e4af305c8c00dde11db8d76be8debd5ee751c09\lemur-1.16.0.jar;C:\Users\Aiden\.gradle\caches\modules-2\files-2.1\com.github.stephengold\Heart\9.2.0\1e13e722bffe30f32a0021cc96a8526170a091d7\Heart-9.2.0.jar;C:\Users\Aiden\.gradle\caches\modules-2\files-2.1\com.simsilica\sim-math\1.6.0\6a93c1b12f0c990a86f3f60cb401076a53f71b3\sim-math-1.6.0.jar;C:\Users\Aiden\.gradle\caches\modules-2\files-2.1\org.jmonkeyengine\jme3-terrain\3.8.1-stable\4675b508f919b49b80ac0ac2eb49c19b0ef2a074\jme3-terrain-3.8.1-stable.jar;C:\Users\Aiden\.gradle\caches\modules-2\files-2.1\org.jmonkeyengine\jme3-core\3.8.1-stable\c936796d97
Launcher Type: SUN_STANDARD

[Global flags]
     intx CICompilerCount                          = 12                                        {product} {ergonomic}
   size_t CompressedClassSpaceSize                 = 436207616                                 {product} {ergonomic}
     bool DisableExplicitGC                        = true                                      {product} {command line}
   size_t InitialHeapSize                          = 8589934592                                {product} {command line}
   size_t MaxHeapSize                              = 8589934592                                {product} {command line}
   size_t MaxMetaspaceSize                         = 536870912                                 {product} {command line}
   size_t MinHeapDeltaBytes                        = 2097152                                   {product} {ergonomic}
   size_t MinHeapSize                              = 8589934592                                {product} {command line}
    uintx NonNMethodCodeHeapSize                   = 7602480                                {pd product} {ergonomic}
    uintx NonProfiledCodeHeapSize                  = 122027880                              {pd product} {ergonomic}
    uintx ProfiledCodeHeapSize                     = 122027880                              {pd product} {ergonomic}
    uintx ReservedCodeCacheSize                    = 251658240                              {pd product} {ergonomic}
     bool SegmentedCodeCache                       = true                                      {product} {ergonomic}
   size_t SoftMaxHeapSize                          = 8589934592                             {manageable} {ergonomic}
     intx ThreadStackSize                          = 1024                                   {pd product} {command line}
     bool TrustFinalNonStaticFields                = true                                 {experimental} {command line}
     bool UnlockExperimentalVMOptions              = true                                 {experimental} {command line}
     bool UseCompressedClassPointers               = true                           {product lp64_product} {ergonomic}
     bool UseCompressedOops                        = false                          {product lp64_product} {ergonomic}
     bool UseFastUnorderedTimeStamps               = true                                 {experimental} {command line}
     bool UseLargePagesIndividualAllocation        = false                                  {pd product} {ergonomic}
     bool UseZGC                                   = true                                      {product} {command line}
     bool ZUncommit                                = false                                     {product} {ergonomic}
    uintx ZUncommitDelay                           = 300                                       {product} {command line}

Logging:
Log output configuration:
 #0: stdout all=warning uptime,level,tags
 #1: stderr all=off uptime,level,tags

Environment Variables:
JAVA_HOME=C:\Users\Aiden\.jdks\liberica-full-17.0.13\bin
PATH=C:\Program Files (x86)\Common Files\Oracle\Java\java8path;C:\Program Files (x86)\Common Files\Oracle\Java\javapath;C:\Python313\Scripts\;C:\Python313\;C:\Program Files (x86)\Razer Chroma SDK\bin;C:\Program Files\Razer Chroma SDK\bin;C:\Program Files (x86)\Razer\ChromaBroadcast\bin;C:\Program Files\Razer\ChromaBroadcast\bin;C:\Program Files\BellSoft\LibericaJDK-17\bin\;C:\Windows\system32;C:\Windows;C:\Windows\System32\Wbem;C:\Windows\System32\WindowsPowerShell\v1.0\;C:\Program Files (x86)\NVIDIA Corporation\PhysX\Common;C:\Program Files\dotnet\;C:\ProgramData\chocolatey\bin;C:\Users\Aiden\Desktop\php;C:\ProgramData\ComposerSetup\bin;C:\Users\Aiden\AppData\Local\Programs\Python\Python310\Scripts\;C:\Users\Aiden\AppData\Local\Programs\Python\Python310\;C:\Users\Aiden\AppData\Local\Microsoft\WindowsApps;C:\Users\Aiden\AppData\Local\GitHubDesktop\bin;C:\Program Files\JetBrains\IntelliJ IDEA 2022.2\bin;C:\Users\Aiden\.dotnet\tools;C:\Program Files\JetBrains\PhpStorm 2022.2\bin;C:\Users\Aiden\AppData\Roaming\npm;C:\Users\Aiden\AppData\Roaming\Composer\vendor\bin;C:\Program Files\NVIDIA Corporation\NVIDIA NvDLISR;C:\Windows\system32\config\systemprofile\AppData\Local\Microsoft\WindowsApps;C:\Program Files\CMake\bin;C:\Program Files\AmneziaWG\;C:\Program Files\nodejs\;C:\Program Files\NVIDIA Corporation\NVIDIA App\NvDLISR;C:\Program Files\Git\cmd;C:\Users\Aiden\.jdks\graalvm-ce-17.0.9;C:\Python313\Scripts\;C:\Python313\;C:\Program Files (x86)\Common Files\Oracle\Java\java8path;C:\Program Files (x86)\Common Files\Oracle\Java\javapath;C:\Program Files (x86)\Razer Chroma SDK\bin;C:\Program Files\Razer Chroma SDK\bin;C:\Program Files (x86)\Razer\ChromaBroadcast\bin;C:\Program Files\Razer\ChromaBroadcast\bin;C:\Program Files\BellSoft\LibericaJDK-17\bin\;C:\Windows\system32;C:\Windows;C:\Windows\System32\Wbem;C:\Windows\System32\WindowsPowerShell\v1.0\;C:\Program Files (x86)\NVIDIA Corporation\PhysX\Common;C:\Program Files\Git\cmd;C:\Program Files\dotnet\;C:\ProgramData\chocolatey\bin;C:\Users\Aiden\Desktop\php;C:\ProgramData\ComposerSetup\bin;C:\Users\Aiden\AppData\Local\Programs\Python\Python310\Scripts\;C:\Users\Aiden\AppData\Local\Programs\Python\Python310\;C:\Users\Aiden\AppData\Local\Microsoft\WindowsApps;C:\Users\Aiden\AppData\Local\GitHubDesktop\bin;C:\Program Files\JetBrains\IntelliJ IDEA 2022.2\bin;C:\Users\Aiden\.dotnet\tools;C:\Users\Aiden\.jdks\liberica-full-17.0.13\bin;;C:\Program Files\JetBrains\WebStorm 2024.1.5\bin;
USERNAME=Aiden
OS=Windows_NT
PROCESSOR_IDENTIFIER=Intel64 Family 6 Model 79 Stepping 1, GenuineIntel
TMP=C:\Temp
TEMP=C:\Temp



Periodic native trim disabled


---------------  S Y S T E M  ---------------

OS:
 Windows 10 , 64 bit Build 19041 (10.0.19041.662)
OS uptime: 7 days 10:22 hours

CPU: total 20 (initial active 20) (10 cores per cpu, 2 threads per core) family 6 model 79 stepping 1 microcode 0xb000031, cx8, cmov, fxsr, ht, mmx, 3dnowpref, sse, sse2, sse3, ssse3, sse4.1, sse4.2, popcnt, lzcnt, tsc, tscinvbit, avx, avx2, aes, erms, clmul, bmi1, bmi2, rtm, adx, fma, vzeroupper, clflush
Processor Information for all 20 processors :
  Max Mhz: 3001, Current Mhz: 3001, Mhz Limit: 3001

Memory: 4k page, system-wide physical 32604M (14784M free)
TotalPageFile size 32604M (AvailPageFile size 5M)
current process WorkingSet (physical memory assigned to process): 2157M, peak: 2157M
current process commit charge ("private bytes"): 7415M, peak: 7999M

vm_info: OpenJDK 64-Bit Server VM (17.0.15+10-LTS) for windows-amd64 JRE (17.0.15+10-LTS), built on Apr 10 2025 18:38:03 by "" with MS VC++ 17.1 (VS2022)

END.
