JvmtiExport can_access_local_variables 0
JvmtiExport can_hotswap_or_post_breakpoint 0
JvmtiExport can_post_on_exceptions 0
# 222 ciObject found
instanceKlass com/oracle/truffle/js/nodes/cast/JSToStringNodeGen
ciInstanceKlass java/lang/Cloneable 1 0 7 100 1 100 1 1 1
instanceKlass com/jme3/effect/shapes/EmitterSphereShape
instanceKlass com/jme3/effect/Particle
instanceKlass com/jme3/effect/ParticleEmitter$1
instanceKlass com/jme3/effect/ParticleEmitter$ParticleEmitterControl
instanceKlass com/jme3/effect/influencers/DefaultParticleInfluencer
instanceKlass com/jme3/effect/shapes/EmitterPointShape
instanceKlass com/jme3/effect/influencers/ParticleInfluencer
instanceKlass org/foxesworld/kalitech/engine/modules/particles/ParticlesHostAccess
instanceKlass com/jme3/effect/shapes/EmitterShape
instanceKlass org/foxesworld/kalitech/engine/modules/particles/ParticleEmitterOps
instanceKlass org/foxesworld/kalitech/engine/api/interfaces/ParticlesApi$ParticleHandle
instanceKlass com/oracle/truffle/js/nodes/array/JSArrayDeleteIndexNodeGen$CachedData
instanceKlass org/foxesworld/kalitech/engine/perf/PerfProfiler$StatWindow$Summary
instanceKlass org/foxesworld/kalitech/engine/modules/sound/SoundDeterminism
instanceKlass org/foxesworld/kalitech/engine/modules/sound/SoundEventContext
instanceKlass com/jme3/input/controls/MouseButtonTrigger
instanceKlass com/jme3/bullet/collision/ManifoldPoints
instanceKlass org/foxesworld/kalitech/engine/modules/physics/collision/CollisionPairKey
instanceKlass com/jme3/shadow/ShadowUtil$1
instanceKlass org/foxesworld/kalitech/engine/modules/physics/BodyState$TMP
instanceKlass org/foxesworld/kalitech/engine/modules/physics/BodyState$1
instanceKlass org/foxesworld/kalitech/engine/modules/physics/BodyState
instanceKlass com/jme3/bullet/collision/PersistentManifolds
instanceKlass org/foxesworld/kalitech/engine/world/systems/SystemScheduler$Slot
instanceKlass com/oracle/truffle/js/runtime/doubleconv/BignumDtoa$1
instanceKlass com/oracle/truffle/js/runtime/doubleconv/Bignum
instanceKlass com/oracle/truffle/js/runtime/doubleconv/BignumDtoa
instanceKlass org/foxesworld/kalitech/engine/script/events/ScriptEventBus$EventEnvelope
instanceKlass org/foxesworld/kalitech/engine/script/events/ScriptEventBus$Meta
instanceKlass com/jme3/terrain/geomipmap/TerrainQuad$QuadrantChild
instanceKlass org/foxesworld/kalitech/engine/api/contract/Finite
instanceKlass com/oracle/truffle/polyglot/PolyglotListFactory
instanceKlass com/oracle/truffle/polyglot/PolyglotList$Cache$Key
instanceKlass com/oracle/truffle/polyglot/PolyglotList$Cache
instanceKlass org/foxesworld/kalitech/engine/api/interfaces/physics/PhysicsRayHit$Vec3
instanceKlass org/foxesworld/kalitech/engine/modules/input/JsMarshalling
instanceKlass org/foxesworld/kalitech/engine/modules/input/InputSnapshot
instanceKlass com/oracle/truffle/js/runtime/doubleconv/CachedPowers$CachedPower
instanceKlass com/oracle/truffle/js/runtime/doubleconv/CachedPowers
instanceKlass com/oracle/truffle/js/runtime/doubleconv/DiyFp
instanceKlass com/oracle/truffle/js/runtime/doubleconv/FastDtoa
instanceKlass org/foxesworld/kalitech/engine/api/impl/HudApiImpl$SpatialHolder
instanceKlass org/foxesworld/kalitech/engine/modules/hud/HudCoords
instanceKlass com/simsilica/lemur/focus/FocusChangeListener
instanceKlass com/simsilica/lemur/core/GuiUpdateListener
instanceKlass com/simsilica/lemur/core/GuiControlListener
instanceKlass com/simsilica/lemur/core/GuiLayout
instanceKlass org/foxesworld/kalitech/engine/modules/hud/HudSizing$Hooks
instanceKlass org/foxesworld/kalitech/engine/modules/hud/HudSizing
instanceKlass com/simsilica/lemur/style/StyleAttribute
instanceKlass com/simsilica/lemur/style/StyleDefaults
instanceKlass com/simsilica/lemur/effect/Effect
instanceKlass com/simsilica/lemur/event/MouseListener
instanceKlass com/oracle/truffle/js/builtins/FunctionPrototypeBuiltinsFactory
instanceKlass com/oracle/truffle/js/runtime/interop/JSInteropUtil
instanceKlass org/foxesworld/kalitech/engine/api/impl/HudApiImpl$Layer
instanceKlass org/foxesworld/kalitech/engine/api/interfaces/HudApi$HudLayerHandle
instanceKlass org/foxesworld/kalitech/engine/api/interfaces/HudApi$HudViewport
instanceKlass org/foxesworld/kalitech/engine/api/interfaces/HudApi$HudElementHandle
instanceKlass com/oracle/truffle/js/nodes/function/JSBuiltinNode$Inlined
instanceKlass com/oracle/truffle/host/HostProxy$IsIdenticalOrUndefined
instanceKlass com/jme3/terrain/geomipmap/picking/BresenhamTerrainPicker$1
instanceKlass com/jme3/terrain/geomipmap/picking/TerrainPickData
instanceKlass com/jme3/collision/bih/BIHNode$BIHStackData
instanceKlass com/jme3/collision/CollisionResult
instanceKlass com/jme3/collision/bih/BIHNode
instanceKlass com/jme3/collision/bih/BIHTree
instanceKlass java/util/concurrent/Executors$DelegatedExecutorService
instanceKlass org/foxesworld/kalitech/engine/world/systems/SystemScheduler$NamedThreadFactory
instanceKlass org/foxesworld/kalitech/engine/world/systems/SystemScheduler$Lane
instanceKlass org/foxesworld/kalitech/engine/modules/physics/PhysicsJs$1
instanceKlass com/jme3/system/lwjgl/Sync$RunningAvg
instanceKlass com/jme3/system/lwjgl/Sync
instanceKlass com/jme3/opencl/OpenCLObjectManager
instanceKlass com/jme3/shader/DefineList$1
instanceKlass com/jme3/scene/UserData
instanceKlass org/lwjgl/system/APIUtil$Encoder
instanceKlass com/jme3/shader/Uniform$1
instanceKlass com/jme3/shader/UniformBindingManager$1
instanceKlass com/jme3/shader/ShaderVariable
instanceKlass com/jme3/shader/plugins/ShaderDependencyNode
instanceKlass com/jme3/texture/Texture2D$1
instanceKlass com/jme3/renderer/opengl/GLRenderer$1
instanceKlass com/jme3/shadow/ShadowUtil$OccludersExtractor
instanceKlass org/foxesworld/kalitech/engine/modules/render/shadow/pipeline/ShadowWorkspace$SplitView
instanceKlass org/foxesworld/kalitech/engine/modules/render/shadow/pipeline/ShadowKey
instanceKlass org/foxesworld/kalitech/engine/modules/render/shadow/pipeline/ShadowKeys
instanceKlass org/foxesworld/kalitech/engine/modules/render/shadow/pipeline/ShadowWorkspace
instanceKlass com/jme3/shadow/PssmShadowUtil
instanceKlass com/jme3/shadow/ShadowUtil
instanceKlass com/jme3/system/NullRenderer
instanceKlass com/jme3/audio/openal/ALAudioRenderer$1
instanceKlass com/jme3/util/SortUtil
instanceKlass com/oracle/truffle/js/nodes/array/TestArrayNodeGen$CachedData
instanceKlass com/oracle/truffle/js/runtime/util/JSHashMap$CursorImpl
instanceKlass com/oracle/truffle/polyglot/PolyglotMapFactory
instanceKlass com/oracle/truffle/polyglot/PolyglotMap$Cache$Key
instanceKlass com/oracle/truffle/polyglot/PolyglotMap$Cache
instanceKlass com/oracle/truffle/host/HostToTypeNode$TypeAndClass
instanceKlass com/oracle/truffle/api/object/TrieTransitionMap$1
instanceKlass org/foxesworld/kalitech/engine/ecs/ComponentStore$Pool
instanceKlass org/foxesworld/kalitech/engine/api/impl/SurfaceApiImpl$SurfaceComponent
instanceKlass com/oracle/truffle/js/builtins/GlobalBuiltinsFactory
instanceKlass com/oracle/truffle/js/builtins/ObjectPrototypeBuiltinsFactory
instanceKlass com/oracle/truffle/api/object/DynamicObjectLibraryImpl$RemovePlan
instanceKlass com/oracle/truffle/api/object/DynamicObjectLibraryImpl$Move
instanceKlass org/foxesworld/kalitech/engine/modules/input/KeyboardState$KeyNames
instanceKlass com/oracle/truffle/js/nodes/access/ForEachIndexCallNode$MaybeResult
instanceKlass org/foxesworld/kalitech/engine/world/HotReloadHub$Hook
instanceKlass jme3utilities/math/VectorSet
instanceKlass com/oracle/truffle/api/nodes/BytecodeOSRNode
instanceKlass com/oracle/truffle/api/ReplaceObserver
instanceKlass com/oracle/truffle/api/nodes/Node$3
instanceKlass com/jme3/texture/plugins/DXTFlipper$1
instanceKlass com/jme3/texture/plugins/DXTFlipper
instanceKlass com/oracle/truffle/js/runtime/Boundaries
instanceKlass com/oracle/truffle/js/builtins/sort/SortComparator
instanceKlass com/oracle/truffle/js/nodes/array/JSArrayDeleteRangeNodeGen$SparseArrayData
instanceKlass com/oracle/truffle/js/nodes/array/JSArrayDeleteRangeNodeGen$DenseArrayData
instanceKlass com/oracle/truffle/js/nodes/array/JSArrayToDenseObjectArrayNodeGen$FromDenseArrayData
instanceKlass org/foxesworld/kalitech/engine/modules/physics/runtime/service/AddToSpaceQueue$PendingAdd
instanceKlass org/foxesworld/kalitech/engine/modules/physics/PhysicsJs
instanceKlass com/jme3/bullet/debug/DebugMeshInitListener
instanceKlass org/foxesworld/kalitech/engine/modules/physics/collision/CollisionObjectUtil$Accessors
instanceKlass org/foxesworld/kalitech/engine/modules/physics/collision/CollisionObjectUtil
instanceKlass jme3utilities/MySpatial
instanceKlass com/jme3/bullet/control/PhysicsControl
instanceKlass com/jme3/bullet/collision/shapes/infos/ChildCollisionShape
instanceKlass jme3utilities/math/MyQuaternion
instanceKlass jme3utilities/math/MyMath
instanceKlass jme3utilities/math/MyVector3f
instanceKlass com/jme3/bullet/util/CollisionShapeFactory
instanceKlass org/foxesworld/kalitech/engine/modules/physics/PhysicsColliderFactory
instanceKlass org/foxesworld/kalitech/engine/modules/physics/runtime/service/body/PhysicsBodyConfig
instanceKlass org/foxesworld/kalitech/engine/modules/physics/util/PhysicsValueParsers
instanceKlass org/foxesworld/kalitech/engine/modules/physics/runtime/PhysicsCollisionPipeline$2
instanceKlass org/foxesworld/kalitech/engine/modules/physics/runtime/PhysicsCollisionPipeline$1
instanceKlass org/foxesworld/kalitech/engine/api/impl/SurfaceApiImpl$TileWorld
instanceKlass com/jme3/app/AppTask
instanceKlass org/foxesworld/kalitech/engine/modules/terrain/TerrainDefaults
instanceKlass com/jme3/bounding/BoundingBox$1
instanceKlass com/jme3/terrain/geomipmap/LODGeomap$1
instanceKlass com/jme3/terrain/geomipmap/LODGeomap$VerboseBuffer
instanceKlass com/jme3/terrain/GeoMap
instanceKlass com/jme3/terrain/geomipmap/picking/BresenhamYUpGridTracer
instanceKlass com/jme3/terrain/geomipmap/picking/BresenhamTerrainPicker
instanceKlass com/jme3/terrain/geomipmap/picking/TerrainPicker
instanceKlass com/oracle/truffle/host/HostClassDesc$JNIMembers
instanceKlass org/foxesworld/kalitech/engine/modules/material/MaterialParamApplier
instanceKlass org/foxesworld/kalitech/engine/modules/material/MaterialParsers
instanceKlass org/foxesworld/kalitech/engine/api/impl/MaterialApiImpl$MaterialHandle
instanceKlass org/foxesworld/kalitech/engine/modules/terrain/TerrainNoise$SplitMix64
instanceKlass org/foxesworld/kalitech/engine/modules/terrain/TerrainNoise$Perlin2D
instanceKlass org/foxesworld/kalitech/engine/modules/terrain/TerrainNoise$Progress
instanceKlass org/foxesworld/kalitech/engine/script/events/ScriptEventBus$SubRef
instanceKlass org/foxesworld/kalitech/engine/script/events/ScriptEventBus$LegacySub
instanceKlass org/foxesworld/kalitech/engine/script/events/ScriptEventBus$LegacySubList
instanceKlass org/foxesworld/kalitech/engine/modules/render/sky/SkyDomeConfig
instanceKlass org/foxesworld/kalitech/engine/modules/render/sky/SkyMaterialUtil
instanceKlass org/foxesworld/kalitech/engine/modules/render/sky/SkyTextureUtil
instanceKlass org/foxesworld/kalitech/engine/modules/render/sky/SkySceneUtil
instanceKlass com/jme3/material/Technique
instanceKlass com/jme3/util/clone/IdentityCloneFunction
instanceKlass com/jme3/scene/plugins/OBJLoader$Vertex
instanceKlass com/jme3/scene/plugins/OBJLoader$Face
instanceKlass com/jme3/scene/plugins/OBJLoader$Group
instanceKlass com/jme3/asset/CloneableAssetProcessor
instanceKlass org/foxesworld/kalitech/engine/modules/render/shadow/pipeline/ShadowPipelineRegistry$PostLinkPass
instanceKlass org/foxesworld/kalitech/engine/modules/render/shadow/Snapper
instanceKlass org/foxesworld/kalitech/engine/modules/render/shadow/pipeline/ShadowSplitContext
instanceKlass org/foxesworld/kalitech/engine/modules/render/shadow/pipeline/ShadowPipelineRegistry$SetterBinding
instanceKlass org/foxesworld/kalitech/engine/modules/render/shadow/pipeline/ShadowFrameContext
instanceKlass org/foxesworld/kalitech/engine/modules/render/shadow/pipeline/ShadowPipelineRegistry$OptionSpec
instanceKlass org/foxesworld/kalitech/engine/modules/render/shadow/pipeline/ShadowPipelineRegistry$FieldBinding
instanceKlass org/foxesworld/kalitech/engine/modules/render/shadow/pipeline/ShadowPipelineRegistry$ShadowOption
instanceKlass org/foxesworld/kalitech/engine/modules/render/shadow/pipeline/ShadowPipelineRegistry$StepBinder
instanceKlass org/foxesworld/kalitech/engine/modules/render/shadow/pipeline/ShadowPipelineRegistry$Runtime
instanceKlass org/foxesworld/kalitech/engine/modules/render/shadow/pipeline/ShadowPipeline
instanceKlass com/jme3/texture/FrameBuffer$FrameBufferTarget
instanceKlass com/jme3/texture/FrameBuffer$RenderBuffer
instanceKlass com/jme3/light/NullLightFilter
instanceKlass org/foxesworld/kalitech/engine/modules/render/shadow/pipeline/ShadowPipelineRegistry$PipelineDef
instanceKlass com/oracle/truffle/api/CompilerDirectives$TruffleBoundary
instanceKlass com/oracle/truffle/api/strings/InternalByteArray
instanceKlass com/oracle/truffle/api/strings/TruffleString$WithMask
instanceKlass com/oracle/truffle/api/strings/NativeAllocator
instanceKlass org/foxesworld/kalitech/engine/modules/render/shadow/pipeline/ShadowPipelineRegistry$StepDef
instanceKlass com/oracle/truffle/js/runtime/doubleconv/DtoaBuffer$1
instanceKlass com/oracle/truffle/js/runtime/doubleconv/IeeeDouble
instanceKlass com/oracle/truffle/js/runtime/doubleconv/FixedDtoa
instanceKlass com/oracle/truffle/js/runtime/doubleconv/DtoaBuffer
instanceKlass com/oracle/truffle/js/runtime/doubleconv/DoubleConversion
instanceKlass com/oracle/truffle/js/nodes/cast/IsNumberNodeGen
instanceKlass com/jme3/post/FilterPostProcessor
instanceKlass com/oracle/truffle/api/strings/NumberConversion
instanceKlass com/oracle/truffle/js/nodes/cast/JSToNumericNodeGen$PrimitiveToNumericOrNullNodeGen
instanceKlass com/oracle/truffle/js/nodes/cast/AsPrimitiveNodeGen
instanceKlass com/oracle/truffle/api/object/Obsolescence$1
instanceKlass com/oracle/js/parser/JSType
instanceKlass org/foxesworld/kalitech/engine/world/WorldAppState$DefaultRuntimePolicy
instanceKlass org/graalvm/polyglot/proxy/ProxyArray$1
instanceKlass org/foxesworld/kalitech/engine/world/KWorld$Entry
instanceKlass org/foxesworld/kalitech/engine/world/systems/JsWorldSystem
instanceKlass org/foxesworld/kalitech/engine/world/systems/HotReloadableSystem
instanceKlass org/graalvm/polyglot/proxy/ProxyObject$1
instanceKlass org/foxesworld/kalitech/engine/world/KWorld
instanceKlass org/foxesworld/kalitech/engine/world/WorldTimeParams
instanceKlass com/oracle/truffle/js/builtins/NumberFunctionBuiltinsFactory
instanceKlass org/foxesworld/kalitech/engine/world/systems/MainThreadBudgetQueue
instanceKlass org/foxesworld/kalitech/engine/world/systems/SystemContext$RuntimeProvider
instanceKlass org/foxesworld/kalitech/engine/world/systems/SystemContext$PerfProvider
instanceKlass org/foxesworld/kalitech/engine/world/WorldTime
instanceKlass org/foxesworld/kalitech/engine/world/systems/SystemScheduler
instanceKlass com/oracle/truffle/js/runtime/interop/InteropBoundFunctionGen
instanceKlass com/oracle/truffle/js/runtime/interop/InteropFunctionGen
instanceKlass org/foxesworld/kalitech/engine/modules/physics/util/IntObjectMap$Entry
instanceKlass org/foxesworld/kalitech/engine/modules/physics/util/IntObjectMap$EntryIterator
instanceKlass org/foxesworld/kalitech/engine/perf/PerfProfiler$StatWindow
instanceKlass com/jme3/math/Ray
instanceKlass org/foxesworld/kalitech/engine/world/systems/SystemContext$HotReloadDomain
instanceKlass org/foxesworld/kalitech/engine/world/systems/WorkerSystemStats
instanceKlass org/foxesworld/kalitech/engine/world/systems/SystemContext$PerfDomain
instanceKlass org/foxesworld/kalitech/engine/world/systems/SystemContext$StateDomain
instanceKlass org/foxesworld/kalitech/engine/world/systems/SystemContext$RenderDomain
instanceKlass org/foxesworld/kalitech/engine/world/systems/SystemContext$TimeDomain
instanceKlass org/foxesworld/kalitech/engine/world/systems/SystemContext$WorldDomain
instanceKlass org/foxesworld/kalitech/engine/world/systems/SystemContext$EngineDomain
instanceKlass org/foxesworld/kalitech/engine/world/HotReloadHub
instanceKlass org/foxesworld/kalitech/engine/world/systems/SystemContext$RuntimePolicies$DefaultRuntimePolicy
instanceKlass org/foxesworld/kalitech/engine/world/systems/SystemContext$RuntimePolicy
instanceKlass org/foxesworld/kalitech/engine/world/systems/SystemContext$RuntimePolicies
instanceKlass org/foxesworld/kalitech/engine/world/systems/SystemContext
instanceKlass sun/nio/fs/WindowsWatchService$FileKey
instanceKlass sun/nio/fs/AbstractPoller$2
instanceKlass sun/nio/fs/AbstractPoller$Request
instanceKlass java/nio/file/WatchEvent$Modifier
instanceKlass java/nio/file/Path$1
instanceKlass sun/nio/fs/WindowsDirectoryStream$WindowsDirectoryIterator
instanceKlass sun/nio/fs/AbstractPoller$1
instanceKlass sun/nio/fs/AbstractPoller
instanceKlass java/nio/file/StandardWatchEventKinds$StdWatchEventKind
instanceKlass java/nio/file/WatchEvent$Kind
instanceKlass java/nio/file/StandardWatchEventKinds
instanceKlass sun/nio/fs/AbstractWatchKey$Event
instanceKlass java/nio/file/WatchEvent
instanceKlass sun/nio/fs/AbstractWatchKey
instanceKlass java/nio/file/WatchKey
instanceKlass java/util/concurrent/BlockingDeque
instanceKlass sun/nio/fs/AbstractWatchService
instanceKlass java/nio/file/WatchService
instanceKlass org/foxesworld/kalitech/engine/util/ReadCsv
instanceKlass org/foxesworld/kalitech/engine/script/hotreload/HotReloadWatcher
instanceKlass com/oracle/truffle/js/nodes/array/JSArrayGetOwnPropertyNodeGen$CachedData
instanceKlass com/oracle/truffle/js/nodes/array/JSArrayGetOwnPropertyNodeGen
instanceKlass com/oracle/truffle/js/nodes/array/JSArrayNextElementIndexNodeGen$WithoutHolesCachedData
instanceKlass com/oracle/truffle/js/nodes/array/JSArrayLastElementIndexNodeGen$WithoutHolesCachedData
instanceKlass com/oracle/truffle/js/nodes/array/JSArrayFirstElementIndexNodeGen$WithoutHolesCachedData
instanceKlass com/oracle/truffle/js/builtins/ConstructorBuiltins$ConstructArrayNode$ConstructArrayAllocationSite
instanceKlass com/oracle/truffle/js/runtime/util/JSHashMap$Node
instanceKlass com/oracle/truffle/js/runtime/util/JSHashMap$Cursor
instanceKlass com/oracle/truffle/js/runtime/util/JSHashMap
instanceKlass com/oracle/truffle/js/builtins/ConstructorBuiltinsFactory
instanceKlass com/oracle/truffle/js/runtime/builtins/JSArgumentsObjectGen
instanceKlass org/foxesworld/kalitech/engine/api/interfaces/physics/PhysicsRayHit
instanceKlass org/foxesworld/kalitech/engine/api/interfaces/physics/PhysicsBodyHandle
instanceKlass com/oracle/truffle/js/nodes/access/ObjectLiteralNodeFactory
instanceKlass de/jarnbjo/vorbis/Residue$Look
instanceKlass de/jarnbjo/vorbis/AudioPacket
instanceKlass com/jme3/audio/plugins/UncachedOggStream
instanceKlass de/jarnbjo/vorbis/Mode
instanceKlass de/jarnbjo/vorbis/Mapping
instanceKlass de/jarnbjo/vorbis/Residue
instanceKlass de/jarnbjo/vorbis/Floor
instanceKlass de/jarnbjo/vorbis/Util
instanceKlass de/jarnbjo/util/io/HuffmanNode
instanceKlass de/jarnbjo/vorbis/CodeBook
instanceKlass de/jarnbjo/vorbis/SetupHeader
instanceKlass de/jarnbjo/vorbis/CommentHeader
instanceKlass de/jarnbjo/vorbis/MdctFloat
instanceKlass de/jarnbjo/vorbis/IdentificationHeader
instanceKlass de/jarnbjo/vorbis/VorbisStream
instanceKlass de/jarnbjo/ogg/LogicalOggStreamImpl
instanceKlass de/jarnbjo/util/io/ByteArrayBitInputStream
instanceKlass de/jarnbjo/util/io/BitInputStream
instanceKlass de/jarnbjo/ogg/OggPage
instanceKlass de/jarnbjo/ogg/LogicalOggStream
instanceKlass com/jme3/audio/plugins/CachedOggStream
instanceKlass org/foxesworld/kalitech/engine/modules/sound/SoundDef
instanceKlass org/foxesworld/kalitech/engine/modules/render/RenderCfg
instanceKlass com/oracle/truffle/api/HostCompilerDirectives
instanceKlass org/foxesworld/kalitech/engine/modules/sound/FloatRange
instanceKlass org/foxesworld/kalitech/engine/script/util/JsCfg
instanceKlass com/oracle/truffle/js/runtime/builtins/JSArrayObjectGen
instanceKlass com/oracle/truffle/js/runtime/interop/InteropArrayGen
instanceKlass com/oracle/truffle/polyglot/PolyglotValueDispatch$InteropValue$MemberSet$1
instanceKlass com/oracle/truffle/js/runtime/util/IteratorUtil$2
instanceKlass com/oracle/truffle/js/runtime/util/IteratorUtil
instanceKlass com/oracle/truffle/js/runtime/interop/InteropArray
instanceKlass org/foxesworld/kalitech/engine/modules/sound/SoundParsers
instanceKlass com/oracle/truffle/api/strings/FastDoubleParser$FastDoubleMath
instanceKlass com/oracle/truffle/api/strings/FastDoubleParser
instanceKlass com/oracle/truffle/api/strings/TStringInternalNodesFactory$ParseDoubleNodeGen
instanceKlass com/oracle/truffle/js/runtime/objects/PropertyDescriptor
instanceKlass org/foxesworld/kalitech/engine/api/interfaces/SurfaceApi$WorldBounds
instanceKlass org/foxesworld/kalitech/engine/api/interfaces/SurfaceApi$Hit
instanceKlass com/oracle/js/parser/Parser$6
instanceKlass com/oracle/truffle/js/runtime/util/Pair
instanceKlass com/oracle/truffle/host/HostObject$IsMemberInvocable
instanceKlass com/oracle/truffle/host/HostObject$IsMemberModifiable
instanceKlass com/oracle/truffle/js/nodes/access/PropertyGetNodeFactory$GetPropertyFromJSObjectNodeGen$JSObjectCachedData
instanceKlass com/oracle/truffle/js/nodes/access/PropertyGetNodeFactory
instanceKlass com/oracle/truffle/api/object/Obsolescence
instanceKlass com/oracle/truffle/host/HostObject$IsMemberReadable
instanceKlass com/oracle/truffle/js/nodes/IntToLongTypeSystem
instanceKlass com/oracle/truffle/api/strings/Encodings$BuiltinTranscodingErrorHandler
instanceKlass com/oracle/truffle/api/strings/TranscodingErrorHandler
instanceKlass com/oracle/truffle/api/strings/TStringInternalNodesFactory$IndexOfCodePointSetNodeGen$DynamicStrideData
instanceKlass com/oracle/truffle/api/strings/TStringInternalNodesFactory$FromBufferWithStringCompactionNodeGen
instanceKlass com/oracle/truffle/api/strings/TruffleStringFactory$InternalCopyToByteArrayNodeGen
instanceKlass com/oracle/truffle/api/strings/Encodings$1
instanceKlass com/oracle/truffle/api/strings/Encodings
instanceKlass com/oracle/truffle/api/strings/IndexOfCodePointSet
instanceKlass com/oracle/truffle/api/strings/TruffleString$CodePointSet
instanceKlass com/oracle/truffle/js/runtime/array/dyn/ArrayCopy
instanceKlass com/oracle/truffle/js/builtins/StringPrototypeBuiltinsFactory$JSStringSplitNodeGen$RegExpSplitterNodeGen
instanceKlass com/oracle/truffle/js/builtins/StringPrototypeBuiltinsFactory$JSStringSplitNodeGen$StringSplitterNodeGen
instanceKlass com/oracle/truffle/js/builtins/ObjectFunctionBuiltinsFactory$ObjectSetIntegrityLevelNodeGen$JSObjectCachedData
instanceKlass com/oracle/truffle/js/nodes/access/InitErrorObjectNodeFactory
instanceKlass com/oracle/truffle/api/strings/InternalErrors
instanceKlass com/oracle/truffle/js/builtins/json/TruffleJSONParser
instanceKlass com/oracle/truffle/api/impl/ReadOnlyFrame
instanceKlass com/oracle/truffle/api/impl/DefaultTruffleRuntime$2
instanceKlass com/oracle/truffle/api/TruffleStackTrace$1
instanceKlass com/oracle/truffle/api/TruffleStackTrace$TracebackElement
instanceKlass org/foxesworld/kalitech/engine/asset/AssetIO
instanceKlass org/foxesworld/kalitech/engine/api/contract/ApiContracts$ThreadChecker
instanceKlass org/foxesworld/kalitech/engine/api/contract/NotNull
instanceKlass org/foxesworld/kalitech/engine/api/contract/ApiContracts$ParamRules
instanceKlass org/foxesworld/kalitech/engine/api/contract/ApiContracts$CompiledMethod
instanceKlass com/oracle/truffle/api/strings/AbstractTruffleString$NativePointer
instanceKlass com/oracle/truffle/host/HostUtil
instanceKlass org/foxesworld/kalitech/engine/api/contract/ApiParam
instanceKlass org/foxesworld/kalitech/engine/api/contract/ApiMethod
instanceKlass com/oracle/truffle/host/HostMethodScope
instanceKlass com/oracle/truffle/host/HostFunctionGen
instanceKlass com/oracle/truffle/host/HostFunction
instanceKlass com/oracle/truffle/api/strings/AbstractTruffleString$LazyLong
instanceKlass com/oracle/truffle/api/strings/AbstractTruffleString$LazyConcat
instanceKlass com/oracle/truffle/regex/result/RegexResult$ReadMember
instanceKlass com/oracle/truffle/regex/result/RegexResult$IsMemberReadable
instanceKlass com/oracle/truffle/regex/result/RegexResultGen$InteropLibraryExports$Cached$IsMemberInvocableCacheEqualsData
instanceKlass com/oracle/truffle/regex/result/RegexResultGen$InteropLibraryExports$Cached$IsMemberInvocableCacheIdentityData
instanceKlass com/oracle/truffle/regex/result/RegexResultGen$InteropLibraryExports$Cached$ReadMemberLastGroupEqualsData
instanceKlass com/oracle/truffle/regex/result/RegexResultGen$InteropLibraryExports$Cached$ReadMemberLastGroupIdentityData
instanceKlass com/oracle/truffle/regex/result/RegexResultGen$InteropLibraryExports$Cached$ReadMemberGetEndEqualsData
instanceKlass com/oracle/truffle/regex/result/RegexResultGen$InteropLibraryExports$Cached$ReadMemberGetEndIdentityData
instanceKlass com/oracle/truffle/regex/result/RegexResultGen$InteropLibraryExports$Cached$ReadMemberGetStartEqualsData
instanceKlass com/oracle/truffle/regex/result/RegexResultGen$InteropLibraryExports$Cached$ReadMemberGetStartIdentityData
instanceKlass com/oracle/truffle/regex/result/RegexResultGen$InteropLibraryExports$Cached$ReadMemberIsMatchEqualsData
instanceKlass com/oracle/truffle/regex/result/RegexResultGen$InteropLibraryExports$Cached$ReadMemberIsMatchIdentityData
instanceKlass com/oracle/truffle/regex/result/RegexResultGen$InteropLibraryExports$Cached$IsMemberReadableCacheEqualsData
instanceKlass com/oracle/truffle/regex/result/RegexResultGen$InteropLibraryExports$Cached$IsMemberReadableCacheIdentityData
instanceKlass com/oracle/truffle/regex/result/RegexResultGen
instanceKlass com/oracle/truffle/js/runtime/util/TRegexUtil$TRegexResultAccessor
instanceKlass com/oracle/truffle/regex/tregex/nodes/input/InputOps
instanceKlass com/oracle/truffle/regex/RegexObjectFactory$InvokeCacheNodeGen$ExecBooleanEqualsData
instanceKlass com/oracle/truffle/regex/RegexObjectFactory$InvokeCacheNodeGen$ExecBooleanIdentityData
instanceKlass com/oracle/truffle/regex/RegexObjectFactory$InvokeCacheNodeGen$ExecEqualsData
instanceKlass com/oracle/truffle/regex/RegexObjectFactory$InvokeCacheNodeGen$ExecIdentityData
instanceKlass com/oracle/truffle/regex/RegexObjectFactory
instanceKlass com/oracle/truffle/regex/RegexObject$IsMemberInvocable
instanceKlass com/oracle/truffle/regex/RegexFlagsGen
instanceKlass com/oracle/truffle/js/runtime/util/TRegexUtil$TRegexFlagsAccessor
instanceKlass com/oracle/truffle/js/runtime/util/TRegexUtil$TRegexCompiledRegexAccessor
instanceKlass com/oracle/truffle/js/runtime/util/TRegexUtilFactory$InvokeExecMethodNodeGen
instanceKlass com/oracle/truffle/js/builtins/helper/IsPristineObjectNodeGen$CachedData
instanceKlass com/oracle/truffle/js/runtime/util/TRegexUtilFactory$InteropReadIntMemberNodeGen
instanceKlass com/oracle/truffle/js/runtime/util/TRegexUtilFactory$InteropToBooleanNodeGen
instanceKlass com/oracle/truffle/js/builtins/RegExpPrototypeBuiltinsFactory
instanceKlass com/oracle/truffle/js/builtins/RegExpPrototypeBuiltinsFactory$AdvanceStringIndexNodeGen
instanceKlass com/oracle/truffle/api/strings/TStringOpsNodesFactory$RawIndexOfCodePointNodeGen
instanceKlass com/oracle/truffle/api/strings/TStringInternalNodesFactory$IndexOfCodePointRawNodeGen
instanceKlass com/oracle/truffle/js/builtins/helper/ReplaceStringParser$TokenConsumer
instanceKlass com/oracle/truffle/js/builtins/helper/ReplaceStringParser
instanceKlass com/oracle/truffle/js/builtins/helper/ReplaceStringParser$Token
instanceKlass com/oracle/truffle/js/builtins/RegExpPrototypeBuiltins$ReplaceStringConsumerTRegex$ParentNode
instanceKlass com/oracle/truffle/js/builtins/helper/ReplaceStringParser$Consumer
instanceKlass com/oracle/truffle/regex/util/TruffleNullGen
instanceKlass com/oracle/truffle/regex/AbstractConstantKeysObject$ReadMember
instanceKlass com/oracle/truffle/regex/AbstractConstantKeysObject$IsMemberReadable
instanceKlass com/oracle/truffle/regex/RegexObjectGen$InteropLibraryExports$Cached$IsMemberInvocableCacheEqualsData
instanceKlass com/oracle/truffle/regex/RegexObjectGen$InteropLibraryExports$Cached$IsMemberInvocableCacheIdentityData
instanceKlass com/oracle/truffle/regex/AbstractConstantKeysObjectGen$InteropLibraryExports$Cached$ReadMemberReadEqualsData
instanceKlass com/oracle/truffle/regex/AbstractConstantKeysObjectGen$InteropLibraryExports$Cached$ReadMemberReadIdentityData
instanceKlass com/oracle/truffle/regex/AbstractConstantKeysObjectGen$InteropLibraryExports$Cached$IsMemberReadableCacheEqualsData
instanceKlass com/oracle/truffle/regex/AbstractConstantKeysObjectGen$InteropLibraryExports$Cached$IsMemberReadableCacheIdentityData
instanceKlass com/oracle/truffle/regex/RegexObjectGen
instanceKlass com/oracle/truffle/regex/AbstractConstantKeysObjectGen
instanceKlass com/oracle/truffle/regex/AbstractRegexObjectGen
instanceKlass com/oracle/truffle/api/strings/TStringInternalNodesFactory$ToIndexableNodeGen
instanceKlass com/oracle/truffle/api/strings/TStringOpsNodesFactory$RawIndexOfStringNodeGen
instanceKlass com/oracle/truffle/api/strings/TStringInternalNodesFactory$IndexOfStringRawNodeGen
instanceKlass com/oracle/truffle/regex/tregex/parser/ast/InnerLiteral
instanceKlass com/oracle/truffle/regex/tregex/string/AbstractStringIterator
instanceKlass com/oracle/truffle/regex/tregex/string/StringUTF16
instanceKlass com/oracle/truffle/regex/tregex/string/AbstractString
instanceKlass com/oracle/truffle/regex/result/PreCalculatedResultFactory
instanceKlass com/oracle/truffle/regex/literal/LiteralRegexEngine
instanceKlass com/oracle/truffle/regex/tregex/automaton/StateSetImpl
instanceKlass com/oracle/truffle/regex/tregex/automaton/StateSet$1
instanceKlass com/oracle/truffle/regex/tregex/automaton/StateSet
instanceKlass com/oracle/truffle/regex/tregex/parser/ast/visitors/NFATraversalRegexASTVisitor
instanceKlass com/oracle/truffle/regex/util/BitSets$BitSetIterator
instanceKlass com/oracle/truffle/regex/tregex/util/MathUtil
instanceKlass com/oracle/truffle/regex/tregex/parser/RegexASTPostProcessor
instanceKlass com/oracle/truffle/regex/flavor/js/JSRegexParser$1
instanceKlass com/oracle/truffle/regex/tregex/parser/ast/visitors/RegexASTVisitor
instanceKlass com/oracle/truffle/regex/tregex/automaton/SimpleStateIndex
instanceKlass com/oracle/truffle/regex/tregex/parser/RegexProperties
instanceKlass com/oracle/truffle/regex/tregex/parser/Counter
instanceKlass com/oracle/truffle/regex/tregex/parser/ast/RegexAST
instanceKlass com/oracle/truffle/regex/tregex/automaton/StateIndex
instanceKlass com/oracle/truffle/regex/tregex/parser/ast/visitors/RegexASTVisitorIterable
instanceKlass com/oracle/truffle/regex/tregex/automaton/AbstractState
instanceKlass com/oracle/truffle/regex/tregex/parser/ast/RegexASTNode
instanceKlass com/oracle/truffle/regex/tregex/parser/RegexASTBuilder
instanceKlass com/oracle/truffle/regex/flavor/js/JSRegexParser
instanceKlass com/oracle/truffle/regex/RegexProfile$TracksRegexProfile
instanceKlass com/oracle/truffle/regex/tregex/TRegexCompilationRequest
instanceKlass com/oracle/truffle/regex/tregex/util/Loggers
instanceKlass com/oracle/truffle/regex/tregex/TRegexCompiler
instanceKlass com/oracle/truffle/js/runtime/util/TRegexUtilFactory
instanceKlass com/oracle/truffle/js/nodes/cast/JSNumberToDoubleNodeGen
instanceKlass com/oracle/truffle/api/dsl/DSLSupport
instanceKlass com/oracle/truffle/api/strings/provider/JCodingsProvider
instanceKlass com/oracle/truffle/api/strings/JCodings
instanceKlass com/oracle/truffle/api/strings/TStringOpsNodesFactory$RawLastIndexOfStringNodeGen
instanceKlass com/oracle/truffle/api/strings/TruffleStringIteratorFactory$InternalPreviousNodeGen
instanceKlass com/oracle/truffle/api/strings/TStringInternalNodesFactory$LastIndexOfStringRawNodeGen
instanceKlass com/oracle/truffle/api/strings/TStringInternalNodesFactory$GetCodeRangeForIndexCalculationNodeGen
instanceKlass com/oracle/truffle/js/builtins/StringPrototypeBuiltinsFactory
instanceKlass com/oracle/truffle/js/runtime/util/InlinedProfileBuilder
instanceKlass com/oracle/truffle/js/nodes/array/ArrayLengthNodeFactory$ArrayLengthReadNodeGen$IntLengthData
instanceKlass com/oracle/truffle/js/nodes/array/ArrayLengthNodeFactory
instanceKlass com/oracle/truffle/host/HostObject$IsInstantiable
instanceKlass com/oracle/truffle/host/HostObject$IsIterator
instanceKlass com/oracle/truffle/host/HostObject$HasIterator
instanceKlass com/oracle/truffle/host/HostObject$HasArrayElements
instanceKlass com/oracle/truffle/host/HostClassDesc$Members$MethodInfo
instanceKlass com/oracle/truffle/host/HostAdapterClassLoader
instanceKlass com/oracle/truffle/host/HostClassDesc$Members$1
instanceKlass com/oracle/truffle/host/HostClassDesc$Members
instanceKlass com/oracle/truffle/host/HostClassDesc
instanceKlass com/oracle/truffle/host/HostInteropReflect
instanceKlass com/oracle/truffle/host/HostObject$HasHashEntries
instanceKlass com/oracle/truffle/host/HostObject$IsNumber
instanceKlass com/oracle/truffle/host/HostObjectFactory$WriteFieldNodeGen
instanceKlass com/oracle/truffle/host/HostObjectFactory$LookupInnerClassNodeGen$CachedData
instanceKlass com/oracle/truffle/host/HostObjectFactory$LookupInnerClassNodeGen
instanceKlass com/oracle/truffle/host/HostObjectFactory$ArrayGetNodeGen
instanceKlass com/oracle/truffle/host/HostObjectFactory$ArraySetNodeGen
instanceKlass com/oracle/truffle/host/HostObjectFactory$LookupFunctionalMethodNodeGen$CachedData
instanceKlass com/oracle/truffle/host/HostObjectFactory$LookupFunctionalMethodNodeGen
instanceKlass com/oracle/truffle/host/HostObjectFactory$LookupMethodNodeGen$CachedData
instanceKlass com/oracle/truffle/host/HostObjectFactory$LookupMethodNodeGen
instanceKlass com/oracle/truffle/host/HostFieldDesc
instanceKlass com/oracle/truffle/host/HostObjectFactory$ReadFieldNodeGen
instanceKlass com/oracle/truffle/host/HostObjectFactory$LookupFieldNodeGen$CachedData
instanceKlass com/oracle/truffle/host/HostObjectFactory$LookupFieldNodeGen
instanceKlass com/oracle/truffle/host/HostObjectFactory$ContainsKeyNodeGen
instanceKlass com/oracle/truffle/host/HostExecuteNodeGen$HostMethodProfileNodeGen
instanceKlass com/oracle/truffle/host/HostMethodDesc
instanceKlass com/oracle/truffle/host/HostExecuteNodeGen
instanceKlass com/oracle/truffle/host/HostObjectFactory$LookupConstructorNodeGen$CachedData
instanceKlass com/oracle/truffle/host/HostObjectFactory
instanceKlass com/oracle/truffle/host/HostObjectFactory$LookupConstructorNodeGen
instanceKlass com/oracle/truffle/host/HostContextFactory
instanceKlass com/oracle/truffle/host/HostContextFactory$ToGuestValueNodeGen$CachedData
instanceKlass com/oracle/truffle/host/HostObjectGen$InteropLibraryExports$Cached$IsMemberInvocableCachedData
instanceKlass com/oracle/truffle/host/HostObjectGen$InteropLibraryExports$Cached$IsMemberInternalCachedData
instanceKlass com/oracle/truffle/host/HostObjectGen$InteropLibraryExports$Cached$IsMemberModifiableCachedData
instanceKlass com/oracle/truffle/host/HostObjectGen$InteropLibraryExports$Cached$IsMemberReadableCachedData
instanceKlass com/oracle/truffle/host/HostObjectGen
instanceKlass com/oracle/truffle/js/nodes/access/RequireObjectCoercibleNodeGen$CachedJSClassData
instanceKlass com/oracle/truffle/js/nodes/unary/JSIsArrayNodeGen$IsArrayClassData
instanceKlass com/oracle/truffle/js/runtime/builtins/ArrayAccess
instanceKlass com/oracle/truffle/js/nodes/array/ArrayBufferByteLengthNodeGen
instanceKlass com/oracle/truffle/js/builtins/ArrayIteratorGetLengthNodeGen
instanceKlass com/oracle/truffle/js/runtime/objects/IteratorRecord
instanceKlass com/oracle/truffle/js/runtime/util/InlinedProfileBag
instanceKlass com/oracle/truffle/js/runtime/util/ReferenceKey$StrongKeyWithIdentity
instanceKlass com/oracle/truffle/js/runtime/util/ReferenceKey$WithIdentity
instanceKlass com/oracle/truffle/js/runtime/objects/JSShapeData
instanceKlass com/oracle/truffle/js/nodes/access/HasOnlyShapePropertiesNodeGen$CachedData
instanceKlass com/oracle/truffle/js/nodes/function/SpecializedNewObjectNodeGen$CreateWithProtoCachedClassData
instanceKlass com/oracle/truffle/js/nodes/function/SpecializedNewObjectNodeGen$CachedProtoData
instanceKlass com/oracle/truffle/js/nodes/function/ClassElementDefinitionRecord
instanceKlass com/oracle/truffle/js/nodes/function/BuiltinArgumentBuilder
instanceKlass com/oracle/truffle/js/nodes/access/GetIteratorFromMethodNodeGen
instanceKlass com/oracle/truffle/js/nodes/function/DefineMethodNodeFactory$FunctionCreateNodeGen$CachedData
instanceKlass com/oracle/truffle/js/nodes/function/DefineMethodNodeFactory
instanceKlass com/oracle/truffle/js/nodes/access/CreateObjectNodeFactory$CreateObjectWithPrototypeNodeGen$CachedPrototypeData
instanceKlass com/oracle/truffle/js/nodes/access/CreateObjectNodeFactory
instanceKlass com/oracle/truffle/js/nodes/access/IsJSObjectNodeGen$IsObjectCachedData
instanceKlass com/oracle/truffle/js/runtime/util/InternalSlotId
instanceKlass com/oracle/truffle/js/parser/env/FunctionEnvironment$JumpTargetCloseable
instanceKlass com/oracle/truffle/js/nodes/access/LocalVarIncNode$LocalVarOp
instanceKlass com/oracle/truffle/api/nodes/RepeatingNode$2
instanceKlass com/oracle/truffle/api/nodes/RepeatingNode$1
instanceKlass com/oracle/truffle/js/nodes/control/GeneratorNode
instanceKlass com/oracle/truffle/js/nodes/access/GlobalScopeLookupNodeGen$CachedData
instanceKlass com/oracle/truffle/js/nodes/unary/JSIsNullOrUndefinedNodeGen$JSObjectCachedData
instanceKlass com/oracle/js/parser/Parser$PropertyFunction
instanceKlass com/oracle/js/parser/ParserContext$NodeIterator
instanceKlass com/oracle/js/parser/Parser$ForVariableDeclarationListResult
instanceKlass com/oracle/truffle/regex/flavor/js/JSRegexValidator$1
instanceKlass com/oracle/truffle/regex/charset/ImmutableSortedListOfRanges$ImmutableSortedListOfRangesIterator
instanceKlass com/oracle/truffle/regex/charset/Range
instanceKlass java/lang/StringUTF16$CodePointsSpliterator
instanceKlass com/oracle/truffle/regex/tregex/parser/CaseUnfoldingTrie
instanceKlass com/oracle/truffle/regex/tregex/parser/CaseFoldData$CaseFoldTable
instanceKlass com/oracle/truffle/regex/tregex/parser/CaseFoldData$CaseFoldEquivalenceTable
instanceKlass com/oracle/truffle/regex/tregex/parser/CaseFoldData
instanceKlass com/oracle/truffle/regex/charset/CodePointSetAccumulator
instanceKlass com/oracle/truffle/regex/charset/Constants
instanceKlass com/oracle/truffle/regex/tregex/buffer/AbstractArrayBuffer
instanceKlass com/oracle/truffle/regex/tregex/parser/Token
instanceKlass com/oracle/truffle/regex/AbstractRegexObject
instanceKlass com/oracle/truffle/regex/flavor/js/JSRegexValidator
instanceKlass com/oracle/truffle/regex/tregex/buffer/CompilationBuffer
instanceKlass com/oracle/truffle/regex/RegexSource
instanceKlass com/oracle/truffle/regex/RegexOptions$Builder
instanceKlass com/oracle/truffle/regex/RegexLanguage$RegexContext
instanceKlass com/oracle/truffle/js/runtime/RegexCompilerInterface
instanceKlass com/oracle/js/parser/ir/BinaryNode$1
instanceKlass com/oracle/js/parser/Parser$3
instanceKlass org/graalvm/polyglot/proxy/ProxyHashMap
instanceKlass org/graalvm/polyglot/proxy/ProxyIterator
instanceKlass org/graalvm/polyglot/proxy/ProxyDuration
instanceKlass org/graalvm/polyglot/proxy/ProxyInstant
instanceKlass org/graalvm/polyglot/proxy/ProxyTime
instanceKlass org/graalvm/polyglot/proxy/ProxyDate
instanceKlass org/graalvm/polyglot/proxy/ProxyTimeZone
instanceKlass org/graalvm/polyglot/proxy/ProxyObject
instanceKlass org/graalvm/polyglot/proxy/ProxyInstantiable
instanceKlass org/graalvm/polyglot/proxy/ProxyNativeObject
instanceKlass com/oracle/truffle/host/GuestToHostCodeCacheBase
instanceKlass com/oracle/truffle/host/HostProxyGen
instanceKlass com/oracle/truffle/js/parser/GraalJSTranslator$4
instanceKlass com/oracle/js/parser/ir/LexicalContext$NodeIterator
instanceKlass com/oracle/js/parser/Lexer$LexerToken
instanceKlass com/oracle/js/parser/Parser$ParserState
instanceKlass com/oracle/js/parser/ir/Symbol
instanceKlass com/oracle/js/parser/ir/Scope$UseInfo
instanceKlass org/foxesworld/kalitech/engine/script/cache/ScriptCaches$SourceKey
instanceKlass com/oracle/truffle/js/nodes/access/ReadElementNodeFactory
instanceKlass com/oracle/truffle/js/nodes/access/ReadElementNodeFactory$ArrayReadElementCacheDispatchNodeGen
instanceKlass com/oracle/truffle/js/nodes/function/FunctionNameHolder$Delegate
instanceKlass com/oracle/truffle/js/nodes/ScriptNode
instanceKlass com/oracle/truffle/js/nodes/control/ResumableNode$1
instanceKlass com/oracle/truffle/js/nodes/JSFrameSlot$FrameSlotFlags
instanceKlass com/oracle/truffle/js/nodes/JSFrameSlot
instanceKlass com/oracle/truffle/js/nodes/JSFrameDescriptor$ScopedIdentifier
instanceKlass com/oracle/truffle/js/parser/GraalJSTranslator$EnvironmentCloseable
instanceKlass com/oracle/truffle/js/nodes/JSFrameDescriptor
instanceKlass com/oracle/truffle/js/nodes/control/BreakTarget
instanceKlass com/oracle/truffle/js/parser/env/Environment$VarRef
instanceKlass com/oracle/js/parser/ir/LexicalContext
instanceKlass com/oracle/js/parser/Lexer$1
instanceKlass com/oracle/js/parser/CoverExpressionError
instanceKlass com/oracle/js/parser/Parser$7
instanceKlass com/oracle/js/parser/ParserContextScopableNode
instanceKlass com/oracle/js/parser/ParserContextBreakableNode
instanceKlass com/oracle/js/parser/ParserContextBaseNode
instanceKlass java/security/CodeSigner
instanceKlass com/oracle/js/parser/ir/Scope
instanceKlass com/oracle/js/parser/Token$1
instanceKlass com/oracle/js/parser/IdentUtils
instanceKlass com/oracle/js/parser/TokenLookup
instanceKlass com/oracle/js/parser/Scanner$State
instanceKlass com/oracle/js/parser/Scanner
instanceKlass com/oracle/js/parser/TokenStream
instanceKlass com/oracle/js/parser/ParserContext
instanceKlass com/oracle/js/parser/Token
instanceKlass com/oracle/js/parser/Options
instanceKlass com/oracle/js/parser/ParserStrings
instanceKlass com/oracle/js/parser/StringPool
instanceKlass com/oracle/js/parser/ParserContextNode
instanceKlass com/oracle/js/parser/Lexer$LineInfoReceiver
instanceKlass com/oracle/js/parser/ScriptEnvironment$Builder
instanceKlass com/oracle/js/parser/ScriptEnvironment
instanceKlass com/oracle/js/parser/Source$RawData
instanceKlass com/oracle/js/parser/Source$Data
instanceKlass com/oracle/js/parser/Source
instanceKlass com/oracle/js/parser/ErrorManager
instanceKlass com/oracle/js/parser/AbstractParser
instanceKlass com/oracle/truffle/js/parser/GraalJSParserHelper
instanceKlass com/oracle/js/parser/ir/visitor/NodeVisitor
instanceKlass com/oracle/truffle/api/nodes/BlockNode$ElementExecutor
instanceKlass com/oracle/truffle/js/nodes/control/SequenceNode
instanceKlass com/oracle/js/parser/ir/Flags
instanceKlass com/oracle/js/parser/ir/FunctionCall
instanceKlass com/oracle/js/parser/ir/PropertyKey
instanceKlass com/oracle/js/parser/ir/Assignment
instanceKlass com/oracle/js/parser/ir/BreakableNode
instanceKlass com/oracle/js/parser/ir/LexicalContextScope
instanceKlass com/oracle/js/parser/ir/LexicalContextNode
instanceKlass com/oracle/js/parser/ir/Terminal
instanceKlass com/oracle/js/parser/ir/Node
instanceKlass com/oracle/js/parser/ir/visitor/TranslatorNodeVisitor
instanceKlass com/oracle/truffle/api/TruffleLanguage$ParsingRequest
instanceKlass com/oracle/truffle/polyglot/PolyglotSourceCache$WeakCacheValue
instanceKlass com/oracle/truffle/polyglot/PolyglotSourceCache$SourceKey
instanceKlass org/graalvm/polyglot/Source$Builder
instanceKlass org/graalvm/polyglot/Source
instanceKlass org/foxesworld/kalitech/engine/script/ScriptRuntime$ModuleRecord
instanceKlass com/github/benmanes/caffeine/cache/BoundedLocalCache$AddTask
instanceKlass org/foxesworld/kalitech/engine/script/ScriptRuntime$ModuleStreamProvider
instanceKlass com/oracle/truffle/js/nodes/access/FrequencyBasedPolymorphicAccessNode$HitsCount
instanceKlass com/oracle/truffle/js/nodes/cast/ToArrayIndexNoToPropertyKeyNodeGen
instanceKlass com/oracle/truffle/js/nodes/access/IsArrayNodeGen$OtherCachedData
instanceKlass com/oracle/truffle/js/nodes/access/IsArrayNodeGen$JSFastArrayShapeData
instanceKlass com/oracle/truffle/js/nodes/access/WriteElementNodeFactory
instanceKlass com/oracle/truffle/js/nodes/access/IsJSDynamicObjectNodeGen$IsObjectCachedData
instanceKlass com/oracle/truffle/js/runtime/interop/InteropFunction
instanceKlass com/oracle/truffle/js/nodes/JSTypes
instanceKlass com/oracle/truffle/js/runtime/BigInt
instanceKlass com/oracle/truffle/api/instrumentation/InstrumentableNode$1
instanceKlass com/oracle/truffle/api/instrumentation/InstrumentableNode$WrapperNode
instanceKlass com/oracle/truffle/js/nodes/access/IsExtensibleNodeGen$CachedJSNonProxyClassData
instanceKlass com/oracle/truffle/js/nodes/access/IsExtensibleNodeGen$CachedShapeData
instanceKlass com/oracle/truffle/js/nodes/JSGuards
instanceKlass com/oracle/truffle/js/runtime/interop/DynamicScopeWrapperGen
instanceKlass com/oracle/truffle/js/runtime/interop/TopScopeObjectGen
instanceKlass com/oracle/truffle/host/HostMethodScope$ScopedObject
instanceKlass com/oracle/truffle/api/impl/DefaultTruffleRuntime$DefaultFrameInstance
instanceKlass jdk/internal/util/random/RandomSupport$AbstractSpliteratorGenerator
instanceKlass java/util/SplittableRandom
instanceKlass java/util/random/RandomGenerator$SplittableGenerator
instanceKlass java/util/random/RandomGenerator$StreamableGenerator
instanceKlass com/oracle/truffle/js/runtime/builtins/intl/JSIntl
instanceKlass com/oracle/truffle/api/TruffleSafepoint$Interrupter$1
instanceKlass com/oracle/truffle/js/runtime/objects/AsyncContext
instanceKlass com/oracle/truffle/js/runtime/JSRealm$3
instanceKlass com/oracle/truffle/js/runtime/objects/JSProperty
instanceKlass com/oracle/truffle/js/runtime/util/DefinePropertyUtil
instanceKlass com/oracle/truffle/js/builtins/json/JSON
instanceKlass com/oracle/truffle/js/runtime/JSConsoleUtil
instanceKlass com/oracle/truffle/js/nodes/unary/IsCallableNodeGen$JSFunctionShapeData
instanceKlass com/oracle/truffle/js/runtime/builtins/JSMath
instanceKlass com/oracle/truffle/js/builtins/Uint8ArrayBuiltins
instanceKlass com/oracle/truffle/js/builtins/JSBuiltinsContainer$Switch$1FactoryImpl
instanceKlass com/oracle/truffle/js/builtins/MapPrototypeBuiltins$1
instanceKlass com/oracle/truffle/js/runtime/objects/JSObjectUtil$2
instanceKlass com/oracle/truffle/api/strings/TStringInternalNodesFactory$SubstringNodeGen
instanceKlass com/oracle/truffle/js/builtins/DatePrototypeBuiltins
instanceKlass com/oracle/truffle/js/runtime/builtins/JSConstructor
instanceKlass com/oracle/truffle/js/runtime/array/ArrayAllocationSite
instanceKlass org/graalvm/collections/EconomicMapImpl$SparseMapIterator
instanceKlass org/graalvm/collections/EconomicMapImpl$1
instanceKlass com/oracle/truffle/js/runtime/objects/JSObjectUtil$1
instanceKlass com/oracle/truffle/api/object/UnorderedTrieMap
instanceKlass com/oracle/truffle/api/object/TransitionMap
instanceKlass com/oracle/truffle/js/nodes/function/JSBuiltinNode$Inlineable
instanceKlass com/oracle/truffle/js/runtime/interop/DynamicScopeWrapper
instanceKlass com/oracle/truffle/js/runtime/interop/TopScopeObject
instanceKlass com/oracle/truffle/js/runtime/objects/Accessor
instanceKlass com/oracle/truffle/api/object/LinkedImmutableMap$LinkedIterator
instanceKlass com/oracle/truffle/api/object/DynamicObjectLibraryImpl$CacheData
instanceKlass com/oracle/truffle/api/object/DynamicObjectLibraryImplFactory$ResetShapeNodeGen$CachedData
instanceKlass com/oracle/truffle/api/object/DynamicObjectLibraryImplFactory$ResetShapeNodeGen
instanceKlass com/oracle/truffle/api/object/DynamicObjectLibraryImplFactory$MakeSharedNodeGen
instanceKlass com/oracle/truffle/api/object/DynamicObjectLibraryImplFactory$SetFlagsNodeGen$CachedData
instanceKlass com/oracle/truffle/api/object/DynamicObjectLibraryImplFactory$SetFlagsNodeGen
instanceKlass com/oracle/truffle/api/object/DynamicObjectLibraryImplFactory$SetDynamicTypeNodeGen$CachedData
instanceKlass com/oracle/truffle/api/object/DynamicObjectLibraryImplFactory
instanceKlass com/oracle/truffle/api/object/DynamicObjectLibraryImplFactory$SetDynamicTypeNodeGen
instanceKlass com/oracle/truffle/api/object/DynamicObjectLibraryImplGen
instanceKlass com/oracle/truffle/js/runtime/builtins/JSFunctionObjectGen
instanceKlass com/oracle/truffle/js/runtime/objects/JSNonProxyObjectGen
instanceKlass com/oracle/truffle/js/runtime/objects/JSObjectGen
instanceKlass com/oracle/truffle/js/runtime/objects/JSDynamicObjectGen
instanceKlass com/oracle/truffle/js/runtime/builtins/JSObjectFactory$RealmData
instanceKlass com/oracle/truffle/api/impl/FrameWithoutBoxing
instanceKlass com/oracle/truffle/js/runtime/JSArguments
instanceKlass com/oracle/truffle/js/runtime/JSFrameUtil
instanceKlass com/oracle/truffle/api/object/DynamicObjectSupport
instanceKlass com/oracle/truffle/api/object/ExtLocations$TypeAssumption
instanceKlass com/oracle/truffle/js/runtime/Properties
instanceKlass com/oracle/truffle/js/runtime/array/DynamicArray$DynamicArrayCache
instanceKlass com/oracle/truffle/js/runtime/util/SimpleArrayList
instanceKlass com/oracle/truffle/js/runtime/objects/Undefined
instanceKlass com/oracle/truffle/js/runtime/builtins/wasm/JSWebAssemblyInstance$Cache
instanceKlass org/graalvm/shadowed/com/ibm/icu/number/Precision
instanceKlass org/graalvm/shadowed/com/ibm/icu/util/Calendar
instanceKlass com/oracle/truffle/js/runtime/util/LazyValue
instanceKlass org/graalvm/shadowed/com/ibm/icu/util/MeasureUnit
instanceKlass org/graalvm/shadowed/com/ibm/icu/text/FormattedValue
instanceKlass org/graalvm/shadowed/com/ibm/icu/number/Notation
instanceKlass com/oracle/truffle/api/strings/Stride
instanceKlass com/oracle/truffle/api/strings/StringAttributes
instanceKlass com/oracle/truffle/api/strings/TStringInternalNodesFactory$ConcatMaterializeBytesNodeGen
instanceKlass com/oracle/truffle/api/strings/TStringInternalNodesFactory$ConcatEagerNodeGen
instanceKlass com/oracle/truffle/api/strings/TStringInternalNodesFactory$StrideFromCodeRangeNodeGen
instanceKlass com/oracle/truffle/api/object/DynamicObjectLibraryImpl
instanceKlass com/oracle/truffle/js/runtime/objects/JSObjectUtil
instanceKlass com/oracle/truffle/js/runtime/builtins/JSFunctionFactory
instanceKlass com/oracle/truffle/js/runtime/builtins/JSObjectFactory$IntrinsicBuilder
instanceKlass com/oracle/truffle/js/nodes/access/GetPrototypeNodeGen$CachedShapeData
instanceKlass com/oracle/truffle/js/nodes/JSNodeUtil
instanceKlass com/oracle/truffle/js/nodes/cast/JSToObjectNodeGen$JSObjectCachedData
instanceKlass com/oracle/truffle/api/nodes/NodeInfo
instanceKlass com/oracle/truffle/js/runtime/Symbol
instanceKlass com/oracle/truffle/js/nodes/function/FunctionNameHolder
instanceKlass com/oracle/truffle/js/nodes/control/ResumableNode$WithIntState
instanceKlass com/oracle/truffle/js/nodes/control/SuspendNode
instanceKlass com/oracle/truffle/api/nodes/RepeatingNode
instanceKlass com/oracle/truffle/js/runtime/JavaScriptFunctionCallNode
instanceKlass com/oracle/truffle/js/nodes/Truncatable
instanceKlass com/oracle/truffle/js/nodes/access/WriteNode
instanceKlass com/oracle/truffle/js/nodes/ReadNode
instanceKlass com/oracle/truffle/js/nodes/RepeatableNode
instanceKlass com/oracle/truffle/js/nodes/NodeFactory
instanceKlass com/oracle/truffle/api/object/TriePropertyMap$LinkedPropertyEntry
instanceKlass com/oracle/truffle/api/object/ExtLocations
instanceKlass com/oracle/truffle/api/object/ExtLocations$BooleanLocation
instanceKlass com/oracle/truffle/api/object/BooleanLocation
instanceKlass com/oracle/truffle/api/object/ExtLocations$IntLocation
instanceKlass com/oracle/truffle/api/object/IntLocation
instanceKlass com/oracle/truffle/api/object/ExtLocations$LongLocation
instanceKlass com/oracle/truffle/api/object/LongLocation
instanceKlass com/oracle/truffle/api/object/ExtLocations$DoubleLocation
instanceKlass com/oracle/truffle/api/object/DoubleLocation
instanceKlass com/oracle/truffle/api/object/ExtLocations$ArrayLocation
instanceKlass com/oracle/truffle/api/object/ExtLocations$ObjectLocation
instanceKlass com/oracle/truffle/api/object/ExtLocations$TypedLocation
instanceKlass com/oracle/truffle/api/object/ExtLocations$FieldLocation
instanceKlass com/oracle/truffle/api/object/Location
instanceKlass com/oracle/truffle/api/object/Flags
instanceKlass org/graalvm/collections/EconomicMapImpl$2
instanceKlass com/oracle/truffle/api/object/UnsafeAccess
instanceKlass com/oracle/truffle/object/CoreLocations$DynamicObjectFieldLocation
instanceKlass com/oracle/truffle/js/runtime/builtins/JSFunctionData$1
instanceKlass com/oracle/truffle/js/nodes/FrameDescriptorProvider
instanceKlass com/oracle/truffle/js/nodes/function/JSBuiltin
instanceKlass com/oracle/truffle/js/runtime/builtins/JSFunctionData$CallTargetInitializer
instanceKlass com/oracle/truffle/js/runtime/builtins/JSFunctionData$Initializer
instanceKlass com/oracle/truffle/js/runtime/builtins/Builtin
instanceKlass com/oracle/truffle/js/runtime/objects/JSAttributes
instanceKlass com/oracle/truffle/js/runtime/JSRuntime
instanceKlass com/oracle/truffle/js/builtins/JSBuiltinsContainer$SwitchEnum$1FactoryImpl
instanceKlass com/oracle/truffle/js/runtime/builtins/BuiltinEnum
instanceKlass com/oracle/truffle/js/nodes/function/BuiltinNodeFactory
instanceKlass com/oracle/truffle/js/builtins/JSBuiltinsContainer
instanceKlass com/oracle/truffle/js/runtime/util/DebugCounter
instanceKlass com/oracle/truffle/js/runtime/objects/JSSharedData
instanceKlass com/oracle/truffle/api/object/TrieNode
instanceKlass com/oracle/truffle/api/object/LinkedImmutableMap$LinkedEntry
instanceKlass com/oracle/truffle/api/object/LinkedImmutableMap
instanceKlass com/oracle/truffle/api/object/ShapeImpl$PropertyAssumptions
instanceKlass com/oracle/truffle/api/object/PropertyMap
instanceKlass com/oracle/truffle/api/object/ImmutableMap
instanceKlass com/oracle/truffle/api/object/DynamicObject$DynamicField
instanceKlass com/oracle/truffle/api/object/ExtLayout$LayoutInfo
instanceKlass com/oracle/truffle/api/object/DebugCounter
instanceKlass com/oracle/truffle/api/object/ShapeImpl$BaseAllocator
instanceKlass com/oracle/truffle/api/object/LocationImpl$LocationVisitor
instanceKlass com/oracle/truffle/api/object/Transition
instanceKlass com/oracle/truffle/api/object/ObjectStorageOptions
instanceKlass com/oracle/truffle/api/object/LayoutStrategy
instanceKlass com/oracle/truffle/api/object/Property
instanceKlass com/oracle/truffle/api/object/CoreLayoutFactory
instanceKlass com/oracle/truffle/api/object/LayoutFactory
instanceKlass com/oracle/truffle/api/object/Layout
instanceKlass com/oracle/truffle/js/runtime/builtins/JSAbstractArray$DefaultJSArrayDoubleComparator
instanceKlass com/oracle/truffle/js/runtime/builtins/JSAbstractArray$DefaultJSArrayIntegerComparator
instanceKlass com/oracle/truffle/js/runtime/builtins/JSAbstractArray$DefaultJSArrayComparator
instanceKlass com/oracle/truffle/js/runtime/util/CompilableBiFunction
instanceKlass com/oracle/truffle/api/object/ObjectType
instanceKlass com/oracle/truffle/api/object/Shape$AbstractBuilder
instanceKlass com/oracle/truffle/js/runtime/objects/JSShape
instanceKlass com/oracle/truffle/js/runtime/objects/Null
instanceKlass com/oracle/truffle/api/source/SourceImpl$SourceId
instanceKlass com/oracle/truffle/api/source/InternedSources
instanceKlass org/graalvm/polyglot/io/ByteArraySequence
instanceKlass com/oracle/truffle/api/source/SourceImpl$Key
instanceKlass com/oracle/truffle/api/source/Source
instanceKlass com/oracle/truffle/api/frame/FrameDescriptor$Builder
instanceKlass com/oracle/truffle/js/runtime/util/StableContextOptionValue
instanceKlass com/oracle/truffle/js/runtime/objects/JSPrototypeData
instanceKlass com/oracle/truffle/js/runtime/util/ReferenceKey
instanceKlass com/oracle/truffle/js/runtime/util/ConcurrentWeakIdentityHashMap
instanceKlass com/oracle/truffle/js/runtime/builtins/JSFunctionData
instanceKlass com/oracle/truffle/js/runtime/PromiseRejectionTracker
instanceKlass com/oracle/truffle/js/runtime/JSAgent
instanceKlass com/oracle/truffle/js/runtime/builtins/JSObjectFactory
instanceKlass com/oracle/truffle/js/runtime/builtins/JSConstructorFactory$Default$WithSpecies
instanceKlass com/oracle/truffle/js/runtime/builtins/JSConstructorFactory$Default
instanceKlass com/oracle/truffle/js/runtime/builtins/JSConstructorFactory$WithFunctionsAndSpecies
instanceKlass com/oracle/truffle/js/runtime/builtins/JSConstructorFactory$WithFunctions
instanceKlass com/oracle/truffle/js/runtime/builtins/JSConstructorFactory
instanceKlass com/oracle/truffle/js/runtime/builtins/PrototypeSupplier
instanceKlass com/oracle/truffle/js/runtime/builtins/JSClass
instanceKlass com/oracle/truffle/js/runtime/JSContext
instanceKlass com/oracle/truffle/js/runtime/objects/ScriptOrModule
instanceKlass com/oracle/truffle/js/parser/env/Environment
instanceKlass com/oracle/truffle/js/parser/GraalJSEvaluator
instanceKlass com/oracle/truffle/js/parser/JSParser
instanceKlass com/oracle/truffle/js/runtime/Evaluator
instanceKlass com/oracle/truffle/js/runtime/JSEngine
instanceKlass com/oracle/truffle/polyglot/PolyglotEngineImpl$1
instanceKlass com/oracle/truffle/polyglot/PolyglotContextConfig$PreinitConfig
instanceKlass com/oracle/truffle/polyglot/PolyglotSourceCache$SourceCacheListenerDispatch
instanceKlass com/oracle/truffle/polyglot/TracingSourceCacheListener
instanceKlass com/oracle/truffle/polyglot/PolyglotSourceCache$Cache
instanceKlass com/oracle/truffle/polyglot/PolyglotSourceCache
instanceKlass com/oracle/truffle/polyglot/PolyglotSharingLayer$Shared
instanceKlass com/oracle/truffle/regex/RegexOptionsOptionDescriptors
instanceKlass com/oracle/truffle/regex/tregex/nodes/dfa/Matchers
instanceKlass com/oracle/truffle/regex/tregex/string/AbstractStringBuffer
instanceKlass com/oracle/truffle/regex/tregex/string/Encodings$Encoding
instanceKlass com/oracle/truffle/regex/tregex/string/Encodings
instanceKlass com/oracle/truffle/regex/flavor/java/JavaFlavorProvider
instanceKlass com/oracle/truffle/regex/flavor/oracledb/OracleDBFlavorProvider
instanceKlass com/oracle/truffle/regex/flavor/ruby/RubyFlavorProvider
instanceKlass com/oracle/truffle/regex/flavor/python/PythonFlavorProvider
instanceKlass com/oracle/truffle/regex/charset/UnicodePropertyDataDiff$CodePointSetDiff
instanceKlass com/oracle/truffle/regex/charset/ClassSetContents
instanceKlass com/oracle/truffle/regex/util/EmptyArrays
instanceKlass com/oracle/truffle/regex/charset/ImmutableSortedListOfRanges$1
instanceKlass com/oracle/truffle/regex/charset/SortedListOfRanges$1
instanceKlass com/oracle/truffle/regex/charset/RangesBuffer
instanceKlass com/oracle/truffle/regex/charset/ImmutableSortedListOfIntRanges
instanceKlass com/oracle/truffle/regex/charset/ImmutableSortedListOfRanges
instanceKlass com/oracle/truffle/regex/charset/SortedListOfRanges
instanceKlass com/oracle/truffle/regex/charset/UnicodePropertyData
instanceKlass com/oracle/truffle/regex/charset/UnicodePropertyDataVersion
instanceKlass com/oracle/truffle/regex/charset/UnicodeProperties
instanceKlass com/oracle/truffle/regex/tregex/parser/RegexValidator
instanceKlass com/oracle/truffle/regex/tregex/parser/RegexParser
instanceKlass com/oracle/truffle/regex/tregex/parser/RegexLexer
instanceKlass com/oracle/truffle/regex/flavor/js/JSFlavorProvider
instanceKlass com/oracle/truffle/regex/flavor/RegexFlavorProvider
instanceKlass com/oracle/truffle/regex/tregex/parser/RegexFlavor
instanceKlass com/oracle/truffle/regex/RegexOptions
instanceKlass com/oracle/truffle/regex/util/BitSets
instanceKlass com/oracle/truffle/regex/util/TBitSet
instanceKlass com/oracle/truffle/regex/tregex/util/json/JsonValue
instanceKlass com/oracle/truffle/regex/tregex/parser/ast/GroupBoundaries
instanceKlass com/oracle/truffle/regex/tregex/util/json/JsonConvertible
instanceKlass com/oracle/truffle/api/instrumentation/InstrumentableNode
instanceKlass com/oracle/truffle/js/nodes/control/ResumableNode$WithObjectState
instanceKlass com/oracle/truffle/js/nodes/control/ResumableNode
instanceKlass com/oracle/truffle/api/TruffleStackTraceElement
instanceKlass com/oracle/truffle/js/runtime/Errors
instanceKlass com/oracle/truffle/js/runtime/builtins/JSErrorObjectGen
instanceKlass com/oracle/truffle/api/object/HiddenKey
instanceKlass com/oracle/truffle/api/object/Shape
instanceKlass com/oracle/truffle/js/runtime/array/ScriptArray
instanceKlass com/oracle/truffle/api/utilities/FinalBitSet
instanceKlass com/oracle/truffle/api/library/LibraryExport$DelegateExport
instanceKlass com/oracle/truffle/js/runtime/UserScriptExceptionGen
instanceKlass com/oracle/truffle/js/runtime/GraalJSExceptionGen
instanceKlass com/oracle/truffle/js/runtime/JSExceptionGen
instanceKlass com/oracle/truffle/js/runtime/GraalJSException$JSStackTraceElement
instanceKlass com/oracle/truffle/js/runtime/JSConfig
instanceKlass com/oracle/truffle/js/runtime/JSContextOptions$6
instanceKlass org/graalvm/options/OptionDescriptorsMap
instanceKlass com/oracle/truffle/js/runtime/JSContextOptionsOptionDescriptors
instanceKlass com/oracle/truffle/js/runtime/JSContextOptions$5
instanceKlass com/oracle/truffle/api/strings/TStringInternalNodesFactory$CreateJavaStringNodeGen
instanceKlass com/oracle/truffle/api/strings/TStringConstants
instanceKlass com/oracle/truffle/js/runtime/Strings
instanceKlass com/oracle/truffle/js/runtime/objects/JSModuleLoader
instanceKlass com/oracle/truffle/js/runtime/objects/PropertyProxy
instanceKlass com/oracle/truffle/js/runtime/objects/JSCopyableObject
instanceKlass com/oracle/truffle/api/object/DynamicObject
instanceKlass com/oracle/truffle/js/runtime/JSRealm
instanceKlass com/oracle/truffle/js/runtime/JSContextOptions$4
instanceKlass com/oracle/truffle/js/runtime/JSContextOptions$3
instanceKlass com/oracle/truffle/js/runtime/JSContextOptions$2
instanceKlass com/oracle/truffle/js/runtime/JSContextOptions$1
instanceKlass com/oracle/truffle/js/runtime/JSContextOptions
instanceKlass com/oracle/truffle/polyglot/PolyglotValueDispatchFactory$InteropValueFactory$SharedInvokeNodeGen
instanceKlass com/oracle/truffle/polyglot/PolyglotLanguageContextFactory$ToGuestValuesNodeGen
instanceKlass com/oracle/truffle/polyglot/PolyglotValueDispatchFactory$InteropValueFactory$SharedExecuteNodeGen
instanceKlass com/oracle/truffle/polyglot/PolyglotLanguageContextFactory$ToGuestValueNodeGen$CachedData
instanceKlass com/oracle/truffle/polyglot/PolyglotLanguageContextFactory$ToHostValueNodeGen$CachedData
instanceKlass com/oracle/truffle/polyglot/PolyglotLanguageContextFactory
instanceKlass com/oracle/truffle/polyglot/PolyglotLanguageContextFactory$ToHostValueNodeGen
instanceKlass com/oracle/truffle/polyglot/PolyglotValueDispatchFactory
instanceKlass com/oracle/truffle/api/dsl/DSLSupport$SpecializationDataNode
instanceKlass com/oracle/truffle/polyglot/PolyglotToHostNodeGen
instanceKlass com/oracle/truffle/polyglot/PolyglotLanguageInstance$1
instanceKlass com/oracle/truffle/host/HostProxy
instanceKlass com/oracle/truffle/polyglot/PolyglotWrapper
instanceKlass com/oracle/truffle/api/instrumentation/ThreadsActivationListener
instanceKlass com/oracle/truffle/api/instrumentation/InstrumentationHandler$StableThreadsActivationListeners
instanceKlass com/oracle/truffle/api/TruffleSafepoint
instanceKlass com/oracle/truffle/api/nodes/EncapsulatingNodeReference
instanceKlass com/oracle/truffle/api/impl/JDKAccessor
instanceKlass org/graalvm/polyglot/proxy/ProxyExecutable
instanceKlass com/oracle/truffle/api/nodes/Node$Children
instanceKlass com/oracle/truffle/api/CompilerDirectives$CompilationFinal
instanceKlass com/oracle/truffle/api/nodes/Node$Child
instanceKlass com/oracle/truffle/api/nodes/DenyReplace
instanceKlass com/oracle/truffle/api/nodes/NodeClassImpl$NodeFieldData
instanceKlass com/oracle/truffle/api/nodes/NodeClass$1$1
instanceKlass com/oracle/truffle/api/nodes/NodeClass
instanceKlass com/oracle/truffle/api/nodes/NodeUtil
instanceKlass com/oracle/truffle/api/impl/DefaultCallTarget
instanceKlass java/util/Collections$ReverseComparator
instanceKlass java/util/concurrent/CompletableFuture$AsynchronousCompletionTask
instanceKlass java/util/concurrent/CompletableFuture$AltResult
instanceKlass com/oracle/truffle/polyglot/PolyglotThreadLocalActions$AbstractTLHandshake
instanceKlass com/oracle/truffle/polyglot/PolyglotThreadLocalActions
instanceKlass org/graalvm/collections/EconomicMapImpl$CollisionLink
instanceKlass com/oracle/truffle/host/HostTargetMapping
instanceKlass com/oracle/truffle/host/HostClassCache
instanceKlass com/oracle/truffle/api/frame/FrameInstanceVisitor
instanceKlass com/oracle/truffle/host/HostContext$TopScopeObject
instanceKlass com/oracle/truffle/host/HostContext
instanceKlass com/oracle/truffle/api/TruffleFile
instanceKlass com/oracle/truffle/api/TruffleFile$FileSystemContext
instanceKlass com/oracle/truffle/polyglot/PolyglotLanguageContext$PolyglotUncaughtExceptionHandler
instanceKlass com/oracle/truffle/polyglot/PolyglotLanguageContext$Lazy
instanceKlass com/oracle/truffle/api/instrumentation/InstrumentationHandler$AbstractAsyncCollection$1
instanceKlass com/oracle/truffle/api/instrumentation/AllocationReporter
instanceKlass com/oracle/truffle/api/TruffleLanguage$Env
instanceKlass com/oracle/truffle/polyglot/PolyglotLanguageInstance
instanceKlass com/oracle/truffle/polyglot/PolyglotThreadLocalActions$HandshakeConfig
instanceKlass com/oracle/truffle/polyglot/PolyglotLanguageContext
instanceKlass com/oracle/truffle/api/TruffleContext
instanceKlass com/oracle/truffle/api/CompilerDirectives
instanceKlass com/oracle/truffle/api/frame/FrameDescriptor
instanceKlass com/oracle/truffle/polyglot/PolyglotSharingLayer
instanceKlass com/oracle/truffle/polyglot/PolyglotBindings
instanceKlass com/oracle/truffle/polyglot/PolyglotThreadInfo
instanceKlass com/oracle/truffle/polyglot/PolyglotContextImpl$1
instanceKlass com/oracle/truffle/api/TruffleSafepoint$InterruptibleFunction
instanceKlass com/oracle/truffle/api/TruffleSafepoint$Interruptible
instanceKlass com/oracle/truffle/api/ThreadLocalAction
instanceKlass com/oracle/truffle/api/TruffleSafepoint$Interrupter
instanceKlass com/oracle/truffle/polyglot/PolyglotContextImpl
instanceKlass com/oracle/truffle/polyglot/PolyglotContextConfig
instanceKlass com/oracle/truffle/polyglot/FileSystems$CompositeFileSystem
instanceKlass org/graalvm/polyglot/io/FileSystem$Selector
instanceKlass com/oracle/truffle/polyglot/FileSystems$NIOFileSystem
instanceKlass com/oracle/truffle/polyglot/FileSystems$DeniedIOFileSystem
instanceKlass com/oracle/truffle/polyglot/FileSystems$InvalidFileSystem
instanceKlass com/oracle/truffle/polyglot/FileSystems$PolyglotFileSystem
instanceKlass com/oracle/truffle/polyglot/FileSystems
instanceKlass org/graalvm/polyglot/io/FileSystem
instanceKlass com/oracle/truffle/polyglot/PolyglotContextConfig$FileSystemConfig
instanceKlass org/graalvm/polyglot/Engine$EngineShutDownHook
instanceKlass com/oracle/truffle/api/instrumentation/LoadSourceSectionListener
instanceKlass com/oracle/truffle/api/instrumentation/InstrumentationHandler$2
instanceKlass com/oracle/truffle/api/instrumentation/SourceInstrumentationHandler$SourcesNotificationQueue
instanceKlass com/oracle/truffle/api/instrumentation/InstrumentationHandler$1
instanceKlass com/oracle/truffle/api/instrumentation/SourceInstrumentationHandler$SourcesNotification
instanceKlass com/oracle/truffle/api/instrumentation/SourceInstrumentationHandler
instanceKlass com/oracle/truffle/api/instrumentation/EventBinding$LoadedNotifier
instanceKlass com/oracle/truffle/api/instrumentation/EventBinding
instanceKlass com/oracle/truffle/api/instrumentation/Instrumenter
instanceKlass com/oracle/truffle/api/instrumentation/InstrumentationHandler
instanceKlass java/lang/runtime/ObjectMethods$1
instanceKlass java/lang/runtime/ObjectMethods
instanceKlass com/oracle/truffle/polyglot/InternalResourceCache$ResourcesVisitor
instanceKlass com/oracle/truffle/polyglot/SourceCacheStatisticsListener
instanceKlass com/oracle/truffle/polyglot/SourceCacheListener
instanceKlass com/oracle/truffle/api/TruffleLogger$LoggerCache$LoggerNode
instanceKlass com/oracle/truffle/api/TruffleLogger
instanceKlass com/oracle/truffle/api/TruffleLogger$LoggerCache
instanceKlass com/oracle/truffle/polyglot/PolyglotLoggers$LoggerCache
instanceKlass com/oracle/truffle/api/InstrumentInfo
instanceKlass com/oracle/truffle/polyglot/PolyglotInstrument
instanceKlass com/oracle/truffle/api/instrumentation/TruffleInstrument
instanceKlass com/oracle/truffle/api/instrumentation/TruffleInstrument$Registration
instanceKlass com/oracle/truffle/api/instrumentation/provider/TruffleInstrumentProvider
instanceKlass com/oracle/truffle/polyglot/InstrumentCache
instanceKlass org/graalvm/home/HomeFinder
instanceKlass com/oracle/truffle/api/instrumentation/Tag
instanceKlass com/oracle/truffle/api/instrumentation/ProvidedTags
instanceKlass com/oracle/truffle/api/dsl/GeneratedBy
instanceKlass com/oracle/truffle/api/TruffleLanguage$Registration
instanceKlass com/oracle/truffle/polyglot/InternalResourceCache$OptionalResourceSupplier
instanceKlass com/oracle/truffle/api/provider/InternalResourceProvider
instanceKlass com/oracle/truffle/api/nodes/LanguageInfo
instanceKlass com/oracle/truffle/polyglot/PolyglotLanguage
instanceKlass com/oracle/truffle/api/provider/TruffleLanguageProvider
instanceKlass com/oracle/truffle/polyglot/LanguageCache
instanceKlass com/oracle/truffle/polyglot/PolyglotEngineImpl$StableLocalLocations
instanceKlass com/oracle/truffle/polyglot/WeakAssumedValue$Profile
instanceKlass com/oracle/truffle/polyglot/WeakAssumedValue
instanceKlass com/oracle/truffle/polyglot/PolyglotLoggers$EngineLoggerProvider
instanceKlass java/util/logging/Formatter
instanceKlass java/util/logging/ErrorManager
instanceKlass org/graalvm/polyglot/impl/AbstractPolyglotImpl$LogHandler
instanceKlass java/util/logging/LogRecord
instanceKlass com/oracle/truffle/polyglot/PolyglotLoggers
instanceKlass org/graalvm/options/OptionDescriptor$Builder
instanceKlass org/graalvm/options/OptionDescriptor
instanceKlass org/graalvm/options/OptionType$12
instanceKlass org/graalvm/options/OptionType$2
instanceKlass com/oracle/truffle/polyglot/PolyglotEngineOptions$1
instanceKlass com/oracle/truffle/polyglot/PolyglotEngineOptions
instanceKlass com/oracle/truffle/polyglot/OptionValuesImpl
instanceKlass com/oracle/truffle/polyglot/PolyglotEngineOptionsOptionDescriptors
instanceKlass com/oracle/truffle/api/TruffleOptionDescriptors
instanceKlass org/graalvm/options/OptionType$10
instanceKlass org/graalvm/options/OptionType$9
instanceKlass org/graalvm/options/OptionType$8
instanceKlass org/graalvm/options/OptionType$7
instanceKlass org/graalvm/options/OptionType$6
instanceKlass org/graalvm/options/OptionType$5
instanceKlass org/graalvm/options/OptionType$3
instanceKlass org/graalvm/options/OptionType$4
instanceKlass org/graalvm/options/OptionType$1
instanceKlass org/graalvm/options/OptionType$Converter
instanceKlass org/graalvm/options/OptionType
instanceKlass org/graalvm/options/OptionKey
instanceKlass com/oracle/truffle/polyglot/ImageBuildTimeOptions
instanceKlass com/oracle/truffle/polyglot/PolyglotLocals$LocalLocation
instanceKlass org/graalvm/polyglot/io/MessageTransport
instanceKlass com/oracle/truffle/polyglot/PolyglotEngineImpl
instanceKlass com/oracle/truffle/polyglot/PolyglotImpl$VMObject
instanceKlass org/graalvm/options/OptionDescriptors$1
instanceKlass com/oracle/truffle/polyglot/PolyglotEngineImpl$LogConfig
instanceKlass com/oracle/truffle/api/impl/DefaultAssumption$Lazy$1
instanceKlass com/oracle/truffle/api/impl/DefaultAssumption$Lazy
instanceKlass com/oracle/truffle/api/impl/AbstractAssumption
instanceKlass org/graalvm/polyglot/io/ByteSequence
instanceKlass com/oracle/truffle/api/TruffleLanguage$ContextLocalProvider
instanceKlass com/oracle/truffle/polyglot/PolyglotFastThreadLocals$CachedReferences
instanceKlass com/oracle/truffle/polyglot/FinalIntMap
instanceKlass com/oracle/truffle/api/TruffleLanguage$ContextReference
instanceKlass com/oracle/truffle/polyglot/PolyglotFastThreadLocals
instanceKlass com/oracle/truffle/api/TruffleLanguage$LanguageReference
instanceKlass org/graalvm/polyglot/Engine$2
instanceKlass com/oracle/truffle/api/interop/DefaultDoubleExportsGen
instanceKlass com/oracle/truffle/api/interop/DefaultDoubleExports
instanceKlass com/oracle/truffle/api/interop/DefaultFloatExportsGen
instanceKlass com/oracle/truffle/api/interop/DefaultFloatExports
instanceKlass com/oracle/truffle/api/interop/DefaultLongExportsGen
instanceKlass com/oracle/truffle/api/interop/DefaultLongExports
instanceKlass com/oracle/truffle/api/interop/DefaultIntegerExportsGen
instanceKlass com/oracle/truffle/api/interop/DefaultIntegerExports
instanceKlass com/oracle/truffle/api/interop/DefaultShortExportsGen
instanceKlass com/oracle/truffle/api/interop/DefaultShortExports
instanceKlass com/oracle/truffle/api/interop/DefaultByteExportsGen
instanceKlass com/oracle/truffle/api/interop/DefaultByteExports
instanceKlass com/oracle/truffle/api/interop/DefaultCharacterExportsGen
instanceKlass com/oracle/truffle/api/interop/DefaultCharacterExports
instanceKlass com/oracle/truffle/api/interop/DefaultTStringExportsGen
instanceKlass com/oracle/truffle/api/interop/DefaultTStringExports
instanceKlass com/oracle/truffle/api/strings/TStringInternalNodesFactory$FromBufferWithStringCompactionKnownAttributesNodeGen
instanceKlass com/oracle/truffle/api/strings/TruffleStringFactory$InternalAsTruffleStringNodeGen
instanceKlass com/oracle/truffle/api/strings/TStringInternalNodesFactory$GetPreciseCodeRangeWithMaterializationNodeGen
instanceKlass com/oracle/truffle/api/strings/TStringInternalNodesFactory$TransCodeIntlNodeGen
instanceKlass com/oracle/truffle/api/strings/TStringInternalNodesFactory$CalcStringAttributesInnerNodeGen
instanceKlass com/oracle/truffle/api/strings/TStringInternalNodesFactory$CalcStringAttributesNodeGen
instanceKlass com/oracle/truffle/api/strings/TruffleStringBuilderFactory$ToStringIntlNodeGen
instanceKlass com/oracle/truffle/api/strings/TStringInternalNodesFactory$GetCodePointLengthNodeGen
instanceKlass com/oracle/truffle/api/strings/TStringInternalNodesFactory$GetPreciseCodeRangeNodeGen
instanceKlass com/oracle/truffle/api/strings/TruffleStringBuilderFactory$AppendStringIntlNodeGen
instanceKlass com/oracle/truffle/api/strings/TruffleStringBuilderFactory
instanceKlass com/oracle/truffle/api/strings/TruffleStringBuilder
instanceKlass com/oracle/truffle/api/strings/TruffleStringBuilderFactory$AppendCodePointIntlNodeGen
instanceKlass com/oracle/truffle/api/strings/TruffleStringIteratorFactory
instanceKlass com/oracle/truffle/api/strings/TruffleStringIterator
instanceKlass com/oracle/truffle/api/strings/TruffleStringIteratorFactory$InternalNextNodeGen
instanceKlass com/oracle/truffle/api/strings/TStringInternalNodesFactory$TransCodeIntlWithErrorHandlerNodeGen
instanceKlass com/oracle/truffle/api/strings/TStringInternalNodesFactory$TransCodeNodeGen
instanceKlass com/oracle/truffle/api/strings/TruffleStringFactory$InternalSwitchEncodingNodeGen
instanceKlass com/oracle/truffle/api/strings/TStringInternalNodesFactory
instanceKlass com/oracle/truffle/api/strings/TStringInternalNodes
instanceKlass com/oracle/truffle/api/strings/TStringInternalNodesFactory$FromJavaStringUTF16NodeGen
instanceKlass com/oracle/truffle/api/strings/TruffleStringFactory
instanceKlass com/oracle/truffle/api/strings/TStringOpsNodesFactory
instanceKlass com/oracle/truffle/api/strings/TStringOpsNodesFactory$CalculateHashCodeNodeGen
instanceKlass com/oracle/truffle/api/nodes/NodeCloneable
instanceKlass com/oracle/truffle/api/dsl/InlineSupport$InlineTarget
instanceKlass com/oracle/truffle/api/profiles/InlinedProfile
instanceKlass com/oracle/truffle/api/dsl/InlineSupport$UnsafeField$1
instanceKlass com/oracle/truffle/api/dsl/InlineSupport
instanceKlass com/oracle/truffle/api/dsl/InlineSupport$UnsafeField
instanceKlass com/oracle/truffle/api/strings/TStringUnsafe
instanceKlass com/oracle/truffle/api/strings/TStringOps
instanceKlass com/oracle/truffle/api/strings/TSCodeRange
instanceKlass com/oracle/truffle/api/strings/TStringGuards
instanceKlass com/oracle/truffle/api/interop/DefaultStringExportsGen
instanceKlass com/oracle/truffle/api/interop/DefaultStringExports
instanceKlass com/oracle/truffle/api/interop/DefaultBooleanExportsGen
instanceKlass com/oracle/truffle/api/interop/DefaultBooleanExports
instanceKlass com/oracle/truffle/api/library/ExportLibrary$Repeat
instanceKlass java/lang/annotation/Repeatable
instanceKlass sun/reflect/annotation/AnnotationSupport
instanceKlass com/oracle/truffle/api/library/ExportLibrary
instanceKlass com/oracle/truffle/host/HostObject
instanceKlass com/oracle/truffle/api/CompilerAsserts
instanceKlass com/oracle/truffle/api/library/LibraryFactory$ResolvedDispatch
instanceKlass com/oracle/truffle/api/impl/DefaultTruffleRuntime$Loader
instanceKlass com/oracle/truffle/api/impl/TruffleLocator
instanceKlass com/oracle/truffle/polyglot/EngineAccessor$AbstractClassLoaderSupplier
instanceKlass com/oracle/truffle/api/RootCallTarget
instanceKlass com/oracle/truffle/api/impl/AbstractFastThreadLocal
instanceKlass com/oracle/truffle/api/impl/ThreadLocalHandshake
instanceKlass com/oracle/truffle/api/frame/FrameExtensions
instanceKlass com/oracle/truffle/api/impl/Accessor$RuntimeSupport
instanceKlass com/oracle/truffle/api/impl/TVMCI
instanceKlass com/oracle/truffle/api/Assumption
instanceKlass com/oracle/truffle/api/frame/FrameInstance
instanceKlass com/oracle/truffle/api/frame/MaterializedFrame
instanceKlass com/oracle/truffle/api/frame/VirtualFrame
instanceKlass com/oracle/truffle/api/frame/Frame
instanceKlass com/oracle/truffle/api/impl/TVMCI$Test
instanceKlass com/oracle/truffle/api/impl/DefaultTruffleRuntime
instanceKlass com/oracle/truffle/api/impl/generated/GeneratedModules
instanceKlass com/oracle/truffle/polyglot/JDKSupport$IsolatedImpl$1$1$1
instanceKlass java/util/AbstractList$RandomAccessSpliterator
instanceKlass jdk/internal/loader/Loader$LoadedModule
instanceKlass java/util/stream/DistinctOps
instanceKlass java/lang/module/Resolver
instanceKlass java/lang/module/ModuleFinder$1
instanceKlass com/oracle/truffle/polyglot/JDKSupport$IsolatedImpl$1
instanceKlass com/oracle/truffle/api/impl/asm/Handler
instanceKlass com/oracle/truffle/api/impl/asm/Attribute
instanceKlass com/oracle/truffle/api/impl/asm/Type
instanceKlass com/oracle/truffle/api/impl/asm/Frame
instanceKlass com/oracle/truffle/api/impl/asm/ByteVector
instanceKlass com/oracle/truffle/api/impl/asm/Symbol
instanceKlass com/oracle/truffle/api/impl/asm/SymbolTable
instanceKlass com/oracle/truffle/api/impl/asm/RecordComponentVisitor
instanceKlass com/oracle/truffle/api/impl/asm/ModuleVisitor
instanceKlass com/oracle/truffle/api/impl/asm/MethodVisitor
instanceKlass com/oracle/truffle/api/impl/asm/AnnotationVisitor
instanceKlass com/oracle/truffle/api/impl/asm/FieldVisitor
instanceKlass com/oracle/truffle/api/impl/asm/ClassVisitor
instanceKlass com/oracle/truffle/api/InternalResource$Env
instanceKlass com/oracle/truffle/polyglot/InternalResourceCache$1
instanceKlass org/graalvm/collections/Pair
instanceKlass com/oracle/truffle/polyglot/InternalResourceRoots$1
instanceKlass com/oracle/truffle/polyglot/InternalResourceRoots
instanceKlass com/oracle/truffle/api/InternalResource$Id
instanceKlass com/oracle/truffle/api/TruffleOptions$1GetOptions
instanceKlass com/oracle/truffle/api/TruffleOptions
instanceKlass com/oracle/truffle/polyglot/InternalResourceCache
instanceKlass com/oracle/truffle/polyglot/JDKSupport$LibTruffleAttachResource
instanceKlass com/oracle/truffle/api/impl/Accessor$ModulesAccessor
instanceKlass com/oracle/truffle/api/InternalResource
instanceKlass com/oracle/truffle/polyglot/JDKSupport
instanceKlass com/oracle/truffle/runtime/ModulesSupport
instanceKlass com/oracle/truffle/compiler/TruffleCompilerRuntime
instanceKlass com/oracle/truffle/compiler/TruffleCompilationSupport
instanceKlass com/oracle/truffle/runtime/hotspot/HotSpotTruffleRuntimeAccess
instanceKlass com/oracle/truffle/api/TruffleRuntimeAccess
instanceKlass com/oracle/truffle/api/impl/CheckMultiReleaseSupport
instanceKlass com/oracle/truffle/api/Truffle$1
instanceKlass com/oracle/truffle/api/TruffleRuntime
instanceKlass com/oracle/truffle/api/Truffle
instanceKlass org/graalvm/nativeimage/ImageInfo
instanceKlass org/graalvm/options/OptionDescriptors
instanceKlass com/oracle/truffle/api/impl/Accessor$Support
instanceKlass com/oracle/truffle/api/impl/Accessor$Constants
instanceKlass com/oracle/truffle/api/impl/Accessor
instanceKlass com/oracle/truffle/api/interop/TruffleObject
instanceKlass com/oracle/truffle/api/library/GenerateLibrary
instanceKlass com/oracle/truffle/api/source/SourceSection
instanceKlass com/oracle/truffle/api/strings/AbstractTruffleString
instanceKlass com/oracle/truffle/api/nodes/UnadoptableNode
instanceKlass com/oracle/truffle/api/library/Message
instanceKlass com/oracle/truffle/api/library/provider/DefaultExportProvider
instanceKlass com/oracle/truffle/api/library/LibraryExport
instanceKlass com/oracle/truffle/api/library/LibraryFactory
instanceKlass com/oracle/truffle/api/nodes/Node$1
instanceKlass com/oracle/truffle/api/nodes/NodeVisitor
instanceKlass com/oracle/truffle/api/nodes/Node
instanceKlass com/oracle/truffle/api/nodes/NodeInterface
instanceKlass com/oracle/truffle/api/CallTarget
instanceKlass org/graalvm/polyglot/impl/AbstractPolyglotImpl$ManagementAccess
instanceKlass org/graalvm/polyglot/management/Management
instanceKlass org/graalvm/polyglot/impl/AbstractPolyglotImpl$IOAccessor
instanceKlass org/graalvm/polyglot/io/IOHelper
instanceKlass org/graalvm/polyglot/Engine$APIAccessImpl$1
instanceKlass org/graalvm/polyglot/proxy/ProxyArray
instanceKlass org/graalvm/polyglot/proxy/ProxyIterable
instanceKlass org/graalvm/polyglot/proxy/Proxy
instanceKlass org/graalvm/home/Version
instanceKlass com/oracle/truffle/api/instrumentation/ExecutionEventNodeFactory
instanceKlass com/oracle/truffle/api/instrumentation/SourceSectionFilter$SourcePredicate
instanceKlass com/oracle/truffle/api/TruffleLanguage
instanceKlass com/oracle/truffle/api/source/Source$SourceBuilder
instanceKlass org/graalvm/options/OptionValues
instanceKlass org/graalvm/polyglot/impl/AbstractPolyglotImpl$AbstractDispatchClass
instanceKlass org/graalvm/polyglot/impl/AbstractPolyglotImpl
instanceKlass org/graalvm/polyglot/Engine$1
instanceKlass org/graalvm/polyglot/Engine$ImplHolder
instanceKlass org/graalvm/polyglot/Engine$Builder
instanceKlass org/graalvm/polyglot/impl/AbstractPolyglotImpl$APIAccess
instanceKlass org/graalvm/polyglot/Engine
instanceKlass org/graalvm/polyglot/io/IOAccess$Builder
instanceKlass org/graalvm/polyglot/io/IOAccess
instanceKlass org/graalvm/polyglot/EnvironmentAccess
instanceKlass org/graalvm/polyglot/PolyglotAccess
instanceKlass org/graalvm/polyglot/HostAccess$DisableMethodScoping
instanceKlass org/graalvm/polyglot/HostAccess$Implementable
instanceKlass org/graalvm/collections/MapCursor
instanceKlass org/graalvm/collections/UnmodifiableMapCursor
instanceKlass org/graalvm/collections/EconomicMapImpl
instanceKlass org/graalvm/collections/EconomicMap
instanceKlass org/graalvm/collections/EconomicSet
instanceKlass org/graalvm/polyglot/HostAccess$Export
instanceKlass org/graalvm/polyglot/HostAccess$Builder
instanceKlass org/graalvm/collections/Equivalence
instanceKlass org/graalvm/collections/UnmodifiableEconomicMap
instanceKlass org/graalvm/collections/UnmodifiableEconomicSet
instanceKlass org/graalvm/polyglot/HostAccess
instanceKlass org/graalvm/polyglot/Context$Builder
instanceKlass org/graalvm/polyglot/Context$3
instanceKlass org/graalvm/polyglot/Context$2
instanceKlass org/graalvm/polyglot/Context$1
instanceKlass org/graalvm/polyglot/Context
instanceKlass org/foxesworld/kalitech/engine/script/resolve/PassThroughResolver
instanceKlass org/foxesworld/kalitech/engine/script/resolve/PathNorm
instanceKlass org/foxesworld/kalitech/engine/script/resolve/NamespaceResolver
instanceKlass org/foxesworld/kalitech/engine/script/resolve/RelativeResolver
instanceKlass org/foxesworld/kalitech/engine/script/resolve/EngineResolver
instanceKlass org/foxesworld/kalitech/engine/script/resolve/BuiltinResolver
instanceKlass org/foxesworld/kalitech/engine/script/resolve/ResolverChain
instanceKlass org/foxesworld/kalitech/engine/script/resolve/MutableAliasResolver
instanceKlass org/foxesworld/kalitech/engine/script/jobs/ScriptJobQueue
instanceKlass org/foxesworld/kalitech/engine/script/cache/ScriptCaches
instanceKlass org/foxesworld/kalitech/engine/script/resolve/ResolverStrategy
instanceKlass org/foxesworld/kalitech/engine/world/systems/KSystem
instanceKlass Script4$2
instanceKlass Script4$1
instanceKlass org/foxesworld/kalitech/engine/modules/hud/HudSizeCache
instanceKlass org/foxesworld/kalitech/engine/modules/sound/SoundService
instanceKlass org/foxesworld/kalitech/engine/util/LongHashMap
instanceKlass org/foxesworld/kalitech/engine/modules/sound/SoundNodeRegistry
instanceKlass org/foxesworld/kalitech/engine/modules/terrain/TerrainNoise
instanceKlass org/foxesworld/kalitech/engine/modules/terrain/TerrainPhysics
instanceKlass org/foxesworld/kalitech/engine/modules/terrain/TerrainEditOps
instanceKlass org/foxesworld/kalitech/engine/modules/terrain/TerrainOps
instanceKlass org/foxesworld/kalitech/engine/modules/terrain/TerrainUV
instanceKlass org/foxesworld/kalitech/engine/modules/terrain/TerrainMaterial
instanceKlass com/jme3/terrain/heightmap/AbstractHeightMap
instanceKlass com/jme3/terrain/heightmap/HeightMap
instanceKlass org/foxesworld/kalitech/engine/modules/terrain/TerrainFactory
instanceKlass org/foxesworld/kalitech/engine/modules/terrain/TerrainEmitter
instanceKlass com/jme3/terrain/Terrain
instanceKlass org/foxesworld/kalitech/engine/modules/physics/core/PhysicsBodyOps
instanceKlass org/foxesworld/kalitech/engine/modules/physics/runtime/PhysicsRaycaster
instanceKlass org/foxesworld/kalitech/engine/util/LongHashSet
instanceKlass org/foxesworld/kalitech/engine/util/LongHashSet$LongConsumer
instanceKlass org/foxesworld/kalitech/engine/modules/physics/ContactAgg
instanceKlass org/foxesworld/kalitech/engine/modules/physics/LongContactMap
instanceKlass org/foxesworld/kalitech/engine/modules/physics/runtime/PhysicsCollisionPipeline
instanceKlass org/foxesworld/kalitech/engine/modules/physics/BodyStateStore
instanceKlass org/foxesworld/kalitech/engine/modules/physics/runtime/PhysicsBodyStateTracker
instanceKlass org/foxesworld/kalitech/engine/modules/physics/runtime/PhysicsEntityResolver
instanceKlass org/foxesworld/kalitech/engine/modules/physics/runtime/service/body/PhysicsBodyManager
instanceKlass org/foxesworld/kalitech/engine/modules/physics/runtime/service/collision/CachedCollisionShapeProvider
instanceKlass org/foxesworld/kalitech/engine/modules/physics/runtime/service/body/PhysicsBodyConfigParser
instanceKlass org/foxesworld/kalitech/engine/modules/physics/runtime/service/AddToSpaceQueue
instanceKlass org/foxesworld/kalitech/engine/modules/physics/runtime/service/EnginePhysicsEventSink
instanceKlass org/foxesworld/kalitech/engine/modules/physics/runtime/service/EnginePhysicsSpaceProvider
instanceKlass org/foxesworld/kalitech/engine/modules/physics/util/IdentityObjectIntMap
instanceKlass org/foxesworld/kalitech/engine/modules/physics/util/IntIntMap
instanceKlass org/foxesworld/kalitech/engine/modules/physics/util/IntObjectMap$EntriesIterable
instanceKlass org/foxesworld/kalitech/engine/modules/physics/util/IntObjectMap
instanceKlass org/foxesworld/kalitech/engine/modules/physics/core/PhysicsRegistry
instanceKlass org/foxesworld/kalitech/engine/modules/physics/runtime/service/collision/CollisionShapeProvider
instanceKlass org/foxesworld/kalitech/engine/modules/physics/runtime/service/PhysicsEventSink
instanceKlass org/foxesworld/kalitech/engine/modules/physics/runtime/service/PhysicsSpaceProvider
instanceKlass org/foxesworld/kalitech/engine/modules/physics/runtime/service/PhysicsService
instanceKlass org/foxesworld/kalitech/engine/modules/camera/Vec3View
instanceKlass org/foxesworld/kalitech/engine/modules/camera/CameraDirty
instanceKlass org/foxesworld/kalitech/engine/modules/camera/Camera
instanceKlass com/jme3/post/Filter
instanceKlass org/foxesworld/kalitech/engine/modules/render/post/PostModule
instanceKlass org/foxesworld/kalitech/engine/modules/render/sky/SkyDomeUniformCache
instanceKlass org/foxesworld/kalitech/engine/modules/render/sky/SkyDomeRenderer
instanceKlass org/foxesworld/kalitech/engine/modules/render/sky/SkyModule
instanceKlass org/foxesworld/kalitech/engine/modules/render/shadow/filters/PoissonPcfFilter
instanceKlass org/foxesworld/kalitech/engine/modules/render/shadow/filters/OnlySplitFilter
instanceKlass org/foxesworld/kalitech/engine/modules/render/shadow/filters/CascadeStabilityTelemetryFilter
instanceKlass org/foxesworld/kalitech/engine/modules/render/shadow/filters/ShadowTraceFilter
instanceKlass org/foxesworld/kalitech/engine/modules/render/shadow/filters/TexelSnapFilter
instanceKlass org/foxesworld/kalitech/engine/modules/render/shadow/filters/ShadowSnapperFilter
instanceKlass org/foxesworld/kalitech/engine/modules/render/shadow/filters/TemporalSnapGateFilter
instanceKlass org/foxesworld/kalitech/engine/modules/render/shadow/filters/TightStableFitShadowCamFilter
instanceKlass org/foxesworld/kalitech/engine/modules/render/shadow/filters/StableFitShadowCamFilter
instanceKlass org/foxesworld/kalitech/engine/modules/render/shadow/filters/StableLightBasisFilter
instanceKlass org/foxesworld/kalitech/engine/modules/render/shadow/pipeline/ShadowPipelineRegistry$RegisteredStep
instanceKlass org/foxesworld/kalitech/engine/modules/render/shadow/filters/CascadeHysteresisFilter
instanceKlass org/foxesworld/kalitech/engine/modules/render/shadow/pipeline/ShadowPipelineRegistry
instanceKlass org/foxesworld/kalitech/engine/modules/render/shadow/pipeline/ShadowPipelinePresetLibrary$PresetStep
instanceKlass org/foxesworld/kalitech/engine/modules/render/shadow/pipeline/ShadowPipelinePresetLibrary
instanceKlass com/jme3/shadow/AbstractShadowRenderer
instanceKlass org/foxesworld/kalitech/engine/modules/render/shadow/pipeline/ShadowFilter
instanceKlass org/foxesworld/kalitech/engine/modules/render/shadow/Shadow
instanceKlass org/foxesworld/kalitech/engine/modules/render/RenderThread
instanceKlass org/foxesworld/kalitech/engine/modules/render/light/LightRigModule
instanceKlass org/foxesworld/kalitech/engine/modules/render/ViewportContract
instanceKlass org/foxesworld/kalitech/engine/api/interfaces/TerrainSplatApi
instanceKlass org/foxesworld/kalitech/engine/api/interfaces/TerrainApi
instanceKlass org/foxesworld/kalitech/engine/api/interfaces/WorldApi
instanceKlass org/foxesworld/kalitech/engine/api/interfaces/EditorLinesApi
instanceKlass org/foxesworld/kalitech/engine/api/interfaces/CameraApi
instanceKlass org/foxesworld/kalitech/engine/api/interfaces/MeshApi
instanceKlass org/foxesworld/kalitech/engine/api/interfaces/SurfaceApi
instanceKlass org/foxesworld/kalitech/engine/api/interfaces/RenderApi
instanceKlass org/foxesworld/kalitech/engine/api/interfaces/EntityApi
instanceKlass org/foxesworld/kalitech/engine/api/interfaces/EditorApi
instanceKlass java/util/concurrent/ThreadPoolExecutor$AbortPolicy
instanceKlass java/util/concurrent/RejectedExecutionHandler
instanceKlass org/foxesworld/kalitech/engine/modules/material/MaterialTextureLoader
instanceKlass org/foxesworld/kalitech/engine/modules/material/MaterialUtils
instanceKlass org/foxesworld/kalitech/engine/api/interfaces/MaterialApi
instanceKlass org/foxesworld/kalitech/engine/modules/input/RawCollector
instanceKlass com/jme3/input/controls/MouseAxisTrigger
instanceKlass org/foxesworld/kalitech/engine/modules/input/InputBindings$1
instanceKlass org/foxesworld/kalitech/engine/modules/input/InputBindings
instanceKlass org/foxesworld/kalitech/engine/modules/input/CursorGrabController
instanceKlass org/foxesworld/kalitech/engine/modules/input/MouseState
instanceKlass com/github/benmanes/caffeine/cache/Scheduler
instanceKlass com/github/benmanes/caffeine/cache/Ticker
instanceKlass com/github/benmanes/caffeine/cache/LinkedDeque$PeekingIterator
instanceKlass com/github/benmanes/caffeine/cache/FrequencySketch
instanceKlass com/github/benmanes/caffeine/cache/StripedBuffer
instanceKlass com/github/benmanes/caffeine/cache/Node
instanceKlass com/github/benmanes/caffeine/cache/NodeFactory$DeadStrongKey
instanceKlass com/github/benmanes/caffeine/cache/References$InternalReference
instanceKlass com/github/benmanes/caffeine/cache/NodeFactory$RetiredStrongKey
instanceKlass com/github/benmanes/caffeine/cache/NodeFactory
instanceKlass com/github/benmanes/caffeine/cache/Policy$CacheEntry
instanceKlass com/github/benmanes/caffeine/cache/LinkedDeque
instanceKlass com/github/benmanes/caffeine/cache/WriteOrderDeque$WriteOrder
instanceKlass com/github/benmanes/caffeine/cache/AccessOrderDeque$AccessOrder
instanceKlass com/github/benmanes/caffeine/cache/Buffer
instanceKlass com/github/benmanes/caffeine/cache/BLCHeader$PadDrainStatus
instanceKlass com/github/benmanes/caffeine/cache/LocalCacheFactory
instanceKlass com/github/benmanes/caffeine/cache/Policy
instanceKlass com/github/benmanes/caffeine/cache/LocalCache
instanceKlass com/github/benmanes/caffeine/cache/BoundedLocalCache$BoundedLocalManualCache
instanceKlass com/github/benmanes/caffeine/cache/CacheLoader
instanceKlass com/github/benmanes/caffeine/cache/stats/ConcurrentStatsCounter
instanceKlass com/github/benmanes/caffeine/cache/stats/StatsCounter
instanceKlass com/github/benmanes/caffeine/cache/Expiry
instanceKlass com/github/benmanes/caffeine/cache/Weigher
instanceKlass com/github/benmanes/caffeine/cache/LocalAsyncLoadingCache
instanceKlass com/github/benmanes/caffeine/cache/AsyncLoadingCache
instanceKlass com/github/benmanes/caffeine/cache/LocalAsyncCache
instanceKlass com/github/benmanes/caffeine/cache/AsyncCache
instanceKlass com/github/benmanes/caffeine/cache/AsyncCacheLoader
instanceKlass com/github/benmanes/caffeine/cache/RemovalListener
instanceKlass com/github/benmanes/caffeine/cache/LocalLoadingCache
instanceKlass com/github/benmanes/caffeine/cache/LoadingCache
instanceKlass com/github/benmanes/caffeine/cache/LocalManualCache
instanceKlass com/github/benmanes/caffeine/cache/Cache
instanceKlass com/github/benmanes/caffeine/cache/Caffeine
instanceKlass org/foxesworld/kalitech/engine/modules/input/KeyboardState
instanceKlass org/foxesworld/kalitech/engine/modules/input/InputFrame
instanceKlass org/foxesworld/kalitech/engine/api/interfaces/EventsApi
instanceKlass org/foxesworld/kalitech/engine/api/interfaces/SurfaceApi$SurfaceHandle
instanceKlass org/graalvm/polyglot/AbstractValue
instanceKlass org/foxesworld/kalitech/engine/api/interfaces/AssetsApi
instanceKlass org/foxesworld/kalitech/engine/api/module/ApiRegistry$Entry
instanceKlass org/foxesworld/kalitech/engine/script/ScriptRuntime
instanceKlass org/foxesworld/kalitech/engine/api/contract/ApiContracts
instanceKlass org/foxesworld/kalitech/engine/api/module/ApiStats
instanceKlass org/foxesworld/kalitech/engine/api/module/AbstractApiModule
instanceKlass org/foxesworld/kalitech/engine/api/interfaces/LogApi
instanceKlass org/foxesworld/kalitech/engine/api/services/SurfaceRegistry
instanceKlass org/foxesworld/kalitech/engine/api/module/EngineService
instanceKlass org/foxesworld/kalitech/engine/api/module/ApiRegistry
instanceKlass org/foxesworld/kalitech/engine/api/module/ApiContext
instanceKlass jdk/internal/math/FormattedFloatingDecimal$2
instanceKlass jdk/internal/math/FormattedFloatingDecimal
instanceKlass java/time/Instant$1
instanceKlass org/foxesworld/kalitech/engine/perf/PerfProfiler
instanceKlass org/foxesworld/kalitech/engine/perf/PerfProfiler$Config
instanceKlass org/foxesworld/kalitech/engine/api/interfaces/ParticlesApi
instanceKlass org/foxesworld/kalitech/engine/api/interfaces/HudApi
instanceKlass org/foxesworld/kalitech/engine/api/interfaces/SoundApi
instanceKlass org/foxesworld/kalitech/engine/api/interfaces/physics/PhysicsApi
instanceKlass org/foxesworld/kalitech/engine/api/interfaces/LightApi
instanceKlass org/foxesworld/kalitech/engine/api/interfaces/TimeApi
instanceKlass org/foxesworld/kalitech/engine/api/interfaces/InputApi
instanceKlass org/foxesworld/kalitech/engine/api/interfaces/DebugDrawApi
instanceKlass org/foxesworld/kalitech/engine/api/module/ApiModule
instanceKlass org/foxesworld/kalitech/engine/api/EngineApiImpl
instanceKlass com/jme3/bullet/DefaultContactManager
instanceKlass com/jme3/bullet/BulletAppState$3
instanceKlass com/jme3/bullet/debug/DebugConfiguration
instanceKlass com/jme3/bullet/util/NativeLibrary
instanceKlass vhacd/VHACDProgressListener
instanceKlass vhacd/VHACD
instanceKlass vhacd4/Vhacd4
instanceKlass com/jme3/bullet/collision/PhysicsSweepTestResult
instanceKlass com/jme3/bullet/collision/PhysicsRayTestResult
instanceKlass com/jme3/bullet/collision/PhysicsCollisionListener
instanceKlass com/simsilica/mathd/Matrix3d
instanceKlass com/simsilica/mathd/Quatd
instanceKlass com/simsilica/mathd/Vec3d
instanceKlass com/jme3/bullet/ContactManager
instanceKlass com/jme3/bullet/CollisionSpace$1
instanceKlass jme3utilities/Validate
instanceKlass com/jme3/bullet/BulletAppState$1
instanceKlass com/jme3/bullet/collision/ContactListener
instanceKlass com/jme3/bullet/NativePhysicsObject
instanceKlass com/jme3/bullet/PhysicsTickListener
instanceKlass com/simsilica/lemur/input/AnalogFunctionListener
instanceKlass com/simsilica/lemur/input/InputMapper$FunctionListeners
instanceKlass com/simsilica/lemur/input/Button
instanceKlass com/simsilica/lemur/input/Axis
instanceKlass com/google/common/base/Objects
instanceKlass com/simsilica/lemur/input/InputMapper$StateGroupIndex
instanceKlass com/simsilica/lemur/input/InputMapper$StateGroup
instanceKlass com/simsilica/lemur/input/FunctionId
instanceKlass com/simsilica/lemur/focus/FocusNavigationFunctions
instanceKlass com/jme3/util/IntMap$IntMapIterator
instanceKlass org/foxesworld/kalitech/engine/api/EngineApi
instanceKlass org/foxesworld/kalitech/engine/script/events/ScriptEventBus$CollisionLegacyAdapter
instanceKlass org/foxesworld/kalitech/engine/script/events/ScriptEventBus$LegacyPayloadAdapter
instanceKlass org/foxesworld/kalitech/engine/script/events/ScriptEventBus$TimeProvider$1
instanceKlass org/foxesworld/kalitech/engine/script/events/ScriptEventBus$TimeProvider
instanceKlass org/foxesworld/kalitech/engine/script/events/ScriptEventBus$AaaSub
instanceKlass org/foxesworld/kalitech/engine/script/events/ScriptEventBus$OrderedSubList
instanceKlass org/foxesworld/kalitech/engine/script/events/ScriptEventBus$Matcher
instanceKlass org/foxesworld/kalitech/engine/script/events/ScriptEventBus
instanceKlass org/foxesworld/kalitech/engine/ecs/UuidToIntMap
instanceKlass org/foxesworld/kalitech/engine/ecs/EntityUuids
instanceKlass org/foxesworld/kalitech/engine/ecs/ComponentStore
instanceKlass org/foxesworld/kalitech/engine/ecs/EntityManager
instanceKlass org/foxesworld/kalitech/engine/ecs/EcsWorld
instanceKlass com/jme3/export/OutputCapsule
instanceKlass com/jme3/export/InputCapsule
instanceKlass com/simsilica/lemur/Insets3f
instanceKlass java/math/MutableBigInteger
instanceKlass org/codehaus/groovy/runtime/typehandling/NumberMathModificationInfo
instanceKlass com/simsilica/lemur/core/UnshadedMaterialAdapter
instanceKlass groovy/util/ProxyGenerator
instanceKlass org/codehaus/groovy/runtime/ConversionHandler
instanceKlass org/codehaus/groovy/vmplugin/v8/TypeTransformers
instanceKlass com/jme3/scene/control/AbstractControl
instanceKlass com/simsilica/lemur/focus/FocusTraversal
instanceKlass com/simsilica/lemur/focus/FocusTarget
instanceKlass com/jme3/scene/SceneGraphVisitor
instanceKlass com/jme3/profile/AppProfiler
instanceKlass com/simsilica/lemur/component/AbstractGuiComponent
instanceKlass com/simsilica/lemur/core/GuiComponent
instanceKlass com/simsilica/lemur/component/ColoredComponent
instanceKlass org/codehaus/groovy/reflection/CachedClass$CachedMethodComparatorWithString
instanceKlass org/codehaus/groovy/reflection/CachedClass$CachedMethodComparatorByName
instanceKlass Script2$2
instanceKlass Script2$1
instanceKlass org/codehaus/groovy/classgen/asm/ClosureWriter$UseExistingReference
instanceKlass java/math/BigDecimal$StringBuilderHelper
instanceKlass org/codehaus/groovy/classgen/asm/BinaryExpressionWriter
instanceKlass java/lang/Throwable$PrintStreamOrWriter
instanceKlass org/codehaus/groovy/classgen/asm/CompileStack$LabelRange
instanceKlass org/codehaus/groovy/classgen/asm/CompileStack$BlockRecorder
instanceKlass org/codehaus/groovy/classgen/FinalVariableAnalyzer$1
instanceKlass com/simsilica/lemur/Command
instanceKlass org/codehaus/groovy/ast/decompiled/MemberSignatureParser
instanceKlass java/math/MathContext
instanceKlass jdk/internal/math/FDBigInteger
instanceKlass org/codehaus/groovy/syntax/Numbers
instanceKlass java/util/LinkedList$LLSpliterator
instanceKlass groovyjarjarantlr4/v4/runtime/atn/ATNConfigSet$1
instanceKlass org/codehaus/groovy/runtime/metaclass/DefaultMetaClassInfo$ConstantMetaClassVersioning
instanceKlass org/codehaus/groovy/runtime/metaclass/DefaultMetaClassInfo
instanceKlass org/codehaus/groovy/reflection/AccessPermissionChecker
instanceKlass java/lang/invoke/MethodHandleImpl$Makers$2
instanceKlass java/lang/invoke/MethodHandleImpl$Makers$1
instanceKlass java/lang/invoke/MethodHandleImpl$Makers
instanceKlass java/util/AbstractList$SubList$1
instanceKlass org/codehaus/groovy/vmplugin/v8/TypeHelper
instanceKlass org/codehaus/groovy/vmplugin/v8/IndyGuardsFiltersAndSignatures
instanceKlass org/codehaus/groovy/runtime/metaclass/MetaMethodIndex$MetaMethodCache
instanceKlass org/codehaus/groovy/vmplugin/v8/Selector$1
instanceKlass org/codehaus/groovy/vmplugin/v8/Selector
instanceKlass org/codehaus/groovy/vmplugin/v8/IndyInterface$FallbackSupplier
instanceKlass java/lang/invoke/DirectMethodHandle$1
instanceKlass java/lang/invoke/SwitchPoint
instanceKlass org/codehaus/groovy/vmplugin/v8/MethodHandleWrapper
instanceKlass java/lang/invoke/ClassSpecializer$Factory$1Var
instanceKlass sun/invoke/util/ValueConversions$1
instanceKlass sun/invoke/util/ValueConversions$WrapperCache
instanceKlass org/codehaus/groovy/runtime/metaclass/ClosureMetaClass$StandardClosureChooser
instanceKlass org/codehaus/groovy/runtime/metaclass/ClosureMetaClass$MethodChooser
instanceKlass groovy/lang/DelegatingMetaClass
instanceKlass java/util/AbstractList$Itr
instanceKlass java/security/PermissionsEnumerator
instanceKlass java/io/FilePermissionCollection$1
instanceKlass org/codehaus/groovy/classgen/asm/OptimizingStatementWriter$OptimizeFlagsCollector$OptimizeFlagsEntry
instanceKlass org/codehaus/groovy/classgen/asm/OptimizingStatementWriter$OptimizeFlagsCollector
instanceKlass org/codehaus/groovy/runtime/BytecodeInterface8
instanceKlass java/lang/FunctionalInterface
instanceKlass groovy/transform/SealedOptions
instanceKlass org/codehaus/groovy/classgen/asm/MopWriter$MopKey
instanceKlass java/util/LinkedList$DescendingIterator
instanceKlass org/codehaus/groovy/ast/decompiled/Annotations
instanceKlass groovyjarjarasm/asm/signature/SignatureReader
instanceKlass org/codehaus/groovy/ast/decompiled/AnnotatedTypeStub
instanceKlass groovyjarjarasm/asm/signature/SignatureVisitor
instanceKlass org/codehaus/groovy/ast/decompiled/ClassSignatureParser
instanceKlass org/codehaus/groovy/runtime/wrappers/Wrapper
instanceKlass java/lang/SafeVarargs
instanceKlass groovyjarjarasm/asm/Handler
instanceKlass org/codehaus/groovy/tools/Utilities
instanceKlass org/codehaus/groovy/classgen/asm/OptimizingStatementWriter$StatementMeta
instanceKlass org/apache/groovy/ast/tools/ExpressionUtils
instanceKlass org/codehaus/groovy/classgen/asm/BytecodeHelper$PrimitiveTypeHandler
instanceKlass org/codehaus/groovy/classgen/asm/BytecodeVariable
instanceKlass groovyjarjarasm/asm/Edge
instanceKlass org/codehaus/groovy/classgen/asm/CompileStack$StateStackElement
instanceKlass groovyjarjarasm/asm/Frame
instanceKlass groovyjarjarasm/asm/TypeReference
instanceKlass org/codehaus/groovy/classgen/asm/StatementMetaTypeChooser
instanceKlass org/codehaus/groovy/classgen/asm/CompileStack
instanceKlass org/codehaus/groovy/classgen/asm/MethodPointerExpressionWriter
instanceKlass org/codehaus/groovy/classgen/asm/ClosureWriter
instanceKlass org/codehaus/groovy/classgen/asm/AssertionWriter
instanceKlass org/codehaus/groovy/classgen/asm/OperandStack
instanceKlass org/codehaus/groovy/classgen/asm/UnaryExpressionHelper
instanceKlass org/codehaus/groovy/vmplugin/v8/IndyInterface
instanceKlass java/lang/reflect/AnnotatedType
instanceKlass java/lang/Class$EnclosingMethodInfo
instanceKlass org/codehaus/groovy/runtime/typehandling/ShortTypeHandling
instanceKlass org/codehaus/groovy/classgen/asm/TypeChooser
instanceKlass org/codehaus/groovy/classgen/asm/StatementWriter
instanceKlass org/codehaus/groovy/classgen/asm/BinaryExpressionHelper
instanceKlass org/codehaus/groovy/classgen/asm/CallSiteWriter
instanceKlass org/codehaus/groovy/classgen/asm/InvocationWriter
instanceKlass org/codehaus/groovy/classgen/asm/WriterControllerFactory
instanceKlass org/codehaus/groovy/classgen/asm/MethodCaller
instanceKlass org/codehaus/groovy/classgen/asm/MethodCallerMultiAdapter
instanceKlass org/codehaus/groovy/runtime/ScriptBytecodeAdapter
instanceKlass groovyjarjarasm/asm/ByteVector
instanceKlass groovyjarjarasm/asm/Symbol
instanceKlass groovyjarjarasm/asm/SymbolTable
instanceKlass groovyjarjarasm/asm/ModuleVisitor
instanceKlass org/codehaus/groovy/classgen/AnnotationVisitor
instanceKlass sun/reflect/generics/tree/VoidDescriptor
instanceKlass sun/reflect/generics/tree/BooleanSignature
instanceKlass groovy/transform/NamedParams
instanceKlass groovy/transform/stc/ClosureParams
instanceKlass groovy/lang/DelegatesTo$Target
instanceKlass groovy/lang/DelegatesTo
instanceKlass groovy/transform/TypeChecked$TypeCheckingInfo
instanceKlass groovy/transform/TypeChecked
instanceKlass org/codehaus/groovy/transform/stc/TypeCheckingExtension
instanceKlass org/codehaus/groovy/runtime/memoize/StampedCommonCache
instanceKlass org/codehaus/groovy/transform/stc/AbstractExtensionMethodCache
instanceKlass jdk/internal/vm/annotation/ForceInline
instanceKlass jdk/internal/vm/annotation/Stable
instanceKlass org/codehaus/groovy/ast/tools/WideningCategories
instanceKlass org/codehaus/groovy/transform/stc/StaticTypeCheckingSupport
instanceKlass org/codehaus/groovy/classgen/Verifier$1
instanceKlass groovy/transform/NonSealed
instanceKlass org/apache/groovy/util/concurrent/concurrentlinkedhashmap/Linked
instanceKlass org/apache/groovy/util/concurrent/concurrentlinkedhashmap/Weigher
instanceKlass org/apache/groovy/util/concurrent/concurrentlinkedhashmap/Weighers
instanceKlass org/apache/groovy/util/concurrent/concurrentlinkedhashmap/EntryWeigher
instanceKlass org/apache/groovy/util/concurrent/concurrentlinkedhashmap/EvictionListener
instanceKlass org/apache/groovy/util/concurrent/concurrentlinkedhashmap/ConcurrentLinkedHashMap$Builder
instanceKlass org/codehaus/groovy/ast/tools/GenericsUtils
instanceKlass org/codehaus/groovy/classgen/ReturnAdder$ReturnStatementListener
instanceKlass org/codehaus/groovy/classgen/ReturnAdder
instanceKlass org/codehaus/groovy/classgen/asm/WriterController
instanceKlass org/codehaus/groovy/classgen/asm/MopWriter$Factory
instanceKlass org/codehaus/groovy/classgen/asm/MopWriter
instanceKlass org/apache/groovy/ast/tools/ConstructorNodeUtils
instanceKlass org/codehaus/groovy/classgen/asm/OptimizingStatementWriter$ClassNodeSkip
instanceKlass org/codehaus/groovy/classgen/Verifier$DefaultArgsAction
instanceKlass groovy/transform/RecordBase
instanceKlass groovy/transform/RecordOptions
instanceKlass groovy/transform/NamedParam
instanceKlass org/codehaus/groovy/transform/AbstractASTTransformation
instanceKlass groovy/transform/stc/POJO
instanceKlass org/codehaus/groovy/classgen/FinalVariableAnalyzer$VariableNotFinalCallback
instanceKlass org/codehaus/groovy/classgen/Verifier
instanceKlass groovyjarjarasm/asm/Opcodes
instanceKlass org/codehaus/groovy/runtime/typehandling/DefaultTypeTransformation
instanceKlass org/codehaus/groovy/classgen/asm/BytecodeHelper
instanceKlass org/codehaus/groovy/classgen/BytecodeInstruction
instanceKlass groovy/transform/CompileStatic
instanceKlass org/codehaus/groovy/transform/trait/TraitComposer
instanceKlass org/codehaus/groovy/transform/GroovyASTTransformationClass
instanceKlass groovy/transform/AnnotationCollector
instanceKlass org/codehaus/groovy/vmplugin/v8/Java8$1
instanceKlass org/codehaus/groovy/transform/AnnotationCollectorTransform$ClassChanger
instanceKlass groovyjarjarasm/asm/Handle
instanceKlass jdk/internal/ValueBased
instanceKlass org/codehaus/groovy/ast/decompiled/AnnotationStub
instanceKlass org/codehaus/groovy/ast/decompiled/AsmReferenceResolver
instanceKlass groovyjarjarasm/asm/Label
instanceKlass org/codehaus/groovy/ast/decompiled/MemberStub
instanceKlass groovyjarjarasm/asm/Context
instanceKlass groovyjarjarasm/asm/Attribute
instanceKlass groovyjarjarasm/asm/ClassReader
instanceKlass groovyjarjarasm/asm/RecordComponentVisitor
instanceKlass groovyjarjarasm/asm/MethodVisitor
instanceKlass groovyjarjarasm/asm/FieldVisitor
instanceKlass groovyjarjarasm/asm/AnnotationVisitor
instanceKlass org/codehaus/groovy/ast/decompiled/AsmDecompiler
instanceKlass org/apache/groovy/util/concurrent/LazyInitializable
instanceKlass org/codehaus/groovy/ast/decompiled/AnnotatedStub
instanceKlass com/sun/beans/finder/FinderUtils
instanceKlass com/sun/beans/finder/AbstractFinder
instanceKlass sun/reflect/generics/reflectiveObjects/GenericArrayTypeImpl
instanceKlass sun/reflect/generics/tree/IntSignature
instanceKlass org/apache/groovy/plugin/GroovyRunnerRegistry
instanceKlass org/codehaus/groovy/runtime/GroovyCategorySupport
instanceKlass java/beans/SimpleBeanInfo
instanceKlass jdk/internal/vm/annotation/IntrinsicCandidate
instanceKlass java/beans/BeanProperty
instanceKlass com/sun/beans/WildcardTypeImpl
instanceKlass com/sun/beans/introspect/PropertyInfo
instanceKlass com/sun/beans/introspect/EventSetInfo
instanceKlass sun/reflect/generics/tree/MethodTypeSignature
instanceKlass com/sun/beans/WeakCache
instanceKlass com/sun/beans/TypeResolver
instanceKlass java/beans/MethodRef
instanceKlass com/sun/beans/introspect/MethodInfo$MethodOrder
instanceKlass com/sun/beans/introspect/MethodInfo
instanceKlass com/sun/beans/util/Cache$Ref
instanceKlass com/sun/beans/introspect/ClassInfo
instanceKlass javax/swing/SwingContainer
instanceKlass java/beans/JavaBean
instanceKlass com/sun/beans/finder/ClassFinder
instanceKlass com/sun/beans/finder/InstanceFinder
instanceKlass java/beans/WeakIdentityMap
instanceKlass java/beans/ThreadGroupContext
instanceKlass java/beans/Introspector$1
instanceKlass jdk/internal/access/JavaBeansAccess
instanceKlass java/beans/Introspector
instanceKlass groovy/lang/MetaClassImpl$MethodIndexAction
instanceKlass org/codehaus/groovy/runtime/callsite/CallSiteArray
instanceKlass org/codehaus/groovy/reflection/MixinInMetaClass
instanceKlass java/beans/BeanInfo
instanceKlass java/beans/FeatureDescriptor
instanceKlass org/codehaus/groovy/runtime/metaclass/MetaMethodIndex$Cache
instanceKlass groovy/lang/ClosureInvokingMethod
instanceKlass org/codehaus/groovy/runtime/MethodKey
instanceKlass groovy/lang/ExpandoMetaClass$Callable
instanceKlass org/codehaus/groovy/runtime/metaclass/MetaMethodIndex
instanceKlass groovy/lang/MetaClassImpl
instanceKlass groovy/lang/MutableMetaClass
instanceKlass org/codehaus/groovy/jsr223/ScriptStaticExtensions
instanceKlass org/codehaus/groovy/jsr223/ScriptExtensions
instanceKlass org/codehaus/groovy/runtime/m12n/ExtensionModule
instanceKlass org/codehaus/groovy/runtime/m12n/PropertiesModuleFactory
instanceKlass org/codehaus/groovy/runtime/metaclass/MetaClassRegistryImpl$DefaultModuleListener
instanceKlass org/codehaus/groovy/runtime/m12n/ExtensionModuleScanner
instanceKlass org/codehaus/groovy/runtime/DefaultGroovyStaticMethods
instanceKlass org/codehaus/groovy/runtime/RangeInfo
instanceKlass org/codehaus/groovy/vmplugin/v10/PluginDefaultGroovyMethods
instanceKlass java/util/LongSummaryStatistics
instanceKlass java/util/stream/LongStream$LongMapMultiConsumer
instanceKlass java/util/function/LongToDoubleFunction
instanceKlass java/util/function/LongToIntFunction
instanceKlass java/util/function/LongSupplier
instanceKlass java/util/function/LongBinaryOperator
instanceKlass java/util/function/LongFunction
instanceKlass java/util/stream/LongStream$Builder
instanceKlass java/util/function/ObjLongConsumer
instanceKlass java/util/PrimitiveIterator$OfLong
instanceKlass java/util/IntSummaryStatistics
instanceKlass java/util/stream/IntStream$IntMapMultiConsumer
instanceKlass java/util/function/IntToDoubleFunction
instanceKlass java/util/function/IntToLongFunction
instanceKlass java/util/function/IntSupplier
instanceKlass java/util/function/IntBinaryOperator
instanceKlass java/util/stream/IntStream$Builder
instanceKlass java/util/function/ObjIntConsumer
instanceKlass java/util/PrimitiveIterator$OfInt
instanceKlass java/util/DoubleSummaryStatistics
instanceKlass java/util/stream/DoubleStream$DoubleMapMultiConsumer
instanceKlass java/util/function/DoubleToLongFunction
instanceKlass java/util/function/DoubleToIntFunction
instanceKlass java/util/function/DoubleSupplier
instanceKlass java/util/function/DoubleBinaryOperator
instanceKlass java/util/function/DoubleFunction
instanceKlass java/util/stream/DoubleStream$Builder
instanceKlass java/util/function/ObjDoubleConsumer
instanceKlass java/util/PrimitiveIterator$OfDouble
instanceKlass java/util/PrimitiveIterator
instanceKlass java/util/function/ToDoubleFunction
instanceKlass java/util/function/ToLongFunction
instanceKlass java/util/concurrent/CompletableFuture
instanceKlass java/util/concurrent/CompletionStage
instanceKlass java/lang/ProcessHandle
instanceKlass java/lang/ProcessHandle$Info
instanceKlass org/codehaus/groovy/runtime/MetaClassHelper
instanceKlass org/codehaus/groovy/runtime/callsite/CallSite
instanceKlass java/util/function/UnaryOperator
instanceKlass org/codehaus/groovy/util/ReferenceType$HardRef
instanceKlass org/codehaus/groovy/util/ManagedReference
instanceKlass org/codehaus/groovy/reflection/ClassInfo$GlobalClassSet
instanceKlass org/codehaus/groovy/reflection/GroovyClassValue
instanceKlass org/codehaus/groovy/reflection/GroovyClassValueFactory
instanceKlass org/codehaus/groovy/reflection/ClassInfo$1
instanceKlass org/codehaus/groovy/reflection/CachedClass
instanceKlass org/codehaus/groovy/reflection/GroovyClassValue$ComputeValue
instanceKlass org/codehaus/groovy/reflection/ClassInfo
instanceKlass org/codehaus/groovy/util/Finalizable
instanceKlass org/codehaus/groovy/reflection/ReflectionCache
instanceKlass java/util/function/DoublePredicate
instanceKlass java/util/function/LongUnaryOperator
instanceKlass groovy/util/function/LongComparator
instanceKlass groovy/util/function/IntComparator
instanceKlass groovy/util/function/FloatUnaryOperator
instanceKlass groovy/util/function/FloatComparator
instanceKlass java/util/function/DoubleUnaryOperator
instanceKlass groovy/util/function/DoubleComparator
instanceKlass groovy/lang/MetaProperty
instanceKlass groovy/lang/groovydoc/Groovydoc
instanceKlass groovy/lang/ListWithDefault
instanceKlass java/lang/Process
instanceKlass java/io/ObjectOutput
instanceKlass java/util/OptionalLong
instanceKlass java/io/ObjectStreamConstants
instanceKlass java/util/OptionalDouble
instanceKlass java/io/ObjectInput
instanceKlass java/util/stream/LongStream
instanceKlass java/util/stream/DoubleStream
instanceKlass java/util/function/LongConsumer
instanceKlass java/util/function/DoubleConsumer
instanceKlass java/util/Timer
instanceKlass java/net/ServerSocket
instanceKlass java/net/Socket
instanceKlass java/util/concurrent/ForkJoinPool$DefaultCommonPoolForkJoinWorkerThreadFactory$1
instanceKlass java/util/concurrent/ForkJoinTask$Aux
instanceKlass java/util/concurrent/ForkJoinTask
instanceKlass org/codehaus/groovy/reflection/GeneratedMetaMethod$DgmMethodRecord
instanceKlass groovy/lang/MetaClassRegistry$MetaClassCreationHandle
instanceKlass org/codehaus/groovy/runtime/m12n/ExtensionModuleRegistry
instanceKlass org/codehaus/groovy/util/ManagedConcurrentLinkedQueue
instanceKlass org/codehaus/groovy/util/FastArray
instanceKlass groovy/lang/MetaClassRegistryChangeEventListener
instanceKlass org/codehaus/groovy/runtime/m12n/ExtensionModuleScanner$ExtensionModuleListener
instanceKlass org/codehaus/groovy/runtime/metaclass/MetaClassRegistryImpl
instanceKlass groovy/lang/MetaClassRegistry
instanceKlass org/codehaus/groovy/runtime/callsite/BooleanClosureWrapper
instanceKlass org/codehaus/groovy/control/ClassNodeResolver$LookupResult
instanceKlass org/codehaus/groovy/ast/tools/ClosureUtils
instanceKlass org/codehaus/groovy/ast/DynamicVariable
instanceKlass org/apache/groovy/util/BeanUtils
instanceKlass org/apache/groovy/ast/tools/MethodNodeUtils
instanceKlass org/codehaus/groovy/classgen/VariableScopeVisitor$StateStackElement
instanceKlass groovy/transform/Internal
instanceKlass java/beans/Transient
instanceKlass java/util/zip/ZipFile$ZipEntryIterator
instanceKlass java/net/URLClassLoader$1
instanceKlass java/net/URLClassLoader$2
instanceKlass org/codehaus/groovy/ast/GenericsType$GenericsTypeName
instanceKlass groovy/grape/Grape
instanceKlass java/util/function/BiPredicate
instanceKlass org/codehaus/groovy/ast/tools/ParameterUtils
instanceKlass org/codehaus/groovy/reflection/ReflectionUtils
instanceKlass groovy/transform/SelfType
instanceKlass groovy/lang/GeneratedGroovyProxy
instanceKlass groovy/transform/Trait
instanceKlass org/codehaus/groovy/transform/trait/Traits$TraitBridge
instanceKlass org/codehaus/groovy/transform/trait/Traits$Implemented
instanceKlass org/codehaus/groovy/transform/trait/Traits
instanceKlass groovy/transform/Generated
instanceKlass org/apache/groovy/ast/tools/AnnotatedNodeUtils
instanceKlass org/apache/groovy/ast/tools/ClassNodeUtils
instanceKlass org/codehaus/groovy/runtime/InvokerHelper
instanceKlass org/codehaus/groovy/ast/tools/GeneralUtils
instanceKlass org/codehaus/groovy/syntax/Types
instanceKlass org/apache/groovy/parser/antlr4/ModifierManager
instanceKlass org/codehaus/groovy/util/ListHashMap
instanceKlass groovyjarjarasm/asm/Type
instanceKlass org/codehaus/groovy/classgen/asm/util/TypeUtil
instanceKlass org/apache/groovy/parser/antlr4/util/StringUtils
instanceKlass org/apache/groovy/parser/antlr4/util/PositionConfigureUtils
instanceKlass java/util/concurrent/atomic/AtomicReferenceArray
instanceKlass groovyjarjarantlr4/v4/runtime/dfa/DFAState$PredPrediction
instanceKlass sun/awt/AppContext$PostShutdownEventRunnable
instanceKlass org/apache/groovy/parser/antlr4/GroovyLexer$Paren
instanceKlass groovyjarjarantlr4/v4/runtime/tree/TerminalNodeImpl
instanceKlass groovyjarjarantlr4/v4/runtime/atn/ConflictInfo
instanceKlass groovyjarjarantlr4/v4/runtime/atn/SimulatorState
instanceKlass groovyjarjarantlr4/v4/runtime/atn/PredictionContextCache$IdentityCommutativePredictionContextOperands
instanceKlass groovyjarjarantlr4/v4/runtime/atn/PredictionContextCache$PredictionContextAndInt
instanceKlass groovyjarjarantlr4/v4/runtime/CommonToken
instanceKlass groovyjarjarantlr4/v4/runtime/WritableToken
instanceKlass java/util/stream/Nodes$IntArrayNode
instanceKlass java/util/stream/Node$Builder$OfInt
instanceKlass org/apache/groovy/parser/antlr4/SemanticPredicates
instanceKlass groovyjarjarantlr4/v4/runtime/atn/LexerIndexedCustomAction
instanceKlass java/util/concurrent/atomic/AtomicIntegerArray
instanceKlass groovyjarjarantlr4/v4/runtime/misc/Utils
instanceKlass groovyjarjarantlr4/v4/runtime/dfa/AcceptStateInfo
instanceKlass groovyjarjarantlr4/v4/runtime/atn/LexerActionExecutor
instanceKlass groovyjarjarantlr4/v4/runtime/atn/ATNConfigSet$ATNConfigSetIterator
instanceKlass groovyjarjarantlr4/v4/runtime/misc/FlexibleHashMap$Entry
instanceKlass groovyjarjarantlr4/v4/runtime/misc/AbstractEqualityComparator
instanceKlass groovyjarjarantlr4/v4/runtime/misc/EqualityComparator
instanceKlass groovyjarjarantlr4/v4/runtime/misc/FlexibleHashMap
instanceKlass groovyjarjarantlr4/v4/runtime/atn/PredictionContextCache
instanceKlass groovyjarjarantlr4/v4/runtime/misc/MurmurHash
instanceKlass groovyjarjarantlr4/v4/runtime/atn/PredictionContext
instanceKlass org/apache/groovy/parser/antlr4/TryWithResourcesASTTransformation
instanceKlass org/apache/groovy/parser/antlr4/GroovydocManager
instanceKlass groovyjarjarantlr4/v4/runtime/atn/ATNConfig
instanceKlass java/util/function/ToIntFunction
instanceKlass groovyjarjarantlr4/v4/runtime/atn/SemanticContext
instanceKlass groovyjarjarantlr4/v4/runtime/DefaultErrorStrategy
instanceKlass groovyjarjarantlr4/v4/runtime/BufferedTokenStream
instanceKlass groovyjarjarantlr4/v4/runtime/tree/ErrorNode
instanceKlass groovyjarjarantlr4/v4/runtime/tree/TerminalNode
instanceKlass groovyjarjarantlr4/v4/runtime/tree/ParseTreeListener
instanceKlass groovyjarjarantlr4/v4/runtime/ParserErrorListener
instanceKlass org/apache/groovy/parser/antlr4/internal/atnmanager/AtnManager$AtnWrapper
instanceKlass org/apache/groovy/parser/antlr4/internal/atnmanager/AtnManager
instanceKlass groovyjarjarantlr4/v4/runtime/atn/LexerATNSimulator$SimState
instanceKlass groovyjarjarantlr4/v4/runtime/dfa/DFAState
instanceKlass groovyjarjarantlr4/v4/runtime/atn/ATNConfigSet
instanceKlass groovyjarjarantlr4/v4/runtime/misc/IntegerList
instanceKlass groovyjarjarantlr4/v4/runtime/Token
instanceKlass groovyjarjarantlr4/v4/runtime/CommonTokenFactory
instanceKlass groovyjarjarantlr4/v4/runtime/TokenFactory
instanceKlass groovyjarjarantlr4/v4/runtime/ConsoleErrorListener
instanceKlass groovyjarjarantlr4/v4/runtime/atn/LexerSkipAction
instanceKlass groovyjarjarantlr4/v4/runtime/atn/LexerCustomAction
instanceKlass groovyjarjarantlr4/v4/runtime/atn/LexerMoreAction
instanceKlass groovyjarjarantlr4/v4/runtime/atn/LexerPopModeAction
instanceKlass groovyjarjarantlr4/v4/runtime/atn/LexerTypeAction
instanceKlass groovyjarjarantlr4/v4/runtime/atn/LexerPushModeAction
instanceKlass groovyjarjarantlr4/v4/runtime/atn/ATNDeserializer$3
instanceKlass groovyjarjarantlr4/v4/runtime/misc/Tuple3
instanceKlass groovyjarjarantlr4/v4/runtime/atn/ATNDeserializer$2
instanceKlass groovyjarjarantlr4/v4/runtime/misc/Interval
instanceKlass groovyjarjarantlr4/v4/runtime/misc/IntervalSet
instanceKlass groovyjarjarantlr4/v4/runtime/atn/ATNDeserializer$1
instanceKlass groovyjarjarantlr4/v4/runtime/dfa/AbstractEdgeMap
instanceKlass groovyjarjarantlr4/v4/runtime/dfa/EdgeMap
instanceKlass groovyjarjarantlr4/v4/runtime/dfa/DFASerializer
instanceKlass groovyjarjarantlr4/v4/runtime/misc/Tuple2
instanceKlass groovyjarjarantlr4/v4/runtime/misc/Tuple
instanceKlass groovyjarjarantlr4/v4/runtime/dfa/DFA
instanceKlass groovyjarjarantlr4/v4/runtime/atn/ATN
instanceKlass groovyjarjarantlr4/v4/runtime/atn/ATNDeserializationOptions
instanceKlass groovyjarjarantlr4/v4/runtime/misc/IntSet
instanceKlass groovyjarjarantlr4/v4/runtime/atn/LexerAction
instanceKlass groovyjarjarantlr4/v4/runtime/atn/ATNDeserializer$UnicodeDeserializer
instanceKlass groovyjarjarantlr4/v4/runtime/atn/ATNState
instanceKlass groovyjarjarantlr4/v4/runtime/atn/Transition
instanceKlass groovyjarjarantlr4/v4/runtime/atn/ATNDeserializer
instanceKlass groovyjarjarantlr4/v4/runtime/VocabularyImpl
instanceKlass groovyjarjarantlr4/v4/runtime/Vocabulary
instanceKlass groovyjarjarantlr4/v4/runtime/atn/ATNSimulator
instanceKlass groovyjarjarantlr4/v4/runtime/Recognizer
instanceKlass org/apache/groovy/parser/antlr4/SyntaxErrorReportable
instanceKlass groovyjarjarantlr4/v4/runtime/CodePointCharStream$1
instanceKlass groovyjarjarantlr4/v4/runtime/CodePointCharStream
instanceKlass groovyjarjarantlr4/v4/runtime/UnicodeCharStream
instanceKlass groovyjarjarantlr4/v4/runtime/CodePointBuffer$1
instanceKlass groovyjarjarantlr4/v4/runtime/CodePointBuffer$Builder
instanceKlass groovyjarjarantlr4/v4/runtime/CodePointBuffer
instanceKlass org/codehaus/groovy/ast/VariableScope
instanceKlass groovyjarjarantlr4/v4/runtime/ANTLRErrorListener
instanceKlass groovyjarjarantlr4/v4/runtime/CharStream
instanceKlass groovyjarjarantlr4/v4/runtime/RuleContext
instanceKlass groovyjarjarantlr4/v4/runtime/ANTLRErrorStrategy
instanceKlass groovyjarjarantlr4/v4/runtime/TokenStream
instanceKlass groovyjarjarantlr4/v4/runtime/IntStream
instanceKlass groovyjarjarantlr4/v4/runtime/TokenSource
instanceKlass groovyjarjarantlr4/v4/runtime/tree/RuleNode
instanceKlass groovyjarjarantlr4/v4/runtime/tree/ParseTree
instanceKlass groovyjarjarantlr4/v4/runtime/tree/SyntaxTree
instanceKlass groovyjarjarantlr4/v4/runtime/tree/Tree
instanceKlass groovyjarjarantlr4/v4/runtime/tree/AbstractParseTreeVisitor
instanceKlass org/apache/groovy/parser/antlr4/GroovyParserVisitor
instanceKlass groovyjarjarantlr4/v4/runtime/tree/ParseTreeVisitor
instanceKlass org/apache/groovy/parser/antlr4/Antlr4ParserPlugin
instanceKlass org/codehaus/groovy/control/CompilationUnit$ProgressCallback
instanceKlass groovy/lang/GroovyClassLoader$ClassCollector
instanceKlass org/codehaus/groovy/control/CompilationUnit$ClassgenCallback
instanceKlass org/codehaus/groovy/control/io/AbstractReaderSource
instanceKlass org/codehaus/groovy/transform/ASTTransformationVisitor$1
instanceKlass groovy/lang/GrabResolver
instanceKlass groovy/lang/Grapes
instanceKlass groovy/lang/GrabConfig
instanceKlass groovy/lang/GrabExclude
instanceKlass groovy/lang/Grab
instanceKlass org/codehaus/groovy/transform/GroovyASTTransformation
instanceKlass groovy/transform/CompilationUnitAware
instanceKlass org/codehaus/groovy/transform/ASTTransformation
instanceKlass java/net/URLClassLoader$3$1
instanceKlass java/net/URLClassLoader$3
instanceKlass org/codehaus/groovy/transform/ASTTransformationVisitor$PriorityComparator
instanceKlass org/codehaus/groovy/tools/GroovyClass
instanceKlass org/codehaus/groovy/classgen/GeneratorContext
instanceKlass org/codehaus/groovy/syntax/CSTNode
instanceKlass org/codehaus/groovy/ast/CompileUnit
instanceKlass org/codehaus/groovy/control/ASTTransformationsContext
instanceKlass org/codehaus/groovy/control/CompilationUnit$3
instanceKlass org/codehaus/groovy/control/CompilationUnit$2
instanceKlass org/codehaus/groovy/runtime/memoize/EvictableCache$Action
instanceKlass java/util/WeakHashMap$HashIterator
instanceKlass jdk/internal/jrtfs/JrtDirectoryStream$1
instanceKlass jdk/internal/jrtfs/JrtDirectoryStream
instanceKlass jdk/internal/jrtfs/JrtFileAttributes
instanceKlass jdk/internal/jimage/ImageReader$SharedImageReader$LocationVisitor
instanceKlass jdk/internal/jimage/ImageReader$Node
instanceKlass jdk/internal/jrtfs/SystemImage$2
instanceKlass jdk/internal/jrtfs/SystemImage
instanceKlass jdk/internal/jrtfs/JrtPath
instanceKlass groovy/beans/ListenerList
instanceKlass sun/nio/fs/BasicFileAttributesHolder
instanceKlass java/nio/file/Files$3
instanceKlass java/nio/file/FileTreeWalker$Event
instanceKlass jdk/nio/zipfs/ZipDirectoryStream$1
instanceKlass java/nio/file/FileTreeWalker$DirectoryNode
instanceKlass jdk/nio/zipfs/ZipDirectoryStream
instanceKlass java/nio/file/Files$AcceptAllFilter
instanceKlass java/util/concurrent/TimeUnit$1
instanceKlass jdk/nio/zipfs/ZipUtils
instanceKlass java/nio/file/FileTreeWalker
instanceKlass java/nio/file/SimpleFileVisitor
instanceKlass jdk/nio/zipfs/ZipFileSystem$END
instanceKlass jdk/nio/zipfs/ZipConstants
instanceKlass java/nio/file/attribute/PosixFileAttributeView
instanceKlass jdk/nio/zipfs/ZipFileAttributeView
instanceKlass jdk/nio/zipfs/ZipPath
instanceKlass jdk/nio/zipfs/ZipCoder
instanceKlass java/nio/file/attribute/PosixFilePermissions
instanceKlass java/nio/file/attribute/PosixFileAttributes
instanceKlass jdk/nio/zipfs/ZipFileAttributes
instanceKlass jdk/nio/zipfs/ZipFileSystem$IndexNode
instanceKlass java/util/AbstractMap$SimpleEntry
instanceKlass jdk/internal/jimage/ImageBufferCache$2
instanceKlass jdk/internal/jimage/ImageBufferCache
instanceKlass java/nio/channels/AsynchronousFileChannel
instanceKlass java/nio/channels/AsynchronousChannel
instanceKlass java/nio/file/DirectoryStream$Filter
instanceKlass java/nio/file/spi/FileSystemProvider$1
instanceKlass sun/nio/fs/WindowsUriSupport
instanceKlass java/nio/file/FileVisitor
instanceKlass org/codehaus/groovy/vmplugin/v9/ClassFinder
instanceKlass groovy/lang/GroovySystem
instanceKlass org/codehaus/groovy/ast/expr/MethodCall
instanceKlass org/codehaus/groovy/ast/stmt/LoopingStatement
instanceKlass org/codehaus/groovy/ast/CodeVisitorSupport
instanceKlass org/codehaus/groovy/ast/GroovyCodeVisitor
instanceKlass org/codehaus/groovy/transform/ErrorCollecting
instanceKlass org/codehaus/groovy/ast/expr/ExpressionTransformer
instanceKlass groovy/lang/GroovyInterceptable
instanceKlass java/lang/Override
instanceKlass groovy/transform/Sealed
instanceKlass java/lang/invoke/SerializedLambda
instanceKlass sun/reflect/generics/tree/TypeVariableSignature
instanceKlass java/util/Spliterators$IteratorSpliterator
instanceKlass jdk/internal/module/SystemModules$all
instanceKlass org/codehaus/groovy/ast/Variable
instanceKlass org/codehaus/groovy/vmplugin/v8/Java8
instanceKlass org/codehaus/groovy/vmplugin/VMPlugin
instanceKlass org/codehaus/groovy/vmplugin/VMPluginFactory
instanceKlass org/apache/groovy/util/concurrent/ConcurrentReferenceHashMap$KeyReference
instanceKlass org/apache/groovy/util/concurrent/ConcurrentReferenceHashMap$HashEntry
instanceKlass org/codehaus/groovy/ast/ClassHelper$ClassHelperCache
instanceKlass org/codehaus/groovy/runtime/GeneratedLambda
instanceKlass org/codehaus/groovy/runtime/GeneratedClosure
instanceKlass groovy/lang/Buildable
instanceKlass groovy/lang/GroovyCallable
instanceKlass org/codehaus/groovy/ast/ClassHelper
instanceKlass org/codehaus/groovy/ast/ClassNode$MapOfLists
instanceKlass org/codehaus/groovy/ast/ASTNode
instanceKlass org/codehaus/groovy/ast/NodeMetaDataHandler
instanceKlass groovy/lang/groovydoc/GroovydocHolder
instanceKlass org/codehaus/groovy/control/ClassNodeResolver
instanceKlass org/codehaus/groovy/control/messages/Message
instanceKlass org/codehaus/groovy/control/ErrorCollector
instanceKlass groovyjarjarasm/asm/ClassVisitor
instanceKlass org/codehaus/groovy/control/CompilationUnit$IGroovyClassOperation
instanceKlass org/codehaus/groovy/control/CompilationUnit$ISourceUnitOperation
instanceKlass org/codehaus/groovy/ast/GroovyClassVisitor
instanceKlass org/codehaus/groovy/control/io/ReaderSource
instanceKlass org/codehaus/groovy/control/HasCleanup
instanceKlass org/codehaus/groovy/control/ProcessingUnit
instanceKlass org/codehaus/groovy/runtime/memoize/MemoizeCache$ValueProvider
instanceKlass org/codehaus/groovy/runtime/EncodingGroovyMethods$2
instanceKlass sun/security/provider/ByteArrayAccess$LE
instanceKlass groovy/lang/Writable
instanceKlass groovy/lang/GroovyCodeSource
instanceKlass org/codehaus/groovy/util/Reference
instanceKlass org/codehaus/groovy/util/ReferenceManager
instanceKlass org/codehaus/groovy/util/ReferenceBundle
instanceKlass org/codehaus/groovy/util/ManagedConcurrentValueMap
instanceKlass javax/script/SimpleScriptContext
instanceKlass groovy/lang/GroovyClassLoader$1
instanceKlass org/codehaus/groovy/runtime/memoize/UnlimitedConcurrentCache
instanceKlass org/codehaus/groovy/runtime/memoize/CommonCache
instanceKlass org/codehaus/groovy/runtime/memoize/ConcurrentCommonCache
instanceKlass org/codehaus/groovy/runtime/memoize/ValueConvertable
instanceKlass org/codehaus/groovy/util/URLStreams
instanceKlass org/codehaus/groovy/runtime/NumberAwareComparator
instanceKlass org/codehaus/groovy/runtime/StreamGroovyMethods
instanceKlass org/codehaus/groovy/runtime/EncodingGroovyMethods
instanceKlass org/codehaus/groovy/reflection/ParameterTypes
instanceKlass groovy/lang/MetaMember
instanceKlass groovy/util/BufferedIterator
instanceKlass java/util/TimerTask
instanceKlass groovy/lang/Range
instanceKlass org/codehaus/groovy/runtime/DefaultGroovyMethodsSupport
instanceKlass org/codehaus/groovy/control/SourceExtensionHandler
instanceKlass org/codehaus/groovy/control/ParserPlugin
instanceKlass org/codehaus/groovy/control/ParserPluginFactory
instanceKlass org/apache/groovy/util/SystemUtil
instanceKlass org/apache/groovy/util/Maps
instanceKlass org/codehaus/groovy/GroovyExceptionInterface
instanceKlass org/codehaus/groovy/control/CompilerConfiguration
instanceKlass org/codehaus/groovy/control/CompilationUnit$IPrimaryClassNodeOperation
instanceKlass org/codehaus/groovy/control/CompilationUnit$PhaseOperation
instanceKlass org/codehaus/groovy/runtime/memoize/FlexibleCache
instanceKlass groovy/lang/GroovyResourceLoader
instanceKlass org/codehaus/groovy/runtime/memoize/EvictableCache
instanceKlass org/codehaus/groovy/runtime/memoize/MemoizeCache
instanceKlass org/codehaus/groovy/jsr223/GroovyScriptEngineImpl$1
instanceKlass groovy/lang/MetaClass
instanceKlass groovy/lang/MetaObjectProtocol
instanceKlass groovy/lang/GroovyObjectSupport
instanceKlass groovy/lang/GroovyObject
instanceKlass javax/script/CompiledScript
instanceKlass javax/script/ScriptContext
instanceKlass javax/script/AbstractScriptEngine
instanceKlass javax/script/Invocable
instanceKlass javax/script/Compilable
instanceKlass java/util/stream/StreamSpliterators
instanceKlass java/util/stream/Streams$2
instanceKlass java/util/stream/StreamSpliterators$AbstractWrappingSpliterator
instanceKlass java/util/stream/Streams$ConcatSpliterator
instanceKlass java/util/TreeMap$TreeMapSpliterator
instanceKlass javax/script/ScriptEngine
instanceKlass org/codehaus/groovy/jsr223/GroovyScriptEngineFactory
instanceKlass javax/script/SimpleBindings
instanceKlass java/util/Comparators$NullComparator
instanceKlass javax/script/ScriptEngineFactory
instanceKlass javax/script/Bindings
instanceKlass javax/script/ScriptEngineManager
instanceKlass com/simsilica/lemur/style/StyleLoader
instanceKlass com/simsilica/lemur/style/BaseStyles
instanceKlass com/google/common/io/CharStreams
instanceKlass com/google/common/io/Closer$SuppressingSuppressor
instanceKlass com/google/common/io/Closer$Suppressor
instanceKlass com/google/common/io/Closer
instanceKlass com/google/common/io/CharSource
instanceKlass com/google/common/hash/PrimitiveSink
instanceKlass com/google/common/base/Charsets
instanceKlass com/google/common/base/Preconditions
instanceKlass com/google/common/base/MoreObjects
instanceKlass com/google/common/io/ByteSource
instanceKlass com/google/common/io/LineProcessor
instanceKlass com/google/common/io/Resources
instanceKlass org/apache/logging/log4j/message/ReusableSimpleMessage
instanceKlass com/simsilica/lemur/LayerComparator
instanceKlass com/simsilica/lemur/style/Attributes
instanceKlass com/simsilica/lemur/style/StyleTree$Node
instanceKlass com/simsilica/lemur/style/StyleTree
instanceKlass com/simsilica/lemur/style/ElementId
instanceKlass com/simsilica/lemur/style/Styles
instanceKlass com/simsilica/lemur/anim/Animation
instanceKlass com/simsilica/lemur/focus/FocusNavigationState$InputHandler
instanceKlass com/simsilica/lemur/input/InputMapper$InputObserver
instanceKlass com/simsilica/lemur/input/StateFunctionListener
instanceKlass com/simsilica/lemur/input/InputMapper$Mapping
instanceKlass com/simsilica/lemur/input/InputMapper
instanceKlass com/simsilica/lemur/event/PickEventSession$RootEntry
instanceKlass com/simsilica/lemur/event/PickEventSession
instanceKlass com/simsilica/lemur/event/PickState
instanceKlass com/simsilica/lemur/event/KeyListener
instanceKlass com/simsilica/lemur/event/DefaultRawInputListener
instanceKlass com/simsilica/lemur/core/GuiMaterial
instanceKlass com/simsilica/lemur/GuiGlobals
instanceKlass org/foxesworld/kalitech/engine/asset/JsTextLoader
instanceKlass org/foxesworld/kalitech/engine/asset/InputTextLoader
instanceKlass com/jme3/asset/plugins/FileLocator
instanceKlass org/foxesworld/kalitech/core/KalitechPlatform
instanceKlass org/apache/logging/log4j/core/layout/ByteBufferDestinationHelper
instanceKlass org/apache/logging/log4j/core/layout/TextEncoderHelper
instanceKlass org/apache/logging/log4j/util/SortedArrayStringMap
instanceKlass org/apache/logging/log4j/util/IndexedStringMap
instanceKlass org/apache/logging/log4j/util/IndexedReadOnlyStringMap
instanceKlass org/apache/logging/log4j/core/impl/ContextDataFactory
instanceKlass org/apache/logging/log4j/message/SimpleMessage
instanceKlass org/apache/logging/log4j/core/impl/MutableLogEvent
instanceKlass org/apache/logging/log4j/message/ParameterFormatter
instanceKlass org/apache/logging/log4j/message/ParameterFormatter$MessagePatternAnalysis
instanceKlass org/apache/logging/log4j/message/ReusableParameterizedMessage
instanceKlass org/apache/logging/log4j/message/Clearable
instanceKlass org/apache/logging/log4j/message/ParameterVisitable
instanceKlass org/apache/logging/log4j/message/ReusableMessage
instanceKlass com/jme3/font/Rectangle
instanceKlass com/jme3/font/LetterQuad
instanceKlass com/jme3/font/ColorTags
instanceKlass com/jme3/font/Letters
instanceKlass com/jme3/font/StringBlock
instanceKlass com/jme3/util/SafeArrayList$ArrayIterator
instanceKlass com/jme3/scene/CollisionData
instanceKlass com/jme3/input/InputManager$Mapping
instanceKlass com/jme3/input/controls/KeyTrigger
instanceKlass com/jme3/input/controls/Trigger
instanceKlass com/jme3/input/FlyByCamera
instanceKlass com/jme3/input/controls/AnalogListener
instanceKlass com/jme3/font/BitmapCharacter
instanceKlass com/jme3/material/Material$1
instanceKlass com/jme3/material/Material$BindUnits
instanceKlass com/jme3/util/ListMap$ListMapEntry
instanceKlass com/jme3/texture/image/LastTextureState
instanceKlass com/sun/imageio/plugins/common/ReaderUtil
instanceKlass com/sun/imageio/plugins/png/PNGImageDataEnumeration
instanceKlass javax/imageio/IIOParam
instanceKlass javax/imageio/metadata/IIOMetadata
instanceKlass javax/imageio/ImageIO$CanDecodeInputFilter
instanceKlass javax/imageio/stream/MemoryCacheImageInputStream$StreamDisposerRecord
instanceKlass javax/imageio/stream/MemoryCache
instanceKlass javax/imageio/stream/ImageInputStreamImpl
instanceKlass javax/imageio/ImageIO$CacheInfo
instanceKlass javax/imageio/ImageIO$ImageReaderIterator
instanceKlass javax/imageio/spi/FilterIterator
instanceKlass javax/imageio/spi/PartialOrderIterator
instanceKlass javax/imageio/ImageIO$ContainsFilter
instanceKlass javax/imageio/spi/ServiceRegistry$Filter
instanceKlass javax/imageio/ImageTypeSpecifier
instanceKlass javax/imageio/ImageWriter
instanceKlass javax/imageio/ImageTranscoder
instanceKlass javax/imageio/metadata/IIOMetadataFormat
instanceKlass javax/imageio/ImageReader
instanceKlass javax/imageio/spi/IIORegistry$1
instanceKlass com/sun/imageio/plugins/jpeg/JPEG
instanceKlass javax/imageio/spi/DigraphNode
instanceKlass javax/imageio/spi/SubRegistry
instanceKlass java/util/Vector$Itr
instanceKlass javax/imageio/spi/IIOServiceProvider
instanceKlass javax/imageio/spi/RegisterableService
instanceKlass javax/imageio/spi/ServiceRegistry
instanceKlass javax/imageio/ImageIO
instanceKlass com/jme3/texture/TextureProcessor
instanceKlass com/jme3/asset/AssetProcessor
instanceKlass com/jme3/asset/cache/WeakRefAssetCache
instanceKlass com/jme3/asset/cache/WeakRefCloneAssetCache
instanceKlass com/jme3/material/Material
instanceKlass com/jme3/font/BitmapFont
instanceKlass com/jme3/font/BitmapCharacterSet
instanceKlass java/util/EnumMap$EnumMapIterator
instanceKlass com/jme3/material/RenderState
instanceKlass com/jme3/material/ShaderGenerationInfo
instanceKlass com/jme3/export/JmeImporter
instanceKlass com/jme3/export/JmeExporter
instanceKlass com/jme3/material/logic/DefaultTechniqueDefLogic
instanceKlass com/jme3/shader/DefineList
instanceKlass com/jme3/material/TechniqueDef
instanceKlass com/jme3/util/clone/ListCloneFunction
instanceKlass com/jme3/util/clone/Cloner
instanceKlass com/jme3/material/plugins/J3MLoader$1
instanceKlass com/jme3/material/MaterialDef
instanceKlass com/jme3/util/blockparser/Statement
instanceKlass com/jme3/util/blockparser/BlockLanguageParser
instanceKlass jme3tools/shader/Preprocessor
instanceKlass com/jme3/asset/cache/SimpleAssetCache
instanceKlass com/jme3/asset/cache/AssetCache
instanceKlass com/jme3/audio/Listener
instanceKlass com/jme3/audio/AudioContext
instanceKlass org/lwjgl/openal/EXTEfx
instanceKlass com/jme3/audio/AudioSource
instanceKlass org/lwjgl/openal/AL$ICDStatic$WriteOnce
instanceKlass org/lwjgl/openal/AL10
instanceKlass org/lwjgl/openal/EXTThreadLocalContext
instanceKlass org/lwjgl/openal/ALCapabilities
instanceKlass org/lwjgl/system/APIUtil$APIVersion
instanceKlass org/lwjgl/openal/ALC$ICDStatic$WriteOnce
instanceKlass org/lwjgl/openal/ALC$ICDStatic
instanceKlass org/lwjgl/openal/AL$ICDStatic
instanceKlass org/lwjgl/openal/AL$ICD
instanceKlass org/lwjgl/openal/AL
instanceKlass org/lwjgl/openal/ALCCapabilities
instanceKlass org/lwjgl/openal/ALC$1
instanceKlass org/lwjgl/openal/ALC$ICD
instanceKlass org/lwjgl/system/FunctionProviderLocal
instanceKlass org/lwjgl/openal/ALC
instanceKlass org/lwjgl/openal/ALC10
instanceKlass com/jme3/audio/openal/ALAudioRenderer
instanceKlass com/jme3/audio/lwjgl/LwjglEFX
instanceKlass com/jme3/audio/openal/EFX
instanceKlass com/jme3/audio/lwjgl/LwjglALC
instanceKlass com/jme3/audio/openal/ALC
instanceKlass com/jme3/audio/lwjgl/LwjglAL
instanceKlass com/jme3/audio/openal/AL
instanceKlass com/jme3/input/event/InputEvent
instanceKlass com/jme3/input/InputManager
instanceKlass com/jme3/input/RawInputListener
instanceKlass org/lwjgl/glfw/GLFWCharCallbackI
instanceKlass org/lwjgl/glfw/GLFWKeyCallbackI
instanceKlass com/jme3/input/lwjgl/GlfwKeyInput
instanceKlass org/lwjgl/system/libc/LibCString
instanceKlass org/lwjgl/glfw/GLFWMouseButtonCallbackI
instanceKlass org/lwjgl/glfw/GLFWScrollCallbackI
instanceKlass org/lwjgl/glfw/GLFWCursorPosCallbackI
instanceKlass com/jme3/input/lwjgl/GlfwMouseInput
instanceKlass com/jme3/post/SceneProcessor
instanceKlass com/jme3/renderer/queue/NullComparator
instanceKlass com/jme3/renderer/queue/TransparentComparator
instanceKlass com/jme3/renderer/queue/GuiComparator
instanceKlass com/jme3/util/ListSort
instanceKlass com/jme3/renderer/queue/OpaqueComparator
instanceKlass com/jme3/renderer/queue/GeometryList
instanceKlass com/jme3/renderer/queue/GeometryComparator
instanceKlass com/jme3/renderer/queue/RenderQueue
instanceKlass com/jme3/renderer/ViewPort
instanceKlass com/jme3/renderer/pipeline/DefaultPipelineContext
instanceKlass com/jme3/renderer/pipeline/PipelineContext
instanceKlass com/jme3/texture/TextureImage
instanceKlass com/jme3/light/WeightedProbeBlendingStrategy
instanceKlass com/jme3/light/LightProbeBlendingStrategy
instanceKlass com/jme3/light/DefaultLightFilter
instanceKlass com/jme3/renderer/pipeline/ForwardPipeline
instanceKlass com/jme3/shader/UniformBindingManager
instanceKlass com/jme3/light/LightFilter
instanceKlass com/jme3/renderer/pipeline/RenderPipeline
instanceKlass com/jme3/renderer/RenderManager
instanceKlass com/jme3/collision/CollisionResults
instanceKlass com/jme3/math/Eigen3f
instanceKlass com/jme3/math/AbstractTriangle
instanceKlass com/jme3/util/TempVars$TempVarsStack
instanceKlass com/jme3/util/TempVars
instanceKlass com/jme3/math/Plane
instanceKlass com/jme3/renderer/Camera
instanceKlass de/jarnbjo/ogg/PhysicalOggStream
instanceKlass com/jme3/audio/plugins/OGGLoader
instanceKlass com/jme3/texture/plugins/AWTLoader
instanceKlass com/jme3/scene/plugins/gltf/BinLoader
instanceKlass com/jme3/scene/plugins/gltf/GltfLoader$Populator
instanceKlass com/jme3/plugins/json/JsonElement
instanceKlass com/jme3/scene/plugins/gltf/GltfLoader
instanceKlass com/jme3/animation/Track
instanceKlass com/jme3/scene/plugins/fbx/FbxLoader
instanceKlass com/jme3/shader/plugins/GLSLLoader
instanceKlass com/jme3/scene/plugins/ogre/MaterialLoader
instanceKlass com/jme3/anim/AnimTrack
instanceKlass org/xml/sax/helpers/DefaultHandler
instanceKlass org/xml/sax/ErrorHandler
instanceKlass org/xml/sax/ContentHandler
instanceKlass org/xml/sax/DTDHandler
instanceKlass org/xml/sax/EntityResolver
instanceKlass com/jme3/scene/plugins/MTLLoader
instanceKlass com/jme3/scene/mesh/IndexBuffer
instanceKlass com/jme3/scene/plugins/OBJLoader
instanceKlass com/jme3/export/binary/BinaryLoader
instanceKlass com/jme3/texture/plugins/TGALoader
instanceKlass com/jme3/texture/plugins/HDRLoader
instanceKlass com/jme3/texture/plugins/PFMLoader
instanceKlass com/jme3/texture/plugins/DDSLoader
instanceKlass com/jme3/font/plugins/BitmapFontLoader
instanceKlass com/jme3/material/plugins/ShaderNodeDefinitionLoader
instanceKlass com/jme3/material/logic/TechniqueDefLogic
instanceKlass com/jme3/material/plugins/J3MLoader
instanceKlass com/jme3/cursors/plugins/CursorLoader
instanceKlass com/jme3/audio/SeekableStream
instanceKlass com/jme3/audio/plugins/WAVLoader
instanceKlass com/jme3/asset/AssetLoader
instanceKlass com/jme3/asset/plugins/ClasspathLocator
instanceKlass com/jme3/asset/AssetLocator
instanceKlass java/util/regex/Matcher$ImmutableMatchResult
instanceKlass java/util/Scanner$PatternLRUCache
instanceKlass java/util/Scanner
instanceKlass com/jme3/asset/AssetConfig
instanceKlass com/jme3/asset/ImplHandler
instanceKlass com/jme3/asset/AssetInfo
instanceKlass com/jme3/shader/ShaderGenerator
instanceKlass com/jme3/asset/AssetKey
instanceKlass com/jme3/asset/DesktopAssetManager
instanceKlass com/jme3/renderer/opengl/GLImageFormat
instanceKlass com/jme3/renderer/opengl/GLImageFormats
instanceKlass org/lwjgl/system/MultiReleaseTextDecoding
instanceKlass org/lwjgl/opengl/GL11C
instanceKlass org/lwjgl/opengl/GL11
instanceKlass com/jme3/renderer/opengl/GLES_30
instanceKlass com/jme3/renderer/opengl/TextureUtil
instanceKlass com/jme3/util/IntMap$Entry
instanceKlass com/jme3/util/IntMap
instanceKlass com/jme3/renderer/Statistics
instanceKlass com/jme3/util/NativeObjectManager
instanceKlass com/jme3/math/ColorRGBA
instanceKlass com/jme3/renderer/IDList
instanceKlass com/jme3/renderer/RenderContext
instanceKlass com/jme3/texture/Texture
instanceKlass com/jme3/util/NativeObject
instanceKlass com/jme3/renderer/opengl/GLRenderer
instanceKlass com/jme3/renderer/lwjgl/LwjglRender
instanceKlass com/jme3/renderer/opengl/GL4
instanceKlass com/jme3/renderer/opengl/GL3
instanceKlass com/jme3/renderer/opengl/GL2
instanceKlass org/lwjgl/opengl/GLCapabilities
instanceKlass org/lwjgl/system/MathUtil
instanceKlass org/lwjgl/system/ThreadLocalUtil
instanceKlass org/lwjgl/system/SharedLibrary$Delegate
instanceKlass org/lwjgl/system/Configuration$1
instanceKlass org/lwjgl/opengl/GL$2
instanceKlass org/lwjgl/opengl/GL$ICDStatic
instanceKlass org/lwjgl/opengl/GL$ICD
instanceKlass org/lwjgl/opengl/GL
instanceKlass org/lwjgl/system/Struct$StructValidation
instanceKlass org/lwjgl/system/MultiReleaseMemCopy
instanceKlass java/util/concurrent/locks/StampedLock
instanceKlass com/jme3/util/ReflectionAllocator
instanceKlass com/jme3/util/BufferAllocatorFactory
instanceKlass com/jme3/util/BufferUtils
instanceKlass org/lwjgl/glfw/EventLoop
instanceKlass org/lwjgl/glfw/GLFW$Functions
instanceKlass org/lwjgl/glfw/GLFW
instanceKlass org/lwjgl/system/jemalloc/JEmalloc$Functions
instanceKlass org/lwjgl/system/JNI
instanceKlass org/lwjgl/system/windows/WinBase
instanceKlass org/lwjgl/system/APIUtil$1
instanceKlass org/lwjgl/system/jemalloc/JEmalloc
instanceKlass org/lwjgl/system/jemalloc/JEmallocAllocator
instanceKlass org/lwjgl/system/MemoryManage
instanceKlass org/lwjgl/system/MemoryUtil$MemoryAllocator
instanceKlass org/lwjgl/system/MemoryUtil$LazyInit
instanceKlass org/lwjgl/system/Callback$1
instanceKlass org/lwjgl/system/CheckIntrinsics
instanceKlass org/lwjgl/system/Struct$Member
instanceKlass org/lwjgl/system/libffi/LibFFI
instanceKlass org/lwjgl/system/MemoryAccessJNI
instanceKlass jdk/internal/access/foreign/MemorySegmentProxy
instanceKlass java/util/function/LongPredicate
instanceKlass org/lwjgl/system/jni/JNINativeInterface
instanceKlass sun/misc/Unsafe
instanceKlass java/lang/constant/DynamicConstantDesc
instanceKlass java/lang/constant/DirectMethodHandleDesc$1
instanceKlass java/lang/constant/DirectMethodHandleDescImpl$1
instanceKlass java/lang/constant/DirectMethodHandleDescImpl
instanceKlass java/lang/constant/DirectMethodHandleDesc
instanceKlass java/lang/constant/MethodHandleDesc$1
instanceKlass java/lang/constant/MethodHandleDesc
instanceKlass java/lang/constant/MethodTypeDescImpl
instanceKlass java/lang/constant/MethodTypeDesc
instanceKlass java/lang/constant/ReferenceClassDescImpl
instanceKlass java/lang/constant/ConstantUtils
instanceKlass java/lang/constant/ClassDesc
instanceKlass java/lang/constant/ConstantDescs
instanceKlass java/lang/invoke/VarHandle$2
instanceKlass java/lang/invoke/VarHandle$TypesAndInvokers
instanceKlass java/lang/invoke/VarHandleByteArrayBase
instanceKlass sun/security/provider/ByteArrayAccess$BE
instanceKlass sun/security/provider/ByteArrayAccess
instanceKlass sun/security/util/MessageDigestSpi2
instanceKlass sun/security/jca/GetInstance$Instance
instanceKlass jdk/internal/event/Event
instanceKlass sun/security/util/SecurityProviderConstants
instanceKlass java/security/Provider$UString
instanceKlass java/security/Provider$Service
instanceKlass sun/security/provider/NativePRNG$NonBlocking
instanceKlass sun/security/provider/NativePRNG$Blocking
instanceKlass sun/security/provider/NativePRNG
instanceKlass sun/security/provider/SunEntries$1
instanceKlass sun/security/provider/SunEntries
instanceKlass sun/security/jca/ProviderList$2
instanceKlass javax/security/auth/login/Configuration$Parameters
instanceKlass java/security/Policy$Parameters
instanceKlass java/security/cert/CertStoreParameters
instanceKlass java/security/SecureRandomParameters
instanceKlass java/security/Provider$EngineDescription
instanceKlass java/security/Provider$ServiceKey
instanceKlass sun/security/jca/ProviderConfig
instanceKlass sun/security/jca/ProviderList
instanceKlass sun/security/jca/Providers
instanceKlass sun/security/jca/GetInstance
instanceKlass java/security/MessageDigestSpi
instanceKlass org/lwjgl/system/SharedLibrary
instanceKlass org/lwjgl/system/FunctionProvider
instanceKlass org/lwjgl/system/APIUtil
instanceKlass sun/nio/fs/WindowsDirectoryStream
instanceKlass java/nio/file/DirectoryStream
instanceKlass sun/nio/ch/FileKey
instanceKlass sun/nio/ch/FileLockTable
instanceKlass java/nio/channels/FileLock
instanceKlass java/nio/file/FileStore
instanceKlass sun/nio/fs/WindowsSecurity
instanceKlass sun/nio/fs/AbstractAclFileAttributeView
instanceKlass java/nio/file/attribute/AclFileAttributeView
instanceKlass java/nio/file/attribute/FileOwnerAttributeView
instanceKlass sun/nio/fs/WindowsLinkSupport
instanceKlass sun/nio/fs/WindowsFileSystemProvider$1
instanceKlass org/lwjgl/system/SharedLibraryLoader
instanceKlass org/lwjgl/system/Checks
instanceKlass org/lwjgl/system/Library
instanceKlass org/lwjgl/system/MemoryUtil
instanceKlass org/lwjgl/BufferUtils
instanceKlass org/lwjgl/system/Callback$ClosureRegistry
instanceKlass org/lwjgl/VersionImpl
instanceKlass org/lwjgl/Version
instanceKlass org/lwjgl/system/Configuration$StateInit
instanceKlass org/lwjgl/system/Configuration
instanceKlass com/jme3/system/lwjgl/WindowSizeListener
instanceKlass com/jme3/util/LWJGLBufferAllocator
instanceKlass com/jme3/util/BufferAllocator
instanceKlass org/lwjgl/system/Pointer$Default
instanceKlass com/jme3/input/JoyInput
instanceKlass com/jme3/input/MouseInput
instanceKlass com/jme3/input/KeyInput
instanceKlass com/jme3/input/Input
instanceKlass org/lwjgl/glfw/GLFWFramebufferSizeCallbackI
instanceKlass org/lwjgl/glfw/GLFWWindowSizeCallbackI
instanceKlass org/lwjgl/glfw/GLFWWindowFocusCallbackI
instanceKlass org/lwjgl/system/Callback
instanceKlass org/lwjgl/system/NativeResource
instanceKlass org/lwjgl/glfw/GLFWErrorCallbackI
instanceKlass com/jme3/opencl/AbstractOpenCLObject
instanceKlass com/jme3/opencl/OpenCLObject
instanceKlass org/lwjgl/glfw/GLFWJoystickCallbackI
instanceKlass org/lwjgl/opengl/GLDebugMessageARBCallbackI
instanceKlass org/lwjgl/system/CallbackI
instanceKlass org/lwjgl/system/Pointer
instanceKlass com/jme3/renderer/Renderer
instanceKlass com/jme3/renderer/opengl/GLFbo
instanceKlass com/jme3/renderer/opengl/GLExt
instanceKlass com/jme3/renderer/opengl/GL
instanceKlass com/jme3/system/lwjgl/LwjglContext
instanceKlass com/jme3/system/JmeDesktopSystem$1
instanceKlass java/text/DontCareFieldPosition$1
instanceKlass java/text/Format$FieldDelegate
instanceKlass java/text/DigitList
instanceKlass java/lang/StringUTF16$CharsSpliterator
instanceKlass java/util/stream/Sink$ChainedInt
instanceKlass java/util/OptionalInt
instanceKlass java/util/stream/Sink$OfInt
instanceKlass java/util/function/IntConsumer
instanceKlass java/util/function/IntPredicate
instanceKlass java/util/stream/IntStream
instanceKlass java/lang/StringLatin1$CharsSpliterator
instanceKlass java/text/DecimalFormatSymbols
instanceKlass java/text/DateFormatSymbols
instanceKlass sun/util/calendar/CalendarUtils
instanceKlass sun/util/calendar/CalendarDate
instanceKlass sun/util/locale/provider/CalendarDataUtility$CalendarWeekParameterGetter
instanceKlass sun/util/locale/provider/LocaleServiceProviderPool$LocalizedObjectGetter
instanceKlass sun/util/locale/provider/LocaleServiceProviderPool
instanceKlass java/util/Locale$Builder
instanceKlass sun/util/locale/provider/CalendarDataUtility
instanceKlass java/util/Calendar$Builder
instanceKlass java/util/Calendar
instanceKlass sun/net/DefaultProgressMeteringPolicy
instanceKlass sun/net/ProgressMeteringPolicy
instanceKlass sun/net/ProgressMonitor
instanceKlass sun/text/ComposedCharIter
instanceKlass java/text/EntryPair
instanceKlass java/text/PatternEntry
instanceKlass java/text/PatternEntry$Parser
instanceKlass java/text/MergeCollation
instanceKlass jdk/internal/icu/lang/UCharacter
instanceKlass jdk/internal/icu/text/UTF16
instanceKlass jdk/internal/icu/impl/NormalizerImpl$UTF16Plus
instanceKlass jdk/internal/icu/util/CodePointTrie$Data
instanceKlass jdk/internal/icu/util/CodePointTrie$1
instanceKlass jdk/internal/icu/util/CodePointMap
instanceKlass jdk/internal/icu/util/VersionInfo
instanceKlass jdk/internal/icu/impl/ICUBinary$1
instanceKlass jdk/internal/icu/impl/ICUBinary
instanceKlass jdk/internal/icu/impl/Norm2AllModes$Norm2AllModesSingleton
instanceKlass jdk/internal/icu/impl/Norm2AllModes$NFCSingleton
instanceKlass jdk/internal/icu/impl/Norm2AllModes
instanceKlass jdk/internal/icu/text/Normalizer2
instanceKlass jdk/internal/icu/impl/NormalizerImpl$IsAcceptable
instanceKlass jdk/internal/icu/impl/ICUBinary$Authenticate
instanceKlass jdk/internal/icu/impl/NormalizerImpl
instanceKlass sun/text/UCompactIntArray
instanceKlass sun/text/IntHashtable
instanceKlass java/text/RBCollationTables$BuildAPI
instanceKlass java/text/RBTableBuilder
instanceKlass java/text/RBCollationTables
instanceKlass sun/util/resources/Bundles$2
instanceKlass sun/util/resources/Bundles$CacheKeyReference
instanceKlass sun/util/resources/LocaleData$LocaleDataResourceBundleProvider
instanceKlass java/util/spi/ResourceBundleProvider
instanceKlass sun/util/resources/Bundles$CacheKey
instanceKlass sun/util/resources/LocaleData$LocaleDataStrategy
instanceKlass sun/util/resources/Bundles$Strategy
instanceKlass sun/util/resources/LocaleData$1
instanceKlass sun/util/resources/LocaleData
instanceKlass sun/util/locale/provider/LocaleResources
instanceKlass sun/util/resources/provider/NonBaseLocaleDataMetaInfo
instanceKlass sun/util/locale/provider/BaseLocaleDataMetaInfo
instanceKlass sun/util/locale/provider/AvailableLanguageTags
instanceKlass sun/util/resources/cldr/provider/CLDRLocaleDataMetaInfo
instanceKlass sun/util/cldr/CLDRBaseLocaleDataMetaInfo
instanceKlass sun/util/locale/provider/LocaleDataMetaInfo
instanceKlass sun/util/locale/provider/ResourceBundleBasedAdapter
instanceKlass sun/util/locale/provider/LocaleProviderAdapter$1
instanceKlass sun/util/locale/provider/LocaleProviderAdapter
instanceKlass java/util/spi/LocaleServiceProvider
instanceKlass java/text/Collator
instanceKlass sun/net/www/MimeEntry
instanceKlass sun/net/www/MimeTable$DefaultInstanceHolder$1
instanceKlass sun/net/www/MimeTable$DefaultInstanceHolder
instanceKlass sun/net/www/MimeTable$1
instanceKlass sun/net/www/MimeTable
instanceKlass java/net/URLConnection$1
instanceKlass java/net/FileNameMap
instanceKlass com/jme3/bullet/util/NativeMeshUtil
instanceKlass com/jme3/system/NativeLibrary$Key
instanceKlass java/awt/LightweightDispatcher$2
instanceKlass java/lang/invoke/MethodHandleImpl$ArrayAccessor
instanceKlass java/lang/invoke/MethodHandleImpl$2
instanceKlass java/lang/invoke/MethodHandleImpl$LoopClauses
instanceKlass java/lang/invoke/MethodHandleImpl$CasesHolder
instanceKlass java/lang/invoke/MethodHandleImpl$BindCaller
instanceKlass com/jme3/system/NativeLibrary
instanceKlass com/jme3/system/NativeLibraries$LibraryInfo
instanceKlass com/jme3/system/NativeLibraryLoader
instanceKlass sun/awt/SunToolkit$1
instanceKlass java/awt/KeyboardFocusManager$2
instanceKlass java/awt/Window$1DisposeAction
instanceKlass java/awt/LightweightDispatcher$1
instanceKlass java/awt/Container$MouseEventTargetFilter
instanceKlass java/awt/Container$EventTargetFilter
instanceKlass java/awt/Cursor$CursorDisposer
instanceKlass java/awt/event/MouseEvent$1
instanceKlass sun/awt/AWTAccessor$MouseEventAccessor
instanceKlass java/text/AttributedString$AttributedStringIterator
instanceKlass java/text/AttributedCharacterIterator
instanceKlass java/text/AttributedString
instanceKlass sun/awt/im/CompositionAreaHandler
instanceKlass java/awt/KeyboardFocusManager$3
instanceKlass javax/swing/RepaintManager$3
instanceKlass java/awt/KeyboardFocusManager$LightweightFocusRequest
instanceKlass java/awt/DefaultKeyboardFocusManager$TypeAheadMarker
instanceKlass java/awt/KeyboardFocusManager$HeavyweightFocusRequest
instanceKlass sun/awt/KeyboardFocusManagerPeerImpl$KfmAccessor
instanceKlass javax/swing/JToggleButton$1
instanceKlass javax/swing/text/GapContent$UndoPosRef
instanceKlass java/util/concurrent/ForkJoinPool$WorkQueue
instanceKlass java/util/concurrent/ForkJoinPool$DefaultCommonPoolForkJoinWorkerThreadFactory
instanceKlass java/util/concurrent/ForkJoinPool$1
instanceKlass java/util/concurrent/ForkJoinPool$DefaultForkJoinWorkerThreadFactory
instanceKlass java/util/concurrent/ForkJoinPool$ForkJoinWorkerThreadFactory
instanceKlass java/util/concurrent/AbstractExecutorService
instanceKlass java/util/concurrent/locks/AbstractQueuedSynchronizer$Node
instanceKlass javax/swing/event/UndoableEditListener
instanceKlass java/util/concurrent/ForkJoinPool$ManagedBlocker
instanceKlass sun/swing/text/UndoableEditLockSupport
instanceKlass javax/swing/text/DefaultCaret$1
instanceKlass javax/swing/TimerQueue
instanceKlass javax/swing/text/AbstractDocument$UndoRedoDocumentEvent
instanceKlass javax/swing/event/DocumentEvent$ElementChange
instanceKlass javax/swing/text/SegmentCache
instanceKlass javax/swing/text/Utilities
instanceKlass javax/swing/event/DocumentEvent$EventType
instanceKlass javax/swing/event/DocumentEvent
instanceKlass javax/swing/undo/AbstractUndoableEdit
instanceKlass javax/swing/undo/UndoableEdit
instanceKlass java/awt/geom/RoundRectIterator
instanceKlass com/formdev/flatlaf/util/MultiResolutionImageSupport
instanceKlass sun/java2d/loops/FontInfo
instanceKlass java/awt/PrintGraphics
instanceKlass java/awt/print/PrinterGraphics
instanceKlass com/formdev/flatlaf/util/JavaCompatibility
instanceKlass sun/java2d/marlin/ArrayCacheConst
instanceKlass sun/java2d/marlin/Helpers
instanceKlass java/awt/geom/Path2D$Iterator
instanceKlass sun/java2d/marlin/Dasher$LengthIterator
instanceKlass sun/java2d/marlin/Dasher
instanceKlass sun/java2d/marlin/Stroker
instanceKlass sun/java2d/marlin/MarlinTileGenerator
instanceKlass sun/java2d/pipe/AATileGenerator
instanceKlass sun/java2d/marlin/Renderer
instanceKlass sun/java2d/marlin/OffHeapArray
instanceKlass sun/java2d/marlin/MarlinCache
instanceKlass sun/java2d/marlin/IntArrayCache$Reference
instanceKlass sun/java2d/marlin/Helpers$IndexStack
instanceKlass sun/java2d/marlin/TransformingPathConsumer2D$PathClipFilter
instanceKlass sun/java2d/marlin/ByteArrayCache$Reference
instanceKlass sun/java2d/marlin/DoubleArrayCache$Reference
instanceKlass sun/java2d/marlin/Helpers$PolyStack
instanceKlass sun/java2d/marlin/TransformingPathConsumer2D$ClosedPathDetector
instanceKlass sun/java2d/marlin/TransformingPathConsumer2D$PathTracer
instanceKlass sun/java2d/marlin/TransformingPathConsumer2D$DeltaTransformFilter
instanceKlass sun/java2d/marlin/TransformingPathConsumer2D$DeltaScaleFilter
instanceKlass sun/java2d/marlin/TransformingPathConsumer2D$Path2DWrapper
instanceKlass sun/java2d/marlin/TransformingPathConsumer2D
instanceKlass sun/java2d/marlin/TransformingPathConsumer2D$CurveClipSplitter
instanceKlass sun/java2d/marlin/TransformingPathConsumer2D$CurveBasicMonotonizer
instanceKlass sun/java2d/marlin/DMarlinRenderingEngine$NormalizingPathIterator
instanceKlass java/awt/geom/PathIterator
instanceKlass sun/java2d/marlin/RendererContext$PathConsumer2DAdapter
instanceKlass sun/java2d/marlin/ByteArrayCache
instanceKlass sun/java2d/marlin/DoubleArrayCache
instanceKlass sun/java2d/marlin/IntArrayCache
instanceKlass sun/java2d/marlin/PathSimplifier
instanceKlass sun/java2d/marlin/CollinearSimplifier
instanceKlass sun/java2d/marlin/DPathConsumer2D
instanceKlass sun/java2d/marlin/Curve
instanceKlass sun/java2d/ReentrantContext
instanceKlass java/awt/geom/Line2D
instanceKlass com/formdev/flatlaf/util/HiDPIUtils
instanceKlass com/formdev/flatlaf/util/HiDPIUtils$Painter
instanceKlass sun/awt/SunGraphicsCallback
instanceKlass sun/java2d/pipe/BufferedPaints
instanceKlass sun/java2d/d3d/D3DSurfaceData$1
instanceKlass sun/java2d/d3d/D3DSurfaceData$1Status
instanceKlass javax/swing/RepaintManager$4
instanceKlass javax/swing/RepaintManager$2$1
instanceKlass java/awt/EventQueue$5
instanceKlass java/awt/SplashScreen
instanceKlass com/jme3/awt/AWTSettingsDialog$7
instanceKlass javax/swing/KeyboardManager$ComponentKeyStrokePair
instanceKlass javax/swing/KeyboardManager
instanceKlass sun/java2d/StateTrackableDelegate$1
instanceKlass sun/java2d/d3d/D3DBlitLoops
instanceKlass sun/java2d/loops/ProcessPath$DrawHandler
instanceKlass sun/java2d/pipe/BufferedRenderPipe$AAParallelogramPipe
instanceKlass sun/java2d/pipe/BufferedRenderPipe
instanceKlass sun/java2d/pipe/hw/AccelSurface
instanceKlass java/awt/GridBagLayoutInfo
instanceKlass javax/swing/event/RowSorterListener
instanceKlass javax/swing/event/CellEditorListener
instanceKlass javax/swing/event/TableColumnModelListener
instanceKlass javax/swing/event/TableModelListener
instanceKlass java/util/LinkedList$ListItr
instanceKlass sun/util/locale/InternalLocaleBuilder$CaseInsensitiveChar
instanceKlass sun/util/locale/InternalLocaleBuilder
instanceKlass sun/util/locale/StringTokenIterator
instanceKlass sun/util/locale/ParseStatus
instanceKlass sun/util/locale/LanguageTag
instanceKlass sun/awt/im/InputMethodAdapter
instanceKlass java/awt/im/spi/InputMethod
instanceKlass java/awt/im/spi/InputMethodContext
instanceKlass java/awt/im/InputMethodRequests
instanceKlass com/formdev/flatlaf/ui/FlatRootPaneUI$FlatRootLayout
instanceKlass javax/swing/plaf/basic/BasicGraphicsUtils
instanceKlass sun/font/CMap
instanceKlass sun/font/FontScaler
instanceKlass sun/font/StrikeCache$DisposableStrike
instanceKlass sun/font/FontStrikeDisposer
instanceKlass sun/java2d/Disposer$PollDisposable
instanceKlass sun/font/FontStrikeDesc
instanceKlass sun/font/FontDesignMetrics$MetricsKey
instanceKlass java/awt/FontMetrics
instanceKlass sun/swing/SwingUtilities2$KeyPair
instanceKlass javax/swing/SizeRequirements
instanceKlass com/formdev/flatlaf/util/ScaledImageIcon
instanceKlass sun/awt/GlobalCursorManager$NativeUpdater
instanceKlass sun/awt/GlobalCursorManager
instanceKlass javax/swing/BorderFactory
instanceKlass com/formdev/flatlaf/ui/FlatWindowsNativeWindowBorder$WndProc
instanceKlass sun/awt/NullComponentPeer
instanceKlass sun/awt/LightweightPeerHolder
instanceKlass java/awt/peer/LightweightPeer
instanceKlass sun/awt/im/ExecutableInputMethodManager$3
instanceKlass sun/awt/im/InputMethodLocator
instanceKlass sun/awt/windows/WInputMethodDescriptor
instanceKlass java/awt/im/spi/InputMethodDescriptor
instanceKlass sun/awt/im/InputMethodManager
instanceKlass sun/awt/image/BufImgSurfaceData$ICMColorData
instanceKlass java/lang/StrictMath
instanceKlass sun/awt/FontConfiguration$2
instanceKlass sun/awt/NativeLibLoader$1
instanceKlass sun/awt/NativeLibLoader
instanceKlass sun/awt/PlatformFont
instanceKlass java/awt/peer/FontPeer
instanceKlass sun/awt/AWTAccessor$SystemColorAccessor
instanceKlass sun/java2d/StateTracker$2
instanceKlass sun/java2d/StateTracker$1
instanceKlass sun/java2d/StateTracker
instanceKlass sun/java2d/SurfaceDataProxy
instanceKlass sun/awt/image/SurfaceManager$FlushableCacheData
instanceKlass sun/java2d/DefaultDisposerRecord
instanceKlass sun/java2d/loops/GraphicsPrimitiveMgr$PrimitiveSpec
instanceKlass sun/java2d/loops/RenderLoops
instanceKlass sun/java2d/windows/GDIRenderer
instanceKlass sun/java2d/loops/GraphicsPrimitiveMgr$2
instanceKlass sun/java2d/loops/GraphicsPrimitiveMgr$1
instanceKlass sun/java2d/loops/GeneralRenderer
instanceKlass sun/java2d/loops/CustomComponent
instanceKlass sun/java2d/pipe/ValidatePipe
instanceKlass java/awt/BasicStroke
instanceKlass java/awt/AlphaComposite
instanceKlass sun/awt/ConstrainableGraphics
instanceKlass sun/java2d/loops/CompositeType
instanceKlass sun/java2d/loops/GraphicsPrimitiveMgr
instanceKlass sun/java2d/loops/GraphicsPrimitive
instanceKlass sun/java2d/loops/XORComposite
instanceKlass java/awt/Composite
instanceKlass sun/java2d/ScreenUpdateManager
instanceKlass javax/swing/RepaintManager$2
instanceKlass sun/awt/windows/WComponentPeer$2
instanceKlass java/awt/SequencedEvent$2
instanceKlass java/awt/SequencedEvent$1
instanceKlass sun/awt/AWTAccessor$SequencedEventAccessor
instanceKlass sun/awt/im/InputMethodWindow
instanceKlass sun/awt/ExtendedKeyCodes
instanceKlass sun/awt/RepaintArea
instanceKlass sun/awt/windows/WWindowPeer$GuiDisposedListener
instanceKlass sun/awt/windows/WWindowPeer$ActiveWindowListener
instanceKlass java/awt/peer/CanvasPeer
instanceKlass java/awt/peer/PanelPeer
instanceKlass java/awt/peer/FramePeer
instanceKlass java/awt/peer/WindowPeer
instanceKlass java/awt/peer/ContainerPeer
instanceKlass com/jme3/awt/AWTSettingsDialog$6
instanceKlass com/jme3/awt/AWTSettingsDialog$5
instanceKlass com/jme3/awt/AWTSettingsDialog$4
instanceKlass javax/swing/plaf/basic/BasicButtonUI$KeyHandler
instanceKlass com/jme3/awt/AWTSettingsDialog$8
instanceKlass com/formdev/flatlaf/ui/FlatComboBoxUI$FlatKeySelectionManager
instanceKlass javax/swing/plaf/basic/BasicComboBoxUI$DefaultKeySelectionManager
instanceKlass javax/swing/plaf/basic/BasicComboBoxUI$ComboBoxLayoutManager
instanceKlass javax/swing/plaf/basic/BasicComboBoxUI$FocusHandler
instanceKlass javax/swing/plaf/basic/BasicComboBoxUI$Handler
instanceKlass javax/swing/text/Segment
instanceKlass java/text/CharacterIterator
instanceKlass javax/swing/JTextField$ScrollRepainter
instanceKlass com/formdev/flatlaf/FlatClientProperties
instanceKlass javax/swing/plaf/synth/SynthUI
instanceKlass javax/swing/plaf/synth/SynthConstants
instanceKlass javax/swing/text/JTextComponent$DefaultKeymap
instanceKlass javax/swing/text/Keymap
instanceKlass com/formdev/flatlaf/ui/FlatUIUtils$RepaintFocusListener
instanceKlass javax/swing/text/PlainView$2
instanceKlass javax/swing/text/PlainView$1
instanceKlass javax/swing/text/PlainView$FPMethodItem
instanceKlass javax/swing/text/TabExpander
instanceKlass javax/swing/text/GapContent$StickyPosition
instanceKlass javax/swing/text/Position
instanceKlass javax/swing/text/AbstractDocument$1
instanceKlass javax/swing/text/AbstractDocument$AbstractElement
instanceKlass javax/swing/tree/TreeNode
instanceKlass javax/swing/text/Element
instanceKlass javax/swing/text/GapVector
instanceKlass javax/swing/text/AbstractDocument$Content
instanceKlass javax/swing/text/AbstractDocument
instanceKlass javax/swing/text/DefaultHighlighter$SafeDamager
instanceKlass javax/swing/text/Highlighter$Highlight
instanceKlass javax/swing/text/LayeredHighlighter
instanceKlass javax/swing/text/Highlighter
instanceKlass javax/swing/text/Document
instanceKlass javax/swing/text/DefaultCaret$Handler
instanceKlass java/awt/datatransfer/ClipboardOwner
instanceKlass javax/swing/plaf/basic/BasicTextUI$UpdateHandler
instanceKlass javax/swing/text/View
instanceKlass javax/swing/event/DocumentListener
instanceKlass javax/swing/text/Caret
instanceKlass com/sun/beans/util/Cache$CacheEntry
instanceKlass com/sun/beans/util/Cache
instanceKlass javax/swing/text/JTextComponent$1
instanceKlass sun/swing/SwingAccessor$JTextComponentAccessor
instanceKlass javax/swing/plaf/basic/BasicComboBoxEditor
instanceKlass javax/swing/ComboBoxEditor
instanceKlass com/formdev/flatlaf/ui/FlatComboBoxUI$FlatComboPopup$PopupListCellRenderer
instanceKlass com/formdev/flatlaf/ui/FlatUIUtils$NonUIResourceBorder
instanceKlass com/formdev/flatlaf/ui/FlatScrollPaneUI$Handler
instanceKlass javax/swing/plaf/basic/BasicScrollPaneUI$Handler
instanceKlass java/awt/event/ComponentAdapter
instanceKlass javax/swing/plaf/basic/BasicScrollBarUI$ScrollListener
instanceKlass javax/swing/plaf/basic/BasicScrollBarUI$Handler
instanceKlass javax/swing/plaf/basic/BasicScrollBarUI$ModelListener
instanceKlass javax/swing/DefaultBoundedRangeModel
instanceKlass javax/swing/BoundedRangeModel
instanceKlass javax/swing/JScrollBar$ModelListener
instanceKlass java/awt/Adjustable
instanceKlass javax/swing/ViewportLayout
instanceKlass javax/swing/ScrollPaneLayout
instanceKlass javax/swing/ScrollPaneConstants
instanceKlass javax/swing/plaf/basic/BasicComboPopup$Handler
instanceKlass javax/swing/plaf/basic/BasicListUI$Handler
instanceKlass javax/swing/plaf/basic/DragRecognitionSupport$BeforeDrag
instanceKlass javax/swing/event/MouseInputListener
instanceKlass javax/swing/event/ListSelectionListener
instanceKlass javax/swing/plaf/basic/BasicListUI$FocusHandler
instanceKlass javax/swing/TransferHandler$TransferSupport
instanceKlass javax/swing/TransferHandler$DropHandler
instanceKlass java/awt/datatransfer/SystemFlavorMap$SoftCache
instanceKlass java/awt/datatransfer/DataFlavor
instanceKlass sun/awt/datatransfer/DesktopDatatransferServiceImpl
instanceKlass sun/datatransfer/DataFlavorUtil$DefaultDesktopDatatransferService
instanceKlass sun/datatransfer/DesktopDatatransferService
instanceKlass sun/datatransfer/DataFlavorUtil
instanceKlass java/awt/datatransfer/SystemFlavorMap
instanceKlass java/awt/datatransfer/FlavorTable
instanceKlass java/awt/datatransfer/FlavorMap
instanceKlass java/awt/dnd/DropTargetContext$1
instanceKlass sun/awt/AWTAccessor$DropTargetContextAccessor
instanceKlass java/awt/dnd/DropTargetContext
instanceKlass java/awt/dnd/DropTarget
instanceKlass java/awt/dnd/DropTargetListener
instanceKlass sun/swing/UIAction
instanceKlass java/util/BitSet
instanceKlass javax/swing/DefaultListSelectionModel
instanceKlass javax/swing/ListSelectionModel
instanceKlass java/awt/event/MouseMotionAdapter
instanceKlass javax/swing/ToolTipManager$stillInsideTimerAction
instanceKlass javax/swing/ToolTipManager$outsideTimerAction
instanceKlass javax/swing/Timer$DoPostEvent
instanceKlass javax/swing/ToolTipManager$insideTimerAction
instanceKlass javax/swing/Timer
instanceKlass java/awt/event/FocusAdapter
instanceKlass javax/swing/plaf/basic/BasicPopupMenuUI$MenuKeyboardHelper
instanceKlass javax/swing/plaf/basic/BasicPopupMenuUI$MouseGrabber
instanceKlass javax/swing/plaf/basic/BasicPopupMenuUI$BasicMenuKeyListener
instanceKlass javax/swing/plaf/basic/BasicPopupMenuUI$BasicPopupMenuListener
instanceKlass javax/swing/BoxLayout
instanceKlass javax/swing/plaf/basic/BasicLookAndFeel$1
instanceKlass java/awt/Toolkit$SelectiveAWTEventListener
instanceKlass javax/swing/plaf/basic/BasicLookAndFeel$AWTEventHelper
instanceKlass javax/swing/event/MenuKeyListener
instanceKlass javax/swing/event/PopupMenuListener
instanceKlass javax/swing/DefaultSingleSelectionModel
instanceKlass javax/swing/SingleSelectionModel
instanceKlass javax/swing/plaf/basic/BasicComboPopup$EmptyListModelClass
instanceKlass javax/swing/JComboBox$KeySelectionManager
instanceKlass javax/swing/plaf/basic/ComboPopup
instanceKlass javax/swing/ListCellRenderer
instanceKlass com/formdev/flatlaf/ui/FlatStylingSupport$StyleableLookupProvider
instanceKlass javax/swing/AncestorNotifier
instanceKlass javax/swing/ClientPropertyKey$1
instanceKlass sun/awt/AWTAccessor$ClientPropertyKeyAccessor
instanceKlass javax/swing/JComboBox$1
instanceKlass javax/swing/AbstractListModel
instanceKlass javax/swing/MutableComboBoxModel
instanceKlass java/awt/event/KeyAdapter
instanceKlass java/awt/image/BufferedImage$1
instanceKlass sun/awt/image/ImageDecoder
instanceKlass sun/awt/image/ImageFetcher$1
instanceKlass sun/awt/image/FetcherInfo
instanceKlass sun/awt/image/ImageConsumerQueue
instanceKlass sun/awt/image/ImageWatched$Link
instanceKlass sun/awt/image/ImageWatched
instanceKlass java/awt/image/MultiResolutionImage
instanceKlass java/awt/MediaEntry
instanceKlass sun/awt/image/InputStreamImageSource
instanceKlass sun/awt/image/ImageFetchable
instanceKlass java/awt/MediaTracker
instanceKlass javax/swing/ImageIcon$2
instanceKlass javax/swing/ImageIcon$1
instanceKlass javax/swing/ImageIcon
instanceKlass javax/swing/plaf/basic/BasicHTML
instanceKlass java/beans/VetoableChangeListener
instanceKlass javax/swing/event/AncestorListener
instanceKlass com/formdev/flatlaf/ui/MigLayoutVisualPadding
instanceKlass com/formdev/flatlaf/util/UIScale$1
instanceKlass com/formdev/flatlaf/icons/FlatAbstractIcon
instanceKlass com/formdev/flatlaf/ui/FlatStylingSupport$StyleableBorder
instanceKlass javax/swing/plaf/basic/BasicButtonListener
instanceKlass javax/swing/Scrollable
instanceKlass javax/swing/AbstractButton$Handler
instanceKlass javax/swing/DefaultButtonModel
instanceKlass javax/swing/ButtonModel
instanceKlass java/text/FieldPosition
instanceKlass java/awt/image/BufferStrategy
instanceKlass java/awt/BufferCapabilities
instanceKlass java/awt/Event
instanceKlass java/awt/im/InputContext
instanceKlass javax/swing/TransferHandler
instanceKlass javax/swing/MenuElement
instanceKlass javax/accessibility/AccessibleContext
instanceKlass java/awt/AWTEventMulticaster
instanceKlass java/awt/event/HierarchyBoundsListener
instanceKlass java/awt/event/HierarchyListener
instanceKlass java/awt/event/InputMethodListener
instanceKlass java/awt/event/TextListener
instanceKlass java/awt/event/AdjustmentListener
instanceKlass java/awt/event/ItemListener
instanceKlass java/awt/event/FocusListener
instanceKlass java/awt/event/ContainerListener
instanceKlass java/awt/event/WindowAdapter
instanceKlass java/awt/event/WindowFocusListener
instanceKlass java/awt/GridBagConstraints
instanceKlass java/awt/GridBagLayout
instanceKlass com/jme3/awt/AWTSettingsDialog$DisplayModeSorter
instanceKlass sun/java2d/d3d/D3DGraphicsDevice$6
instanceKlass java/util/prefs/AbstractPreferences$1
instanceKlass java/util/prefs/NodeChangeListener
instanceKlass java/util/prefs/PreferenceChangeListener
instanceKlass java/util/prefs/WindowsPreferencesFactory
instanceKlass java/util/prefs/PreferencesFactory
instanceKlass java/util/prefs/Preferences$2
instanceKlass java/util/prefs/Preferences$1
instanceKlass java/util/prefs/Preferences
instanceKlass java/util/stream/AbstractSpinedBuffer
instanceKlass java/util/ImmutableCollections$Access$1
instanceKlass jdk/internal/access/JavaUtilCollectionAccess
instanceKlass java/util/ImmutableCollections$Access
instanceKlass java/util/ServiceLoader$ProviderSpliterator
instanceKlass java/util/spi/ResourceBundleControlProvider
instanceKlass java/util/ResourceBundle$ResourceBundleControlProviderHolder
instanceKlass com/formdev/flatlaf/ui/FlatWindowsNativeWindowBorder
instanceKlass com/formdev/flatlaf/ui/FlatNativeWindowBorder$Provider
instanceKlass com/formdev/flatlaf/ui/FlatNativeWindowBorder
instanceKlass javax/swing/ActionMap
instanceKlass java/awt/event/KeyEvent$1
instanceKlass sun/awt/AWTAccessor$KeyEventAccessor
instanceKlass java/awt/VKCollection
instanceKlass java/awt/event/WindowStateListener
instanceKlass com/formdev/flatlaf/ui/FlatWindowResizer
instanceKlass java/awt/event/ComponentListener
instanceKlass javax/swing/LayoutComparator
instanceKlass javax/swing/RepaintManager$PaintManager
instanceKlass javax/swing/JRootPane$RootLayout
instanceKlass com/sun/java/swing/SwingUtilities3
instanceKlass javax/swing/RepaintManager$ProcessingRunnable
instanceKlass java/util/function/IntUnaryOperator
instanceKlass com/formdev/flatlaf/ui/FlatStylingSupport
instanceKlass java/awt/Stroke
instanceKlass com/formdev/flatlaf/ui/FlatUIUtils
instanceKlass sun/reflect/misc/Trampoline
instanceKlass sun/reflect/misc/MethodUtil$1
instanceKlass java/awt/Graphics
instanceKlass javax/swing/plaf/ComponentUI
instanceKlass com/formdev/flatlaf/ui/FlatStylingSupport$StyleableUI
instanceKlass java/awt/FlowLayout
instanceKlass java/awt/Window$WindowDisposerRecord
instanceKlass java/awt/BorderLayout
instanceKlass java/awt/LayoutManager2
instanceKlass java/awt/Component$3
instanceKlass java/awt/ComponentOrientation
instanceKlass com/jme3/awt/AWTSettingsDialog$1$1
instanceKlass java/awt/TrayIcon
instanceKlass java/awt/MenuComponent
instanceKlass java/awt/EventQueue$4
instanceKlass sun/awt/dnd/SunDragSourceContextPeer
instanceKlass java/awt/dnd/peer/DragSourceContextPeer
instanceKlass java/awt/ModalEventFilter
instanceKlass java/awt/EventDispatchThread$HierarchyEventFilter
instanceKlass java/awt/EventFilter
instanceKlass java/awt/EventDispatchThread$1
instanceKlass java/awt/Conditional
instanceKlass sun/awt/EventQueueItem
instanceKlass java/awt/EventQueue$6
instanceKlass java/awt/event/InvocationEvent$1
instanceKlass sun/awt/AWTAccessor$InvocationEventAccessor
instanceKlass java/awt/ActiveEvent
instanceKlass com/jme3/awt/AWTSettingsDialog$SelectionListener
instanceKlass com/jme3/awt/AWTSettingsDialog$1
instanceKlass java/awt/DisplayMode
instanceKlass java/awt/Frame$1
instanceKlass sun/awt/AWTAccessor$FrameAccessor
instanceKlass java/awt/Window$1
instanceKlass sun/awt/AWTAccessor$WindowAccessor
instanceKlass javax/swing/ComboBoxModel
instanceKlass javax/swing/ListModel
instanceKlass javax/swing/event/ListDataListener
instanceKlass java/awt/ItemSelectable
instanceKlass java/awt/event/KeyListener
instanceKlass javax/swing/RootPaneContainer
instanceKlass javax/swing/WindowConstants
instanceKlass com/jme3/system/JmeDialogsFactoryImpl
instanceKlass com/jme3/system/JmeDialogsFactory
instanceKlass javax/imageio/stream/ImageOutputStream
instanceKlass javax/imageio/stream/ImageInputStream
instanceKlass java/awt/image/BufferedImageOp
instanceKlass com/jme3/audio/AudioRenderer
instanceKlass com/jme3/system/JmeContext
instanceKlass com/jme3/asset/AssetManager
instanceKlass com/jme3/system/JmeSystemDelegate
instanceKlass com/jme3/system/JmeSystem
instanceKlass java/awt/GraphicsConfiguration
instanceKlass sun/awt/image/SurfaceManager$ProxiedGraphicsConfig
instanceKlass sun/java2d/pipe/hw/AccelGraphicsConfig
instanceKlass sun/java2d/pipe/hw/BufferedContextProvider
instanceKlass sun/java2d/pipe/BufferedContext
instanceKlass sun/java2d/pipe/hw/ContextCapabilities
instanceKlass sun/java2d/d3d/D3DGraphicsDevice$1
instanceKlass sun/java2d/d3d/D3DGraphicsDevice$1Result
instanceKlass sun/java2d/d3d/D3DRenderQueue$1
instanceKlass sun/java2d/pipe/RenderBuffer
instanceKlass sun/java2d/pipe/RenderQueue
instanceKlass java/awt/GraphicsDevice
instanceKlass sun/awt/image/NativeLibLoader$1
instanceKlass sun/awt/image/NativeLibLoader
instanceKlass java/awt/image/SampleModel
instanceKlass java/awt/image/DataBuffer$1
instanceKlass sun/awt/image/SunWritableRaster$DataStealer
instanceKlass java/awt/image/DataBuffer
instanceKlass java/awt/image/Raster
instanceKlass org/slf4j/spi/LoggingEventBuilder
instanceKlass org/apache/logging/slf4j/Log4jLogger
instanceKlass org/slf4j/spi/LocationAwareLogger
instanceKlass org/slf4j/helpers/Reporter
instanceKlass org/apache/logging/slf4j/Log4jMDCAdapter$ThreadLocalMapOfStacks
instanceKlass org/apache/logging/slf4j/Log4jMDCAdapter
instanceKlass org/apache/logging/slf4j/Log4jMarkerFactory
instanceKlass org/apache/logging/slf4j/SLF4JServiceProvider
instanceKlass org/slf4j/helpers/Util
instanceKlass org/slf4j/helpers/NOPMDCAdapter
instanceKlass org/slf4j/helpers/NOPLoggerFactory
instanceKlass org/slf4j/helpers/NOP_FallbackServiceProvider
instanceKlass org/slf4j/helpers/ThreadLocalMapOfStacks
instanceKlass org/slf4j/helpers/BasicMDCAdapter
instanceKlass org/slf4j/Marker
instanceKlass org/slf4j/helpers/BasicMarkerFactory
instanceKlass java/util/concurrent/LinkedBlockingQueue$Node
instanceKlass java/util/concurrent/BlockingQueue
instanceKlass org/slf4j/Logger
instanceKlass org/slf4j/helpers/SubstituteLoggerFactory
instanceKlass org/slf4j/ILoggerFactory
instanceKlass org/slf4j/spi/MDCAdapter
instanceKlass org/slf4j/IMarkerFactory
instanceKlass org/slf4j/helpers/SubstituteServiceProvider
instanceKlass org/slf4j/event/LoggingEvent
instanceKlass org/slf4j/spi/SLF4JServiceProvider
instanceKlass org/slf4j/LoggerFactory
instanceKlass java/awt/image/WritableRenderedImage
instanceKlass java/awt/image/RenderedImage
instanceKlass org/foxesworld/kalitech/core/io/ByteParser
instanceKlass com/jme3/opencl/DefaultPlatformChooser
instanceKlass com/jme3/opencl/PlatformChooser
instanceKlass com/jme3/util/res/DefaultResourceLoader
instanceKlass com/jme3/util/res/ResourceLoader
instanceKlass org/apache/logging/log4j/jul/DefaultLevelConverter$JulLevelComparator
instanceKlass org/apache/logging/log4j/jul/DefaultLevelConverter
instanceKlass org/apache/logging/log4j/jul/LevelConverter
instanceKlass org/apache/logging/log4j/jul/LevelTranslator
instanceKlass com/jme3/util/res/Resources
instanceKlass com/jme3/system/JmeVersion
instanceKlass org/foxesworld/kalitech/engine/KalitechLauncher$KalitechWindowSettings
instanceKlass com/jme3/app/SimpleApplication$AppActionListener
instanceKlass com/jme3/material/MatParam
instanceKlass com/jme3/light/Light
instanceKlass com/jme3/light/LightList$1
instanceKlass com/jme3/light/LightList
instanceKlass com/jme3/math/Transform
instanceKlass com/jme3/bounding/BoundingVolume
instanceKlass com/jme3/util/clone/CloneFunction
instanceKlass com/jme3/app/state/AppStateManager
instanceKlass com/jme3/util/SafeArrayList
instanceKlass com/jme3/math/Matrix4f
instanceKlass com/jme3/math/Matrix3f
instanceKlass com/jme3/math/Vector4f
instanceKlass com/jme3/math/Vector2f
instanceKlass com/jme3/math/FastMath
instanceKlass com/jme3/math/Quaternion
instanceKlass com/jme3/math/Vector3f
instanceKlass com/jme3/app/state/ConstantVerifierState$Checker
instanceKlass com/jme3/app/DebugKeysAppState$DebugKeyListener
instanceKlass com/jme3/input/controls/ActionListener
instanceKlass com/jme3/app/state/BaseAppState
instanceKlass com/jme3/scene/Mesh
instanceKlass com/jme3/scene/control/Control
instanceKlass com/jme3/app/state/AbstractAppState
instanceKlass java/util/logging/Logger$SystemLoggerHelper$1
instanceKlass java/util/logging/Logger$SystemLoggerHelper
instanceKlass java/util/logging/LogManager$3
instanceKlass org/apache/logging/log4j/core/Logger$PrivateConfig
instanceKlass org/apache/logging/log4j/core/util/DefaultShutdownCallbackRegistry$RegisteredCancellable
instanceKlass org/apache/logging/log4j/core/LoggerContext$1
instanceKlass org/apache/logging/log4j/core/util/ExecutorServices
instanceKlass org/apache/logging/log4j/core/impl/Log4jLogEvent
instanceKlass org/apache/logging/log4j/core/jmx/internal/JmxUtil
instanceKlass java/util/WeakHashMap$WeakHashMapSpliterator
instanceKlass org/apache/logging/log4j/core/util/NameUtil
instanceKlass org/apache/logging/log4j/core/config/Loggers
instanceKlass org/apache/logging/log4j/core/config/LoggerConfig$RootLogger$Builder
instanceKlass org/apache/logging/log4j/core/config/AwaitCompletionReliabilityStrategy
instanceKlass org/apache/logging/log4j/core/config/ReliabilityStrategyFactory
instanceKlass java/lang/Deprecated
instanceKlass org/apache/logging/log4j/core/config/LoggerConfig$LevelAndRefs
instanceKlass org/apache/logging/log4j/core/config/LoggerConfig$Builder
instanceKlass org/apache/logging/log4j/core/appender/ConfigurationFactoryData
instanceKlass org/apache/logging/log4j/core/appender/FileManager$FileManagerFactory
instanceKlass org/apache/logging/log4j/core/util/Assert
instanceKlass org/apache/logging/log4j/core/config/plugins/validation/validators/RequiredValidator
instanceKlass org/apache/logging/log4j/core/config/plugins/validation/ConstraintValidator
instanceKlass org/apache/logging/log4j/core/config/plugins/convert/EnumConverter
instanceKlass org/apache/logging/log4j/core/config/plugins/validation/constraints/Required
instanceKlass org/apache/logging/log4j/core/filter/AbstractFilterable$Builder
instanceKlass org/apache/logging/log4j/core/layout/PatternLayout$NoFormatPatternSerializer
instanceKlass org/apache/logging/log4j/core/pattern/ThrowableStackTraceRenderer
instanceKlass org/apache/logging/log4j/core/pattern/ThrowableStackTraceRendererFactory
instanceKlass org/apache/logging/log4j/core/pattern/ThrowablePropertyRendererFactory
instanceKlass org/apache/logging/log4j/core/pattern/PlainTextRenderer
instanceKlass org/apache/logging/log4j/core/impl/ThrowableFormatOptions
instanceKlass org/apache/logging/log4j/core/pattern/ThrowableRenderer
instanceKlass java/util/stream/MatchOps$BooleanTerminalSink
instanceKlass java/util/stream/MatchOps$MatchOp
instanceKlass java/util/stream/MatchOps
instanceKlass org/apache/logging/log4j/core/pattern/TextRenderer
instanceKlass org/apache/logging/log4j/util/TriConsumer
instanceKlass org/apache/logging/log4j/core/util/Integers
instanceKlass org/apache/logging/log4j/core/pattern/NameAbbreviator
instanceKlass org/apache/logging/log4j/util/EnglishEnums
instanceKlass org/apache/logging/log4j/core/util/Patterns
instanceKlass org/apache/logging/log4j/core/pattern/PatternFormatter
instanceKlass org/apache/logging/log4j/core/util/internal/instant/InstantPatternThreadLocalCachedFormatter
instanceKlass org/apache/logging/log4j/core/util/internal/instant/InstantPatternFormatter$1
instanceKlass org/apache/logging/log4j/core/util/internal/instant/InstantPatternDynamicFormatter$TimestampedFormatter
instanceKlass java/time/format/DateTimeFormatterBuilder$2
instanceKlass java/time/LocalTime$1
instanceKlass java/time/ZonedDateTime$1
instanceKlass java/time/ZonedDateTime
instanceKlass java/time/chrono/ChronoZonedDateTime
instanceKlass org/apache/logging/log4j/core/time/MutableInstant$1
instanceKlass java/time/temporal/TemporalQueries$7
instanceKlass java/time/temporal/TemporalQueries$6
instanceKlass java/time/temporal/TemporalQueries$5
instanceKlass java/time/temporal/TemporalQueries$4
instanceKlass java/time/temporal/TemporalQueries$3
instanceKlass java/time/temporal/TemporalQueries$2
instanceKlass java/time/temporal/TemporalQueries$1
instanceKlass java/time/temporal/TemporalQueries
instanceKlass java/time/format/DateTimePrintContext
instanceKlass org/apache/logging/log4j/core/util/internal/instant/InstantPatternDynamicFormatter$AbstractFormatter
instanceKlass java/time/LocalTime
instanceKlass java/time/LocalDate
instanceKlass java/time/chrono/ChronoLocalDate
instanceKlass java/time/zone/ZoneOffsetTransition
instanceKlass java/time/LocalDateTime
instanceKlass java/time/chrono/ChronoLocalDateTime
instanceKlass java/time/zone/ZoneOffsetTransitionRule
instanceKlass java/time/zone/ZoneRules
instanceKlass java/time/zone/Ser
instanceKlass java/io/Externalizable
instanceKlass java/time/zone/ZoneRulesProvider$1
instanceKlass java/time/zone/ZoneRulesProvider
instanceKlass java/util/stream/Nodes$ArrayNode
instanceKlass java/util/stream/Node$Builder
instanceKlass java/util/stream/Node$OfDouble
instanceKlass java/util/stream/Node$OfLong
instanceKlass java/util/stream/Node$OfInt
instanceKlass java/util/stream/Node$OfPrimitive
instanceKlass java/util/stream/Nodes$EmptyNode
instanceKlass java/util/stream/Node
instanceKlass java/util/stream/Nodes
instanceKlass java/util/function/IntFunction
instanceKlass java/time/Period
instanceKlass java/time/chrono/ChronoPeriod
instanceKlass java/time/format/DateTimeFormatterBuilder$TextPrinterParser
instanceKlass java/time/format/DateTimeTextProvider$1
instanceKlass java/time/format/DateTimeTextProvider
instanceKlass java/util/AbstractMap$SimpleImmutableEntry
instanceKlass java/time/format/DateTimeTextProvider$LocaleStore
instanceKlass java/time/format/DateTimeFormatterBuilder$InstantPrinterParser
instanceKlass java/time/format/DateTimeFormatterBuilder$StringLiteralPrinterParser
instanceKlass java/time/format/DateTimeFormatterBuilder$ZoneIdPrinterParser
instanceKlass java/time/format/DateTimeFormatterBuilder$OffsetIdPrinterParser
instanceKlass java/time/format/DecimalStyle
instanceKlass java/time/format/DateTimeFormatterBuilder$CompositePrinterParser
instanceKlass java/time/chrono/AbstractChronology
instanceKlass java/time/chrono/Chronology
instanceKlass java/time/format/DateTimeFormatterBuilder$CharLiteralPrinterParser
instanceKlass java/time/format/DateTimeFormatterBuilder$NumberPrinterParser
instanceKlass java/time/format/DateTimeFormatterBuilder$DateTimePrinterParser
instanceKlass java/time/temporal/JulianFields
instanceKlass java/time/temporal/IsoFields
instanceKlass java/time/temporal/ValueRange
instanceKlass java/time/temporal/TemporalField
instanceKlass java/time/ZoneId
instanceKlass java/time/temporal/TemporalQuery
instanceKlass java/time/format/DateTimeFormatterBuilder
instanceKlass java/time/format/DateTimeFormatter
instanceKlass java/time/Clock
instanceKlass java/time/InstantSource
instanceKlass java/time/Instant
instanceKlass java/time/temporal/TemporalAdjuster
instanceKlass java/time/temporal/Temporal
instanceKlass org/apache/logging/log4j/core/time/MutableInstant
instanceKlass java/time/Duration
instanceKlass java/time/temporal/TemporalAmount
instanceKlass java/time/temporal/TemporalUnit
instanceKlass org/apache/logging/log4j/core/util/internal/instant/InstantPatternDynamicFormatter$PatternSequence
instanceKlass java/time/temporal/TemporalAccessor
instanceKlass org/apache/logging/log4j/core/util/internal/instant/InstantPatternDynamicFormatter
instanceKlass org/apache/logging/log4j/core/util/internal/instant/InstantPatternFormatter$Builder
instanceKlass sun/util/calendar/ZoneInfoFile$ZoneOffsetTransitionRule
instanceKlass sun/util/calendar/ZoneInfoFile$1
instanceKlass sun/util/calendar/ZoneInfoFile
instanceKlass org/apache/logging/log4j/core/util/internal/instant/InstantPatternFormatter
instanceKlass java/util/TimeZone
instanceKlass org/apache/logging/log4j/core/util/internal/instant/InstantFormatter
instanceKlass org/apache/logging/log4j/core/time/Instant
instanceKlass org/apache/logging/log4j/core/util/OptionConverter
instanceKlass org/apache/logging/log4j/core/pattern/PatternParser$1
instanceKlass org/apache/logging/log4j/core/pattern/FormattingInfo
instanceKlass org/jspecify/annotations/NullMarked
instanceKlass org/apache/logging/log4j/core/pattern/ConverterKeys
instanceKlass org/apache/logging/log4j/core/layout/StringBuilderEncoder
instanceKlass org/apache/logging/log4j/core/layout/PatternLayout$PatternSerializer
instanceKlass jdk/internal/reflect/UnsafeFieldAccessorFactory
instanceKlass org/apache/logging/log4j/core/config/plugins/PluginBuilderAttribute
instanceKlass org/apache/logging/log4j/core/util/TypeUtil
instanceKlass jdk/internal/reflect/ClassDefiner$1
instanceKlass jdk/internal/reflect/ClassDefiner
instanceKlass jdk/internal/reflect/MethodAccessorGenerator$1
instanceKlass jdk/internal/reflect/Label$PatchInfo
instanceKlass jdk/internal/reflect/Label
instanceKlass jdk/internal/reflect/UTF8
instanceKlass jdk/internal/reflect/ClassFileAssembler
instanceKlass jdk/internal/reflect/ByteVectorImpl
instanceKlass jdk/internal/reflect/ByteVector
instanceKlass jdk/internal/reflect/ByteVectorFactory
instanceKlass jdk/internal/reflect/AccessorGenerator
instanceKlass jdk/internal/reflect/ClassFileConstants
instanceKlass org/apache/logging/log4j/core/layout/PatternLayout$SerializerBuilder
instanceKlass org/apache/logging/log4j/core/pattern/PatternParser
instanceKlass org/apache/logging/log4j/core/layout/AbstractStringLayout$Serializer
instanceKlass org/apache/logging/log4j/core/layout/PatternLayout$Builder
instanceKlass org/apache/logging/log4j/core/layout/AbstractStringLayout$Serializer2
instanceKlass org/apache/logging/log4j/core/lookup/PropertiesLookup$ConfigurationPropertyResult
instanceKlass org/apache/logging/log4j/core/config/plugins/PluginElement
instanceKlass org/apache/logging/log4j/core/lookup/DefaultLookupResult
instanceKlass org/apache/logging/log4j/core/config/plugins/validation/Constraint
instanceKlass org/apache/logging/log4j/core/config/plugins/validation/ConstraintValidators
instanceKlass sun/util/calendar/CalendarSystem$GregorianHolder
instanceKlass sun/util/calendar/CalendarSystem
instanceKlass java/util/Date
instanceKlass jdk/internal/module/ModulePatcher$PatchedModuleReader
instanceKlass org/apache/logging/log4j/util/StringBuilders
instanceKlass org/apache/logging/log4j/core/appender/rolling/action/Duration
instanceKlass org/apache/logging/log4j/core/util/CronExpression
instanceKlass java/lang/reflect/WildcardType
instanceKlass sun/reflect/generics/tree/Wildcard
instanceKlass sun/reflect/generics/tree/BottomSignature
instanceKlass sun/reflect/generics/tree/CharSignature
instanceKlass sun/reflect/generics/tree/ArrayTypeSignature
instanceKlass sun/reflect/generics/tree/ByteSignature
instanceKlass sun/reflect/generics/reflectiveObjects/LazyReflectiveObjectGenerator
instanceKlass sun/reflect/generics/reflectiveObjects/ParameterizedTypeImpl
instanceKlass java/lang/reflect/ParameterizedType
instanceKlass sun/reflect/generics/tree/ClassSignature
instanceKlass sun/reflect/generics/tree/Signature
instanceKlass sun/reflect/generics/tree/FormalTypeParameter
instanceKlass java/lang/reflect/TypeVariable
instanceKlass sun/reflect/generics/repository/AbstractRepository
instanceKlass org/apache/logging/log4j/core/config/plugins/convert/TypeConverterRegistry
instanceKlass org/apache/logging/log4j/core/config/plugins/convert/TypeConverters
instanceKlass org/apache/logging/log4j/core/config/plugins/visitors/AbstractPluginVisitor
instanceKlass org/apache/logging/log4j/core/config/plugins/visitors/PluginVisitor
instanceKlass org/apache/logging/log4j/core/config/plugins/visitors/PluginVisitors
instanceKlass org/apache/logging/log4j/core/config/plugins/PluginConfiguration
instanceKlass org/apache/logging/log4j/core/config/plugins/PluginValue
instanceKlass org/apache/logging/log4j/core/config/plugins/PluginVisitorStrategy
instanceKlass java/lang/Byte$ByteCache
instanceKlass org/apache/logging/log4j/core/config/plugins/PluginAttribute
instanceKlass org/apache/logging/log4j/core/config/plugins/PluginFactory
instanceKlass org/apache/logging/log4j/core/config/plugins/PluginBuilderFactory
instanceKlass org/apache/logging/log4j/core/config/plugins/util/PluginBuilder
instanceKlass org/apache/logging/log4j/core/config/plugins/PluginAliases
instanceKlass org/apache/logging/log4j/core/config/Scheduled
instanceKlass com/sun/org/apache/xerces/internal/dom/CharacterDataImpl$1
instanceKlass org/w3c/dom/Text
instanceKlass org/w3c/dom/CharacterData
instanceKlass java/util/Formattable
instanceKlass org/apache/logging/log4j/core/Version
instanceKlass java/net/InetAddress$CachedLocalHost
instanceKlass java/util/concurrent/atomic/Striped64$1
instanceKlass jdk/internal/util/random/RandomSupport
instanceKlass java/util/Random
instanceKlass java/util/random/RandomGenerator
instanceKlass java/net/InetAddress$CachedAddresses
instanceKlass sun/net/InetAddressCachePolicy$2
instanceKlass sun/net/InetAddressCachePolicy$1
instanceKlass sun/net/InetAddressCachePolicy
instanceKlass java/net/Inet6Address$Inet6AddressHolder
instanceKlass java/net/InetAddress$NameServiceAddresses
instanceKlass java/net/InetAddress$Addresses
instanceKlass java/util/concurrent/ConcurrentSkipListMap$Iter
instanceKlass java/net/InetAddress$PlatformNameService
instanceKlass java/net/InetAddress$NameService
instanceKlass java/net/Inet6AddressImpl
instanceKlass java/net/InetAddressImpl
instanceKlass java/net/InetAddressImplFactory
instanceKlass java/util/concurrent/ConcurrentSkipListMap$Node
instanceKlass java/util/concurrent/ConcurrentSkipListMap$Index
instanceKlass java/util/concurrent/ConcurrentNavigableMap
instanceKlass java/net/InetAddress$InetAddressHolder
instanceKlass java/net/InetAddress$1
instanceKlass jdk/internal/access/JavaNetInetAddressAccess
instanceKlass java/net/InetAddress
instanceKlass org/apache/logging/log4j/core/util/NetUtils
instanceKlass org/apache/logging/log4j/core/config/status/StatusConfiguration
instanceKlass org/w3c/dom/Attr
instanceKlass com/sun/org/apache/xerces/internal/dom/NamedNodeMapImpl
instanceKlass org/w3c/dom/NamedNodeMap
instanceKlass com/sun/org/apache/xerces/internal/dom/DeferredDocumentImpl$RefCount
instanceKlass com/sun/org/apache/xerces/internal/dom/NodeListCache
instanceKlass org/w3c/dom/TypeInfo
instanceKlass org/w3c/dom/ElementTraversal
instanceKlass org/w3c/dom/Element
instanceKlass org/w3c/dom/DocumentType
instanceKlass com/sun/org/apache/xerces/internal/dom/NodeImpl
instanceKlass org/w3c/dom/events/EventTarget
instanceKlass org/w3c/dom/NodeList
instanceKlass org/w3c/dom/Document
instanceKlass org/w3c/dom/ranges/DocumentRange
instanceKlass org/w3c/dom/events/DocumentEvent
instanceKlass org/w3c/dom/traversal/DocumentTraversal
instanceKlass com/sun/org/apache/xerces/internal/dom/DeferredNode
instanceKlass org/w3c/dom/Node
instanceKlass com/sun/org/apache/xerces/internal/impl/Constants$ArrayEnumeration
instanceKlass com/sun/org/apache/xerces/internal/impl/Constants
instanceKlass com/sun/org/apache/xerces/internal/util/IntStack
instanceKlass com/sun/org/apache/xerces/internal/xinclude/XIncludeMessageFormatter
instanceKlass com/sun/org/apache/xerces/internal/util/XMLLocatorWrapper
instanceKlass com/sun/org/apache/xerces/internal/util/XMLSymbols
instanceKlass com/sun/org/apache/xerces/internal/xinclude/XIncludeHandler
instanceKlass com/sun/org/apache/xerces/internal/util/XMLChar
instanceKlass com/sun/xml/internal/stream/Entity
instanceKlass com/sun/xml/internal/stream/util/BufferAllocator
instanceKlass com/sun/xml/internal/stream/util/ThreadLocalBufferAllocator
instanceKlass com/sun/org/apache/xerces/internal/impl/XMLEntityManager$EncodingInfo
instanceKlass com/sun/org/apache/xerces/internal/util/URI
instanceKlass com/sun/org/apache/xerces/internal/utils/XMLLimitAnalyzer
instanceKlass com/sun/org/apache/xerces/internal/xni/parser/XMLInputSource
instanceKlass com/sun/org/apache/xerces/internal/util/FeatureState
instanceKlass com/sun/org/apache/xerces/internal/util/PropertyState
instanceKlass com/sun/org/apache/xerces/internal/impl/msg/XMLMessageFormatter
instanceKlass com/sun/org/apache/xerces/internal/util/MessageFormatter
instanceKlass com/sun/org/apache/xerces/internal/impl/XMLVersionDetector
instanceKlass com/sun/org/apache/xerces/internal/impl/validation/ValidationManager
instanceKlass com/sun/org/apache/xerces/internal/impl/dv/dtd/NMTOKENDatatypeValidator
instanceKlass com/sun/org/apache/xerces/internal/impl/dv/dtd/NOTATIONDatatypeValidator
instanceKlass com/sun/org/apache/xerces/internal/impl/dv/dtd/ENTITYDatatypeValidator
instanceKlass com/sun/org/apache/xerces/internal/impl/dv/dtd/ListDatatypeValidator
instanceKlass com/sun/org/apache/xerces/internal/impl/dv/dtd/IDREFDatatypeValidator
instanceKlass com/sun/org/apache/xerces/internal/impl/dv/dtd/IDDatatypeValidator
instanceKlass com/sun/org/apache/xerces/internal/impl/dv/dtd/StringDatatypeValidator
instanceKlass com/sun/org/apache/xerces/internal/impl/dv/DatatypeValidator
instanceKlass com/sun/org/apache/xerces/internal/impl/dv/DTDDVFactory
instanceKlass com/sun/org/apache/xerces/internal/impl/dtd/DTDGrammarBucket
instanceKlass com/sun/org/apache/xerces/internal/impl/dtd/XMLAttributeDecl
instanceKlass com/sun/org/apache/xerces/internal/impl/dtd/XMLSimpleType
instanceKlass com/sun/org/apache/xerces/internal/impl/dtd/XMLElementDecl
instanceKlass com/sun/org/apache/xerces/internal/impl/validation/ValidationState
instanceKlass com/sun/org/apache/xerces/internal/impl/dv/ValidationContext
instanceKlass com/sun/org/apache/xerces/internal/impl/dtd/XMLDTDValidator
instanceKlass com/sun/org/apache/xerces/internal/impl/RevalidationHandler
instanceKlass com/sun/org/apache/xerces/internal/impl/dtd/XMLDTDValidatorFilter
instanceKlass com/sun/org/apache/xerces/internal/xni/parser/XMLDocumentFilter
instanceKlass com/sun/org/apache/xerces/internal/impl/dtd/XMLEntityDecl
instanceKlass com/sun/org/apache/xerces/internal/impl/dtd/XMLDTDProcessor
instanceKlass com/sun/org/apache/xerces/internal/xni/parser/XMLDTDContentModelFilter
instanceKlass com/sun/org/apache/xerces/internal/xni/parser/XMLDTDFilter
instanceKlass com/sun/org/apache/xerces/internal/xni/parser/XMLDTDScanner
instanceKlass com/sun/org/apache/xerces/internal/xni/parser/XMLDTDContentModelSource
instanceKlass com/sun/org/apache/xerces/internal/xni/parser/XMLDTDSource
instanceKlass com/sun/org/apache/xerces/internal/xni/grammars/XMLDTDDescription
instanceKlass com/sun/org/apache/xerces/internal/xni/grammars/XMLGrammarDescription
instanceKlass com/sun/org/apache/xerces/internal/impl/XMLDocumentScannerImpl$TrailingMiscDriver
instanceKlass com/sun/org/apache/xerces/internal/impl/XMLDocumentScannerImpl$PrologDriver
instanceKlass com/sun/org/apache/xerces/internal/impl/XMLDocumentScannerImpl$XMLDeclDriver
instanceKlass com/sun/org/apache/xerces/internal/util/NamespaceSupport
instanceKlass com/sun/org/apache/xerces/internal/xni/NamespaceContext
instanceKlass com/sun/org/apache/xerces/internal/util/XMLAttributesImpl$Attribute
instanceKlass com/sun/org/apache/xerces/internal/util/XMLAttributesImpl
instanceKlass com/sun/org/apache/xerces/internal/xni/XMLAttributes
instanceKlass com/sun/org/apache/xerces/internal/impl/XMLDocumentFragmentScannerImpl$FragmentContentDriver
instanceKlass com/sun/org/apache/xerces/internal/impl/XMLDocumentFragmentScannerImpl$Driver
instanceKlass com/sun/org/apache/xerces/internal/impl/XMLDocumentFragmentScannerImpl$ElementStack2
instanceKlass com/sun/org/apache/xerces/internal/xni/QName
instanceKlass com/sun/org/apache/xerces/internal/impl/XMLDocumentFragmentScannerImpl$ElementStack
instanceKlass com/sun/org/apache/xerces/internal/xni/XMLString
instanceKlass com/sun/org/apache/xerces/internal/impl/XMLScanner
instanceKlass com/sun/xml/internal/stream/XMLBufferListener
instanceKlass com/sun/org/apache/xerces/internal/impl/XMLEntityHandler
instanceKlass com/sun/org/apache/xerces/internal/xni/parser/XMLDocumentScanner
instanceKlass com/sun/org/apache/xerces/internal/xni/parser/XMLDocumentSource
instanceKlass com/sun/org/apache/xerces/internal/impl/XMLErrorReporter
instanceKlass com/sun/org/apache/xerces/internal/impl/XMLEntityScanner
instanceKlass com/sun/org/apache/xerces/internal/xni/XMLLocator
instanceKlass com/sun/xml/internal/stream/XMLEntityStorage
instanceKlass com/sun/org/apache/xerces/internal/util/AugmentationsImpl$AugmentationsItemsContainer
instanceKlass com/sun/org/apache/xerces/internal/util/AugmentationsImpl
instanceKlass com/sun/org/apache/xerces/internal/xni/Augmentations
instanceKlass com/sun/org/apache/xerces/internal/util/XMLResourceIdentifierImpl
instanceKlass com/sun/org/apache/xerces/internal/xni/XMLResourceIdentifier
instanceKlass com/sun/org/apache/xerces/internal/impl/XMLEntityManager
instanceKlass com/sun/org/apache/xerces/internal/xni/parser/XMLEntityResolver
instanceKlass com/sun/org/apache/xerces/internal/xni/parser/XMLComponent
instanceKlass com/sun/org/apache/xerces/internal/util/SymbolTable$Entry
instanceKlass com/sun/org/apache/xerces/internal/util/SymbolTable
instanceKlass jdk/xml/internal/JdkConstants
instanceKlass javax/xml/parsers/SAXParserFactory
instanceKlass jdk/xml/internal/JdkXmlUtils
instanceKlass com/sun/org/apache/xerces/internal/util/ParserConfigurationSettings
instanceKlass com/sun/org/apache/xerces/internal/parsers/XML11Configurable
instanceKlass com/sun/org/apache/xerces/internal/xni/parser/XMLPullParserConfiguration
instanceKlass com/sun/org/apache/xerces/internal/xni/parser/XMLParserConfiguration
instanceKlass com/sun/org/apache/xerces/internal/xni/parser/XMLComponentManager
instanceKlass com/sun/org/apache/xerces/internal/parsers/XMLParser
instanceKlass com/sun/org/apache/xerces/internal/xni/XMLDTDContentModelHandler
instanceKlass com/sun/org/apache/xerces/internal/xni/XMLDTDHandler
instanceKlass com/sun/org/apache/xerces/internal/xni/XMLDocumentHandler
instanceKlass javax/xml/parsers/DocumentBuilder
instanceKlass com/sun/org/apache/xerces/internal/jaxp/JAXPConstants
instanceKlass com/sun/org/apache/xerces/internal/utils/XMLSecurityPropertyManager
instanceKlass com/sun/org/apache/xerces/internal/utils/XMLSecurityManager
instanceKlass javax/xml/parsers/FactoryFinder$1
instanceKlass jdk/xml/internal/SecuritySupport
instanceKlass javax/xml/parsers/FactoryFinder
instanceKlass javax/xml/parsers/DocumentBuilderFactory
instanceKlass org/xml/sax/InputSource
instanceKlass org/apache/logging/log4j/core/util/Closer
instanceKlass javax/xml/transform/Source
instanceKlass org/apache/logging/log4j/core/config/Reconfigurable
instanceKlass org/apache/logging/log4j/core/util/Source
instanceKlass org/apache/logging/log4j/core/net/UrlConnectionFactory
instanceKlass org/apache/logging/log4j/core/util/FileUtils
instanceKlass org/apache/logging/log4j/core/util/BasicAuthorizationProvider
instanceKlass java/lang/Class$AnnotationData
instanceKlass java/lang/annotation/Target
instanceKlass java/lang/reflect/Proxy$ProxyBuilder$1
instanceKlass jdk/internal/org/objectweb/asm/Edge
instanceKlass java/lang/reflect/ProxyGenerator$PrimitiveTypeInfo
instanceKlass java/util/StringJoiner
instanceKlass java/lang/reflect/ProxyGenerator$ProxyMethod
instanceKlass java/lang/module/ModuleDescriptor$Builder
instanceKlass java/lang/PublicMethods
instanceKlass java/lang/reflect/Proxy$ProxyBuilder
instanceKlass java/lang/ClassValue$Version
instanceKlass java/lang/ClassValue$Identity
instanceKlass java/lang/ClassValue
instanceKlass java/lang/reflect/Proxy
instanceKlass sun/reflect/annotation/AnnotationInvocationHandler
instanceKlass java/lang/reflect/InvocationHandler
instanceKlass sun/reflect/annotation/AnnotationParser$1
instanceKlass java/lang/annotation/Documented
instanceKlass java/lang/annotation/Inherited
instanceKlass java/lang/annotation/Retention
instanceKlass sun/reflect/annotation/ExceptionProxy
instanceKlass sun/reflect/annotation/AnnotationType$1
instanceKlass sun/reflect/annotation/AnnotationType
instanceKlass java/lang/reflect/GenericArrayType
instanceKlass org/apache/logging/log4j/core/config/plugins/Plugin
instanceKlass sun/reflect/generics/visitor/Reifier
instanceKlass sun/reflect/generics/visitor/TypeTreeVisitor
instanceKlass sun/reflect/generics/factory/CoreReflectionFactory
instanceKlass sun/reflect/generics/factory/GenericsFactory
instanceKlass sun/reflect/generics/scope/AbstractScope
instanceKlass sun/reflect/generics/scope/Scope
instanceKlass sun/reflect/generics/tree/ClassTypeSignature
instanceKlass sun/reflect/generics/tree/SimpleClassTypeSignature
instanceKlass sun/reflect/generics/tree/FieldTypeSignature
instanceKlass sun/reflect/generics/tree/BaseType
instanceKlass sun/reflect/generics/tree/TypeSignature
instanceKlass sun/reflect/generics/tree/ReturnType
instanceKlass sun/reflect/generics/tree/TypeArgument
instanceKlass sun/reflect/generics/tree/TypeTree
instanceKlass sun/reflect/generics/tree/Tree
instanceKlass sun/reflect/generics/parser/SignatureParser
instanceKlass org/apache/logging/log4j/core/config/Order
instanceKlass org/apache/logging/log4j/core/config/OrderComparator
instanceKlass org/apache/logging/log4j/core/util/AuthorizationProvider
instanceKlass org/apache/logging/log4j/core/config/builder/api/ConfigurationBuilder
instanceKlass org/apache/logging/log4j/core/appender/DefaultErrorHandler
instanceKlass org/apache/logging/log4j/core/appender/ConsoleAppender$FactoryData
instanceKlass org/apache/logging/log4j/core/appender/ConsoleAppender$ConsoleManagerFactory
instanceKlass org/apache/logging/log4j/core/layout/ByteBufferDestination
instanceKlass org/apache/logging/log4j/core/ErrorHandler
instanceKlass org/apache/logging/log4j/core/config/DefaultLayout
instanceKlass org/apache/logging/log4j/core/util/internal/InternalLoggerRegistry
instanceKlass org/apache/logging/log4j/core/config/Node
instanceKlass org/apache/logging/log4j/core/util/DummyNanoClock
instanceKlass org/apache/logging/log4j/core/util/WatchEventService
instanceKlass java/util/UUID
instanceKlass org/apache/logging/log4j/core/util/WatchManager$LocalUUID
instanceKlass java/util/concurrent/ScheduledExecutorService
instanceKlass java/util/concurrent/ExecutorService
instanceKlass java/util/concurrent/Executor
instanceKlass org/apache/logging/log4j/core/config/DefaultReliabilityStrategy
instanceKlass org/apache/logging/log4j/core/config/LocationAwareReliabilityStrategy
instanceKlass sun/reflect/misc/ReflectUtil
instanceKlass java/util/concurrent/atomic/AtomicReferenceFieldUpdater$AtomicReferenceFieldUpdaterImpl$1
instanceKlass java/util/concurrent/atomic/AtomicReferenceFieldUpdater
instanceKlass org/apache/logging/log4j/core/config/AppenderControlArraySet
instanceKlass org/apache/logging/log4j/core/util/SystemClock
instanceKlass org/apache/logging/log4j/core/time/PreciseClock
instanceKlass org/apache/logging/log4j/core/util/Clock
instanceKlass org/apache/logging/log4j/core/util/ClockFactory
instanceKlass org/apache/logging/log4j/core/LogEvent
instanceKlass org/apache/logging/log4j/core/impl/ReusableLogEventFactory
instanceKlass org/apache/logging/log4j/core/impl/LogEventFactory
instanceKlass org/apache/logging/log4j/core/impl/LocationAwareLogEventFactory
instanceKlass org/apache/logging/log4j/core/config/ReliabilityStrategy
instanceKlass java/util/DualPivotQuicksort
instanceKlass org/apache/logging/log4j/core/lookup/StrMatcher
instanceKlass sun/management/Util
instanceKlass java/util/Collections$2
instanceKlass sun/management/RuntimeImpl
instanceKlass java/lang/invoke/MethodHandle$1
instanceKlass java/util/Collections$1
instanceKlass jdk/management/jfr/internal/FlightRecorderMXBeanProvider$SingleMBeanComponent
instanceKlass jdk/management/jfr/FlightRecorderMXBean
instanceKlass java/util/Collections$UnmodifiableCollection$1
instanceKlass java/lang/management/DefaultPlatformMBeanProvider$11
instanceKlass java/lang/management/DefaultPlatformMBeanProvider$10
instanceKlass java/lang/management/DefaultPlatformMBeanProvider$9
instanceKlass sun/management/ManagementFactoryHelper$LoggingMXBeanAccess$1
instanceKlass sun/management/ManagementFactoryHelper$LoggingMXBeanAccess
instanceKlass java/lang/management/DefaultPlatformMBeanProvider$8
instanceKlass java/lang/management/DefaultPlatformMBeanProvider$7
instanceKlass java/lang/management/DefaultPlatformMBeanProvider$6
instanceKlass java/lang/management/DefaultPlatformMBeanProvider$5
instanceKlass java/lang/management/DefaultPlatformMBeanProvider$4
instanceKlass java/lang/management/DefaultPlatformMBeanProvider$3
instanceKlass java/lang/management/DefaultPlatformMBeanProvider$2
instanceKlass java/lang/management/DefaultPlatformMBeanProvider$1
instanceKlass com/sun/management/internal/PlatformMBeanProviderImpl$5
instanceKlass sun/management/VMManagementImpl
instanceKlass sun/management/VMManagement
instanceKlass sun/management/ManagementFactoryHelper
instanceKlass sun/management/NotificationEmitterSupport
instanceKlass javax/management/NotificationEmitter
instanceKlass javax/management/NotificationBroadcaster
instanceKlass com/sun/management/DiagnosticCommandMBean
instanceKlass javax/management/DynamicMBean
instanceKlass com/sun/management/internal/PlatformMBeanProviderImpl$4
instanceKlass com/sun/management/internal/PlatformMBeanProviderImpl$3
instanceKlass com/sun/management/internal/PlatformMBeanProviderImpl$2
instanceKlass java/util/stream/ReduceOps$Box
instanceKlass java/util/stream/Collectors$CollectorImpl
instanceKlass java/util/stream/Collector
instanceKlass java/util/stream/Collectors
instanceKlass com/sun/management/internal/PlatformMBeanProviderImpl$1
instanceKlass sun/management/spi/PlatformMBeanProvider$PlatformComponent
instanceKlass sun/management/spi/PlatformMBeanProvider
instanceKlass java/lang/management/ManagementFactory$PlatformMBeanFinder$1
instanceKlass java/lang/management/ManagementFactory$PlatformMBeanFinder
instanceKlass java/lang/management/RuntimeMXBean
instanceKlass java/lang/management/PlatformManagedObject
instanceKlass java/lang/management/ManagementFactory
instanceKlass org/apache/logging/log4j/core/net/JndiManager$JndiManagerFactory
instanceKlass javax/naming/Context
instanceKlass org/apache/logging/log4j/core/appender/ManagerFactory
instanceKlass org/apache/logging/log4j/core/appender/AbstractManager
instanceKlass java/text/Format
instanceKlass org/apache/logging/log4j/core/impl/ThreadContextDataProvider
instanceKlass org/apache/logging/log4j/core/util/ContextDataProvider
instanceKlass java/util/concurrent/ConcurrentLinkedDeque$Node
instanceKlass org/apache/logging/log4j/core/impl/ThreadContextDataInjector
instanceKlass org/apache/logging/log4j/util/StringMap
instanceKlass org/apache/logging/log4j/core/impl/ThreadContextDataInjector$AbstractContextDataInjector
instanceKlass org/apache/logging/log4j/spi/ReadOnlyThreadContextMap
instanceKlass org/apache/logging/log4j/spi/DefaultThreadContextMap
instanceKlass org/apache/logging/log4j/util/ReadOnlyStringMap
instanceKlass org/apache/logging/log4j/spi/ThreadContextMapFactory
instanceKlass org/apache/logging/log4j/spi/DefaultThreadContextStack
instanceKlass org/apache/logging/log4j/spi/ThreadContextStack
instanceKlass org/apache/logging/log4j/ThreadContext$ContextStack
instanceKlass org/apache/logging/log4j/ThreadContext
instanceKlass org/apache/logging/log4j/core/ContextDataInjector
instanceKlass org/apache/logging/log4j/core/impl/ContextDataInjectorFactory
instanceKlass org/apache/logging/log4j/core/util/ReflectionUtil
instanceKlass org/apache/logging/log4j/util/Supplier
instanceKlass org/apache/logging/log4j/core/util/AbstractWatcher
instanceKlass org/apache/logging/log4j/core/config/plugins/convert/TypeConverters$UuidConverter
instanceKlass org/apache/logging/log4j/core/config/plugins/convert/TypeConverters$UrlConverter
instanceKlass org/apache/logging/log4j/core/config/plugins/convert/TypeConverters$UriConverter
instanceKlass org/apache/logging/log4j/core/config/plugins/convert/TypeConverters$StringConverter
instanceKlass org/apache/logging/log4j/core/config/plugins/convert/TypeConverters$ShortConverter
instanceKlass org/apache/logging/log4j/core/config/plugins/convert/TypeConverters$SecurityProviderConverter
instanceKlass org/apache/logging/log4j/core/config/plugins/convert/TypeConverters$PatternConverter
instanceKlass org/apache/logging/log4j/core/config/plugins/convert/TypeConverters$PathConverter
instanceKlass org/apache/logging/log4j/core/config/plugins/convert/TypeConverters$LongConverter
instanceKlass org/apache/logging/log4j/core/config/plugins/convert/TypeConverters$LevelConverter
instanceKlass org/apache/logging/log4j/core/config/plugins/convert/TypeConverters$IntegerConverter
instanceKlass org/apache/logging/log4j/core/config/plugins/convert/TypeConverters$InetAddressConverter
instanceKlass org/apache/logging/log4j/core/config/plugins/convert/TypeConverters$FloatConverter
instanceKlass org/apache/logging/log4j/core/config/plugins/convert/TypeConverters$FileConverter
instanceKlass org/apache/logging/log4j/core/config/plugins/convert/TypeConverters$DurationConverter
instanceKlass org/apache/logging/log4j/core/config/plugins/convert/TypeConverters$DoubleConverter
instanceKlass org/apache/logging/log4j/core/config/plugins/convert/TypeConverters$CronExpressionConverter
instanceKlass org/apache/logging/log4j/core/config/plugins/convert/TypeConverters$ClassConverter
instanceKlass org/apache/logging/log4j/core/config/plugins/convert/TypeConverters$CharsetConverter
instanceKlass org/apache/logging/log4j/core/config/plugins/convert/TypeConverters$CharArrayConverter
instanceKlass org/apache/logging/log4j/core/config/plugins/convert/TypeConverters$CharacterConverter
instanceKlass org/apache/logging/log4j/core/config/plugins/convert/TypeConverters$ByteArrayConverter
instanceKlass org/apache/logging/log4j/core/config/plugins/convert/TypeConverters$ByteConverter
instanceKlass org/apache/logging/log4j/core/config/plugins/convert/TypeConverters$BooleanConverter
instanceKlass org/apache/logging/log4j/core/config/plugins/convert/TypeConverters$BigIntegerConverter
instanceKlass org/apache/logging/log4j/core/config/plugins/convert/TypeConverters$BigDecimalConverter
instanceKlass org/apache/logging/log4j/core/config/plugins/convert/TypeConverter
instanceKlass org/apache/logging/log4j/core/lookup/UpperLookup
instanceKlass org/apache/logging/log4j/core/lookup/MapLookup
instanceKlass org/apache/logging/log4j/core/lookup/DateLookup
instanceKlass org/apache/logging/log4j/core/lookup/ContextMapLookup
instanceKlass org/apache/logging/log4j/core/pattern/FileDatePatternConverter
instanceKlass org/apache/logging/log4j/core/config/arbiters/SystemPropertyArbiter
instanceKlass org/apache/logging/log4j/core/net/ssl/SslConfiguration
instanceKlass org/apache/logging/log4j/core/appender/rolling/action/PathSortByModificationTime
instanceKlass org/apache/logging/log4j/core/appender/rolling/action/PathSorter
instanceKlass org/apache/logging/log4j/core/net/SocketPerformancePreferences
instanceKlass org/apache/logging/log4j/core/net/SocketOptions
instanceKlass org/apache/logging/log4j/core/util/Builder
instanceKlass org/apache/logging/log4j/core/net/SocketAddress
instanceKlass org/apache/logging/log4j/core/config/arbiters/SelectArbiter
instanceKlass org/apache/logging/log4j/core/config/ScriptsPlugin
instanceKlass org/apache/logging/log4j/core/layout/ScriptPatternSelector
instanceKlass org/apache/logging/log4j/core/appender/rolling/action/ScriptCondition
instanceKlass org/apache/logging/log4j/core/config/arbiters/ScriptArbiter
instanceKlass org/apache/logging/log4j/core/script/AbstractScript
instanceKlass org/apache/logging/log4j/core/appender/routing/Routes
instanceKlass org/apache/logging/log4j/core/appender/routing/Route
instanceKlass org/apache/logging/log4j/core/pattern/RegexReplacement
instanceKlass org/apache/logging/log4j/core/appender/rewrite/PropertiesRewritePolicy
instanceKlass org/apache/logging/log4j/core/config/PropertiesPlugin
instanceKlass org/apache/logging/log4j/core/layout/PatternMatch
instanceKlass org/apache/logging/log4j/core/net/MulticastDnsAdvertiser
instanceKlass org/apache/logging/log4j/core/config/MonitorResources
instanceKlass org/apache/logging/log4j/core/config/MonitorResource
instanceKlass org/apache/logging/log4j/core/layout/MarkerPatternSelector
instanceKlass org/apache/logging/log4j/core/appender/rewrite/MapRewritePolicy
instanceKlass org/apache/logging/log4j/core/config/LoggersPlugin
instanceKlass org/apache/logging/log4j/core/appender/rewrite/LoggerNameLevelRewritePolicy
instanceKlass org/apache/logging/log4j/core/appender/rewrite/RewritePolicy
instanceKlass org/apache/logging/log4j/core/layout/LoggerFields
instanceKlass org/apache/logging/log4j/core/async/LinkedTransferQueueFactory
instanceKlass org/apache/logging/log4j/core/layout/LevelPatternSelector
instanceKlass org/apache/logging/log4j/core/layout/PatternSelector
instanceKlass org/apache/logging/log4j/core/util/KeyValuePair
instanceKlass org/apache/logging/log4j/core/net/ssl/StoreConfiguration
instanceKlass org/apache/logging/log4j/core/async/JCToolsBlockingQueueFactory
instanceKlass org/apache/logging/log4j/core/appender/rolling/action/IfNot
instanceKlass org/apache/logging/log4j/core/appender/rolling/action/IfLastModified
instanceKlass org/apache/logging/log4j/core/appender/rolling/action/IfFileName
instanceKlass org/apache/logging/log4j/core/appender/rolling/action/IfAny
instanceKlass org/apache/logging/log4j/core/appender/rolling/action/IfAll
instanceKlass org/apache/logging/log4j/core/appender/rolling/action/IfAccumulatedFileSize
instanceKlass org/apache/logging/log4j/core/appender/rolling/action/IfAccumulatedFileCount
instanceKlass org/apache/logging/log4j/core/appender/rolling/action/PathCondition
instanceKlass org/apache/logging/log4j/core/appender/routing/PurgePolicy
instanceKlass org/apache/logging/log4j/core/appender/FailoversPlugin
instanceKlass org/apache/logging/log4j/core/config/arbiters/EnvironmentArbiter
instanceKlass org/apache/logging/log4j/core/async/DisruptorBlockingQueueFactory
instanceKlass org/apache/logging/log4j/core/appender/rolling/DirectFileRolloverStrategy
instanceKlass org/apache/logging/log4j/core/appender/rolling/action/AbstractAction
instanceKlass org/apache/logging/log4j/core/appender/rolling/action/Action
instanceKlass org/apache/logging/log4j/core/appender/rolling/AbstractRolloverStrategy
instanceKlass org/apache/logging/log4j/core/appender/rolling/RolloverStrategy
instanceKlass org/apache/logging/log4j/core/config/arbiters/DefaultArbiter
instanceKlass org/apache/logging/log4j/core/config/CustomLevels
instanceKlass org/apache/logging/log4j/core/config/CustomLevelConfig
instanceKlass org/apache/logging/log4j/core/layout/AbstractLayout
instanceKlass org/apache/logging/log4j/core/StringLayout
instanceKlass org/apache/logging/log4j/core/appender/rolling/TriggeringPolicy
instanceKlass org/apache/logging/log4j/core/appender/db/jdbc/ConnectionSource
instanceKlass org/apache/logging/log4j/core/appender/db/ColumnMapping
instanceKlass org/apache/logging/log4j/core/appender/db/jdbc/ColumnConfig
instanceKlass org/apache/logging/log4j/core/config/arbiters/ClassArbiter
instanceKlass org/apache/logging/log4j/core/config/arbiters/Arbiter
instanceKlass org/apache/logging/log4j/core/async/AsyncWaitStrategyFactoryConfig
instanceKlass org/apache/logging/log4j/core/async/ArrayBlockingQueueFactory
instanceKlass org/apache/logging/log4j/core/async/BlockingQueueFactory
instanceKlass org/apache/logging/log4j/core/appender/AppenderSet
instanceKlass org/apache/logging/log4j/core/config/AppendersPlugin
instanceKlass org/apache/logging/log4j/core/config/AppenderRef
instanceKlass org/apache/logging/log4j/core/pattern/AnsiConverter
instanceKlass org/apache/logging/log4j/core/pattern/ArrayPatternConverter
instanceKlass org/apache/logging/log4j/core/impl/LocationAware
instanceKlass org/apache/logging/log4j/core/pattern/AbstractPatternConverter
instanceKlass org/apache/logging/log4j/core/pattern/PatternConverter
instanceKlass org/apache/logging/log4j/core/config/plugins/util/PluginType
instanceKlass org/apache/logging/log4j/core/config/builder/api/ConfigurationBuilderFactory
instanceKlass org/apache/logging/log4j/core/config/plugins/processor/PluginEntry
instanceKlass org/apache/logging/log4j/core/config/plugins/processor/PluginCache
instanceKlass org/apache/logging/log4j/core/config/plugins/util/ResolverUtil$Test
instanceKlass org/apache/logging/log4j/core/config/plugins/util/PluginRegistry
instanceKlass org/apache/logging/log4j/core/config/plugins/util/PluginManager
instanceKlass org/apache/logging/log4j/core/lookup/PropertiesLookup
instanceKlass org/apache/logging/log4j/core/lookup/LookupResult
instanceKlass org/apache/logging/log4j/core/lookup/AbstractLookup
instanceKlass org/apache/logging/log4j/core/config/LoggerContextAware
instanceKlass org/apache/logging/log4j/core/config/DefaultAdvertiser
instanceKlass org/apache/logging/log4j/core/config/Property
instanceKlass org/apache/logging/log4j/core/config/ConfigurationSource
instanceKlass org/apache/logging/log4j/core/util/Watcher
instanceKlass org/apache/logging/log4j/core/Appender
instanceKlass org/apache/logging/log4j/core/Layout
instanceKlass org/apache/logging/log4j/core/layout/Encoder
instanceKlass org/apache/logging/log4j/core/async/AsyncLoggerConfigDelegate
instanceKlass org/apache/logging/log4j/core/util/NanoClock
instanceKlass org/apache/logging/log4j/core/lookup/StrLookup
instanceKlass org/apache/logging/log4j/core/net/Advertiser
instanceKlass org/apache/logging/log4j/core/lookup/StrSubstitutor
instanceKlass org/apache/logging/log4j/core/config/ConfigurationAware
instanceKlass org/apache/logging/log4j/core/Filter
instanceKlass org/apache/logging/log4j/message/ReusableMessageFactory
instanceKlass java/util/stream/WhileOps$DropWhileSink
instanceKlass java/util/stream/WhileOps$DropWhileOp
instanceKlass java/util/stream/WhileOps
instanceKlass org/apache/logging/log4j/internal/LogManagerStatus
instanceKlass java/lang/invoke/VarHandle$AccessDescriptor
instanceKlass java/util/concurrent/atomic/AtomicReference
instanceKlass java/util/concurrent/Executors$DefaultThreadFactory
instanceKlass java/util/concurrent/Executors
instanceKlass org/apache/logging/log4j/core/util/Cancellable
instanceKlass org/apache/logging/log4j/core/util/DefaultShutdownCallbackRegistry
instanceKlass org/apache/logging/log4j/core/AbstractLifeCycle
instanceKlass org/apache/logging/log4j/core/LifeCycle2
instanceKlass org/apache/logging/log4j/spi/LoggerContextShutdownEnabled
instanceKlass org/apache/logging/log4j/core/config/ConfigurationListener
instanceKlass org/apache/logging/log4j/spi/Terminable
instanceKlass org/apache/logging/log4j/core/selector/ClassLoaderContextSelector
instanceKlass org/apache/logging/log4j/core/util/internal/SystemUtils
instanceKlass org/apache/logging/log4j/core/util/Loader
instanceKlass org/apache/logging/log4j/util/Constants
instanceKlass org/apache/logging/log4j/core/util/Constants
instanceKlass java/util/stream/ReduceOps$2ReducingSink
instanceKlass java/util/stream/ReduceOps$AccumulatingSink
instanceKlass java/util/stream/ReduceOps$ReduceOp
instanceKlass java/util/stream/ReduceOps
instanceKlass java/util/function/BinaryOperator
instanceKlass java/util/HashMap$HashMapSpliterator
instanceKlass jdk/internal/loader/URLClassPath$JarLoader$3
instanceKlass org/apache/logging/log4j/core/selector/ContextSelector
instanceKlass org/apache/logging/log4j/core/config/Configuration
instanceKlass org/apache/logging/log4j/core/filter/Filterable
instanceKlass org/apache/logging/log4j/core/LifeCycle
instanceKlass org/apache/logging/log4j/spi/LoggerContext
instanceKlass org/apache/logging/log4j/core/impl/Log4jContextFactory
instanceKlass org/apache/logging/log4j/core/util/ShutdownCallbackRegistry
instanceKlass org/apache/logging/log4j/spi/LoggerContextFactory
instanceKlass org/apache/logging/log4j/spi/ThreadContextMap
instanceKlass org/apache/logging/log4j/spi/Provider
instanceKlass org/apache/logging/log4j/util/ProviderUtil
instanceKlass org/apache/logging/log4j/LogManager
instanceKlass jdk/internal/logger/DefaultLoggerFinder$1
instanceKlass jdk/internal/logger/BootstrapLogger$BootstrapExecutors
instanceKlass java/io/FilePermission$1
instanceKlass jdk/internal/access/JavaIOFilePermissionAccess
instanceKlass jdk/internal/logger/LoggerFinderLoader
instanceKlass java/util/stream/Streams
instanceKlass java/util/stream/Stream$Builder
instanceKlass java/util/stream/Streams$AbstractStreamBuilderImpl
instanceKlass java/util/ArrayList$ArrayListSpliterator
instanceKlass java/util/logging/LogManager$LoggerContext$1
instanceKlass java/util/logging/LogManager$VisitedLoggers
instanceKlass java/util/logging/LogManager$2
instanceKlass java/util/logging/LogManager$LoggingProviderAccess
instanceKlass java/util/stream/SortedOps
instanceKlass org/apache/logging/log4j/util/PropertySource$Comparator
instanceKlass java/util/regex/Pattern$1
instanceKlass org/apache/logging/log4j/util/PropertySource$Util
instanceKlass org/apache/logging/log4j/util/Cast
instanceKlass org/apache/logging/log4j/util/LazyUtil$1
instanceKlass org/apache/logging/log4j/util/LazyUtil
instanceKlass org/apache/logging/log4j/util/SystemPropertiesPropertySource
instanceKlass org/apache/logging/log4j/util/EnvironmentPropertySource
instanceKlass java/util/stream/ForEachOps$ForEachOp
instanceKlass java/util/stream/ForEachOps
instanceKlass org/apache/logging/log4j/util/OsgiServiceLocator
instanceKlass java/util/stream/Sink$ChainedReference
instanceKlass java/util/function/Predicate
instanceKlass java/util/stream/FindOps$FindOp
instanceKlass java/util/stream/TerminalOp
instanceKlass java/util/stream/FindOps$FindSink
instanceKlass java/util/stream/TerminalSink
instanceKlass java/util/stream/Sink
instanceKlass java/util/stream/FindOps
instanceKlass java/util/stream/SliceOps
instanceKlass java/lang/StackStreamFactory$FrameBuffer
instanceKlass java/lang/StackStreamFactory$1
instanceKlass java/lang/StackStreamFactory
instanceKlass org/apache/logging/log4j/util/StackLocator
instanceKlass org/apache/logging/log4j/util/StackLocatorUtil
instanceKlass java/util/Spliterators$AbstractSpliterator
instanceKlass org/apache/logging/log4j/util/ServiceLoaderUtil
instanceKlass org/apache/logging/log4j/util/BiConsumer
instanceKlass org/apache/logging/log4j/util/PropertiesUtil$Environment
instanceKlass org/apache/logging/log4j/util/LoaderUtil$ThreadContextClassLoaderGetter
instanceKlass org/apache/logging/log4j/util/LazyBoolean
instanceKlass org/apache/logging/log4j/util/LoaderUtil
instanceKlass org/apache/logging/log4j/util/PropertiesPropertySource
instanceKlass org/apache/logging/log4j/util/LazyUtil$SafeLazy
instanceKlass org/apache/logging/log4j/util/Lazy
instanceKlass org/apache/logging/log4j/util/PropertySource
instanceKlass org/apache/logging/log4j/util/PropertiesUtil
instanceKlass java/util/logging/LogManager$LogNode
instanceKlass java/util/logging/LogManager$LoggerContext
instanceKlass org/apache/logging/log4j/message/EntryMessage
instanceKlass org/apache/logging/log4j/message/ExitMessage
instanceKlass org/apache/logging/log4j/message/FlowMessage
instanceKlass org/apache/logging/log4j/status/StatusConsoleListener
instanceKlass java/lang/Character$Subset
instanceKlass java/util/function/BiConsumer
instanceKlass java/util/Collections$UnmodifiableMap$UnmodifiableEntrySet$UnmodifiableEntry
instanceKlass java/util/Collections$UnmodifiableMap$UnmodifiableEntrySet$1
instanceKlass org/apache/logging/log4j/status/StatusLogger$PropertiesUtilsDouble
instanceKlass org/apache/logging/log4j/status/StatusLogger$Config
instanceKlass org/apache/logging/log4j/status/StatusLogger$InstanceHolder
instanceKlass java/util/RegularEnumSet$EnumSetIterator
instanceKlass org/apache/logging/log4j/util/Strings
instanceKlass org/apache/logging/log4j/Level
instanceKlass org/apache/logging/log4j/internal/DefaultLogBuilder
instanceKlass org/apache/logging/log4j/BridgeAware
instanceKlass org/apache/logging/log4j/message/DefaultFlowMessageFactory
instanceKlass org/apache/logging/log4j/message/FlowMessageFactory
instanceKlass org/apache/logging/log4j/message/AbstractMessageFactory
instanceKlass org/apache/logging/log4j/MarkerManager$Log4jMarker
instanceKlass org/apache/logging/log4j/util/StringBuilderFormattable
instanceKlass org/apache/logging/log4j/Marker
instanceKlass org/apache/logging/log4j/MarkerManager
instanceKlass org/apache/logging/log4j/status/StatusListener
instanceKlass org/apache/logging/log4j/LogBuilder
instanceKlass org/apache/logging/log4j/message/Message
instanceKlass org/apache/logging/log4j/message/MessageFactory2
instanceKlass org/apache/logging/log4j/message/MessageFactory
instanceKlass org/apache/logging/log4j/spi/AbstractLogger
instanceKlass org/apache/logging/log4j/spi/LocationAwareLogger
instanceKlass org/apache/logging/log4j/spi/ExtendedLogger
instanceKlass org/apache/logging/log4j/Logger
instanceKlass org/apache/logging/log4j/spi/AbstractLoggerAdapter
instanceKlass org/apache/logging/log4j/spi/LoggerContextShutdownAware
instanceKlass org/apache/logging/log4j/spi/LoggerAdapter
instanceKlass java/util/logging/LogManager$1
instanceKlass java/util/logging/LogManager
instanceKlass java/util/logging/Logger$ConfigurationData
instanceKlass java/util/logging/Logger$LoggerBundle
instanceKlass java/util/logging/Level
instanceKlass java/util/logging/Handler
instanceKlass java/util/logging/Logger
instanceKlass com/jme3/input/controls/InputListener
instanceKlass com/jme3/scene/Spatial
instanceKlass com/jme3/anim/util/HasLocalTransform
instanceKlass com/jme3/util/clone/JmeCloneable
instanceKlass com/jme3/asset/CloneableSmartAsset
instanceKlass com/jme3/collision/Collidable
instanceKlass com/jme3/export/Savable
instanceKlass com/jme3/app/state/AppState
instanceKlass java/util/concurrent/Future
instanceKlass java/util/concurrent/Callable
instanceKlass com/jme3/system/Timer
instanceKlass com/jme3/app/LegacyApplication
instanceKlass com/jme3/system/SystemListener
instanceKlass com/jme3/app/Application
instanceKlass java/util/Formatter$Flags
instanceKlass java/util/Formatter$FormatSpecifier
instanceKlass java/util/regex/ASCII
instanceKlass java/util/regex/IntHashSet
instanceKlass java/util/regex/Matcher
instanceKlass java/util/regex/MatchResult
instanceKlass java/util/Formatter$Conversion
instanceKlass java/util/Formatter$FixedString
instanceKlass java/util/Formatter$FormatString
instanceKlass java/util/regex/Pattern$TreeInfo
instanceKlass java/util/regex/Pattern$BitClass
instanceKlass java/util/regex/CharPredicates
instanceKlass java/util/regex/Pattern$BmpCharPredicate
instanceKlass java/util/regex/Pattern$CharPredicate
instanceKlass java/util/regex/Pattern$Node
instanceKlass java/util/regex/Pattern
instanceKlass java/util/Formatter
instanceKlass javax/swing/text/html/CSS$ShorthandMarginParser
instanceKlass javax/swing/text/StyleContext$KeyEnumeration
instanceKlass javax/swing/text/html/CSS$LengthUnit
instanceKlass javax/swing/text/html/CSSParser
instanceKlass javax/swing/text/html/StyleSheet$CssParser
instanceKlass javax/swing/text/html/CSSParser$CSSParserCallback
instanceKlass javax/swing/text/html/HTMLEditorKit$1
instanceKlass javax/swing/text/html/StyleSheet$SelectorMapping
instanceKlass javax/swing/text/html/CSS$CssValue
instanceKlass javax/swing/text/html/CSS$Value
instanceKlass javax/swing/text/html/CSS$Attribute
instanceKlass javax/swing/text/html/CSS
instanceKlass javax/swing/text/Position$Bias
instanceKlass java/awt/event/MouseAdapter
instanceKlass java/awt/event/MouseWheelListener
instanceKlass java/awt/event/MouseListener
instanceKlass java/awt/event/MouseMotionListener
instanceKlass javax/swing/text/StyledEditorKit$AttributeTracker
instanceKlass javax/swing/text/html/HTML$Attribute
instanceKlass javax/swing/text/html/HTML
instanceKlass javax/swing/text/html/HTML$Tag
instanceKlass javax/swing/text/LayeredHighlighter$LayerPainter
instanceKlass javax/swing/text/Highlighter$HighlightPainter
instanceKlass javax/swing/event/CaretListener
instanceKlass javax/swing/text/html/HTMLEditorKit$HTMLFactory
instanceKlass java/awt/Cursor$1
instanceKlass sun/awt/AWTAccessor$CursorAccessor
instanceKlass java/awt/Cursor
instanceKlass javax/swing/text/StyledEditorKit$StyledViewFactory
instanceKlass javax/swing/text/ViewFactory
instanceKlass javax/swing/ArrayTable
instanceKlass javax/swing/AbstractAction
instanceKlass javax/swing/Action
instanceKlass java/awt/event/ActionListener
instanceKlass javax/swing/text/EditorKit
instanceKlass com/formdev/flatlaf/util/UIScale
instanceKlass java/util/LinkedHashMap$LinkedHashIterator
instanceKlass java/util/Collections$3
instanceKlass javax/swing/text/StyleContext$SmallAttributeSet
instanceKlass javax/swing/text/StyleContext$NamedStyle
instanceKlass javax/swing/text/Style
instanceKlass javax/swing/text/SimpleAttributeSet$EmptyAttributeSet
instanceKlass javax/swing/text/SimpleAttributeSet
instanceKlass javax/swing/text/MutableAttributeSet
instanceKlass javax/swing/text/AttributeSet
instanceKlass javax/swing/text/StyleContext$FontKey
instanceKlass javax/swing/text/AttributeSet$ParagraphAttribute
instanceKlass javax/swing/text/AttributeSet$ColorAttribute
instanceKlass javax/swing/text/AttributeSet$FontAttribute
instanceKlass javax/swing/text/AttributeSet$CharacterAttribute
instanceKlass javax/swing/text/StyleConstants
instanceKlass javax/swing/text/StyleContext
instanceKlass javax/swing/text/AbstractDocument$AttributeContext
instanceKlass com/formdev/flatlaf/util/FontUtils
instanceKlass sun/font/TrueTypeFont$DirectoryEntry
instanceKlass java/nio/channels/spi/AbstractInterruptibleChannel$1
instanceKlass sun/nio/ch/Interruptible
instanceKlass sun/font/TrueTypeFont$1
instanceKlass sun/font/TrueTypeFont$TTDisposerRecord
instanceKlass sun/font/SunFontManager$5
instanceKlass sun/font/SunFontManager$FamilyDescription
instanceKlass sun/awt/Win32FontManager$2
instanceKlass java/lang/ProcessEnvironment$CheckedEntry
instanceKlass java/lang/ProcessEnvironment$CheckedEntrySet$1
instanceKlass java/lang/ProcessEnvironment$EntryComparator
instanceKlass java/lang/ProcessEnvironment$NameComparator
instanceKlass sun/font/SunFontManager$3
instanceKlass sun/font/FontFamily
instanceKlass sun/font/CompositeFontDescriptor
instanceKlass sun/font/SunFontManager$FontRegistrationInfo
instanceKlass java/lang/Short$ShortCache
instanceKlass sun/awt/FontDescriptor
instanceKlass sun/awt/FontConfiguration
instanceKlass sun/font/SunFontManager$2
instanceKlass sun/awt/Win32FontManager$1
instanceKlass java/util/concurrent/atomic/AtomicBoolean
instanceKlass sun/font/GlyphList
instanceKlass sun/font/StrikeCache$1
instanceKlass sun/font/StrikeCache
instanceKlass sun/font/FontStrike
instanceKlass sun/font/CharToGlyphMapper
instanceKlass java/awt/geom/Path2D
instanceKlass java/awt/geom/RectangularShape
instanceKlass java/awt/Shape
instanceKlass sun/font/StrikeMetrics
instanceKlass java/awt/geom/Point2D
instanceKlass sun/font/Font2D
instanceKlass sun/font/FontManagerNativeLibrary$1
instanceKlass sun/font/FontManagerNativeLibrary
instanceKlass sun/font/SunFontManager$1
instanceKlass sun/font/SunFontManager$T1Filter
instanceKlass sun/font/SunFontManager$TTFilter
instanceKlass sun/font/Font2DHandle
instanceKlass sun/font/SunFontManager
instanceKlass sun/font/FontManagerForSGE
instanceKlass sun/font/FontManager
instanceKlass sun/java2d/FontSupport
instanceKlass sun/font/FontManagerFactory$1
instanceKlass sun/font/FontManagerFactory
instanceKlass jdk/internal/math/FloatingDecimal$ASCIIToBinaryBuffer
instanceKlass jdk/internal/math/FloatingDecimal$PreparedASCIIToBinaryBuffer
instanceKlass jdk/internal/math/FloatingDecimal$ASCIIToBinaryConverter
instanceKlass jdk/internal/math/FloatingDecimal$BinaryToASCIIBuffer
instanceKlass jdk/internal/math/FloatingDecimal$ExceptionalBinaryToASCIIBuffer
instanceKlass jdk/internal/math/FloatingDecimal$BinaryToASCIIConverter
instanceKlass jdk/internal/math/FloatingDecimal
instanceKlass com/formdev/flatlaf/util/ColorFunctions$HSLChange
instanceKlass com/formdev/flatlaf/util/ColorFunctions$Fade
instanceKlass java/io/StreamTokenizer
instanceKlass com/formdev/flatlaf/util/HSLColor
instanceKlass com/formdev/flatlaf/util/ColorFunctions
instanceKlass com/formdev/flatlaf/util/ColorFunctions$Mix
instanceKlass com/formdev/flatlaf/util/ColorFunctions$HSLIncreaseDecrease
instanceKlass com/formdev/flatlaf/UIDefaultsLoader$1
instanceKlass jdk/internal/misc/ScopedMemoryAccess$Scope
instanceKlass com/formdev/flatlaf/util/SoftCache
instanceKlass com/formdev/flatlaf/util/ColorFunctions$ColorFunction
instanceKlass com/formdev/flatlaf/UIDefaultsLoader
instanceKlass java/util/TimSort
instanceKlass com/formdev/flatlaf/FlatDefaultsAddon
instanceKlass javax/swing/InputMap
instanceKlass com/formdev/flatlaf/FlatInputMaps$LazyInputMapEx
instanceKlass java/util/function/BooleanSupplier
instanceKlass com/formdev/flatlaf/FlatInputMaps$LazyModifyInputMap
instanceKlass com/formdev/flatlaf/FlatInputMaps
instanceKlass java/util/Hashtable$Enumerator
instanceKlass com/formdev/flatlaf/FlatLaf$ActiveFont
instanceKlass sun/util/ResourceBundleEnumeration
instanceKlass java/util/Properties$EntrySet
instanceKlass java/util/ResourceBundle$Control$2
instanceKlass sun/util/resources/Bundles
instanceKlass javax/swing/UIDefaults$1
instanceKlass java/lang/Character$CharacterCache
instanceKlass javax/swing/UIDefaults$LazyInputMap
instanceKlass javax/swing/plaf/basic/BasicLookAndFeel$2
instanceKlass javax/swing/border/AbstractBorder
instanceKlass javax/swing/border/Border
instanceKlass javax/swing/UIDefaults$LazyValue
instanceKlass sun/invoke/util/VerifyAccess$1
instanceKlass java/util/EventListenerProxy
instanceKlass com/formdev/flatlaf/SubMenuUsabilityHelper
instanceKlass javax/swing/MenuSelectionManager
instanceKlass java/awt/event/WindowListener
instanceKlass com/formdev/flatlaf/MnemonicHandler
instanceKlass javax/swing/event/ChangeListener
instanceKlass javax/swing/Popup
instanceKlass javax/swing/PopupFactory$1
instanceKlass sun/swing/SwingAccessor$PopupFactoryAccessor
instanceKlass sun/nio/ch/IOStatus
instanceKlass java/nio/DirectByteBuffer$Deallocator
instanceKlass sun/nio/ch/Util$BufferCache
instanceKlass sun/nio/ch/Util
instanceKlass sun/nio/ch/NativeThread
instanceKlass java/nio/channels/Channels
instanceKlass sun/nio/ch/FileChannelImpl$Closer
instanceKlass sun/nio/ch/NativeDispatcher
instanceKlass sun/nio/ch/NativeThreadSet
instanceKlass sun/nio/ch/IOUtil
instanceKlass java/nio/channels/spi/AbstractInterruptibleChannel
instanceKlass java/nio/channels/InterruptibleChannel
instanceKlass java/nio/channels/ScatteringByteChannel
instanceKlass java/nio/channels/GatheringByteChannel
instanceKlass java/nio/channels/SeekableByteChannel
instanceKlass java/nio/channels/ByteChannel
instanceKlass java/nio/channels/WritableByteChannel
instanceKlass java/nio/channels/ReadableByteChannel
instanceKlass java/nio/channels/Channel
instanceKlass sun/nio/fs/WindowsChannelFactory$2
instanceKlass sun/nio/fs/WindowsChannelFactory$Flags
instanceKlass sun/nio/fs/WindowsChannelFactory$1
instanceKlass sun/nio/fs/WindowsChannelFactory
instanceKlass sun/nio/fs/WindowsPath$1
instanceKlass java/io/FilenameFilter
instanceKlass sun/nio/fs/WindowsSecurityDescriptor
instanceKlass java/nio/file/attribute/FileAttribute
instanceKlass com/formdev/flatlaf/util/NativeLibrary
instanceKlass com/formdev/flatlaf/FlatSystemProperties
instanceKlass com/formdev/flatlaf/ui/FlatNativeLibrary
instanceKlass com/formdev/flatlaf/ui/FlatNativeWindowsLibrary
instanceKlass com/formdev/flatlaf/util/StringUtils
instanceKlass java/util/StringTokenizer
instanceKlass com/formdev/flatlaf/util/SystemInfo
instanceKlass javax/swing/JComponent$2
instanceKlass javax/swing/JComponent$1
instanceKlass sun/swing/SwingAccessor$JComponentAccessor
instanceKlass java/awt/Container$1
instanceKlass sun/awt/AWTAccessor$ContainerAccessor
instanceKlass java/awt/geom/Dimension2D
instanceKlass java/awt/LightweightDispatcher
instanceKlass java/awt/event/AWTEventListener
instanceKlass java/awt/LayoutManager
instanceKlass javax/swing/TransferHandler$HasGetTransferHandler
instanceKlass javax/swing/UIManager$2
instanceKlass sun/awt/KeyboardFocusManagerPeerImpl
instanceKlass java/awt/peer/KeyboardFocusManagerPeer
instanceKlass javax/swing/KeyStroke$1
instanceKlass sun/swing/SwingAccessor$KeyStrokeAccessor
instanceKlass java/awt/AWTKeyStroke
instanceKlass java/awt/FocusTraversalPolicy
instanceKlass java/awt/DefaultKeyboardFocusManager$2
instanceKlass java/awt/DefaultKeyboardFocusManager$1
instanceKlass sun/awt/AWTAccessor$DefaultKeyboardFocusManagerAccessor
instanceKlass java/awt/KeyboardFocusManager$1
instanceKlass sun/awt/AWTAccessor$KeyboardFocusManagerAccessor
instanceKlass java/awt/KeyboardFocusManager
instanceKlass java/awt/KeyEventPostProcessor
instanceKlass java/awt/KeyEventDispatcher
instanceKlass sun/awt/PaintEventDispatcher
instanceKlass sun/awt/SunDisplayChanger
instanceKlass sun/java2d/SurfaceManagerFactory
instanceKlass sun/java2d/windows/WindowsFlags$1
instanceKlass sun/java2d/windows/WindowsFlags
instanceKlass java/awt/GraphicsEnvironment$LocalGE
instanceKlass javax/swing/RepaintManager$1
instanceKlass sun/swing/SwingAccessor$RepaintManagerAccessor
instanceKlass javax/swing/RepaintManager$DisplayChangedHandler
instanceKlass javax/swing/RepaintManager
instanceKlass javax/swing/UIManager$1
instanceKlass sun/swing/DefaultLookup
instanceKlass sun/swing/SwingAccessor
instanceKlass sun/swing/SwingAccessor$UIDefaultsAccessor
instanceKlass javax/swing/UIManager$LAFState
instanceKlass javax/swing/SwingUtilities
instanceKlass javax/swing/SwingConstants
instanceKlass sun/swing/SwingUtilities2$LSBCacheEntry
instanceKlass sun/swing/StringUIClientPropertyKey
instanceKlass javax/swing/UIClientPropertyKey
instanceKlass java/awt/font/FontRenderContext
instanceKlass sun/swing/SwingUtilities2
instanceKlass java/util/IdentityHashMap$IdentityHashMapIterator
instanceKlass java/util/Collections$SynchronizedCollection
instanceKlass sun/awt/PostEventQueue
instanceKlass sun/awt/MostRecentKeyValue
instanceKlass java/awt/Queue
instanceKlass java/awt/EventQueue$3
instanceKlass java/awt/EventQueue$2
instanceKlass sun/awt/AWTAccessor$EventQueueAccessor
instanceKlass java/awt/EventQueue$1
instanceKlass java/awt/EventQueue
instanceKlass sun/awt/AppContext$1
instanceKlass sun/awt/AppContext$2
instanceKlass sun/awt/AppContext$3
instanceKlass sun/awt/AppContext$6
instanceKlass jdk/internal/access/JavaAWTAccess
instanceKlass sun/awt/AppContext$GetAppContextLock
instanceKlass sun/awt/AppContext
instanceKlass java/awt/Toolkit$DesktopPropertyChangeSupport$1
instanceKlass java/util/ComparableTimSort
instanceKlass java/util/Arrays$LegacyMergeSort
instanceKlass sun/awt/SunHints$Value
instanceKlass java/awt/RenderingHints$Key
instanceKlass sun/awt/SunHints
instanceKlass java/awt/RenderingHints
instanceKlass sun/awt/windows/WDesktopProperties$WinPlaySound
instanceKlass java/awt/Color
instanceKlass java/awt/Paint
instanceKlass java/util/concurrent/locks/ReentrantReadWriteLock$WriteLock
instanceKlass java/util/concurrent/locks/ReentrantReadWriteLock$ReadLock
instanceKlass java/util/concurrent/locks/ReentrantReadWriteLock
instanceKlass java/util/concurrent/locks/ReadWriteLock
instanceKlass sun/awt/windows/ThemeReader
instanceKlass sun/awt/windows/WDesktopProperties
instanceKlass java/lang/Shutdown$Lock
instanceKlass java/lang/Shutdown
instanceKlass java/lang/ApplicationShutdownHooks$1
instanceKlass java/lang/ApplicationShutdownHooks
instanceKlass java/lang/WeakPairMap$Pair$Lookup
instanceKlass java/lang/WeakPairMap$Pair
instanceKlass java/lang/WeakPairMap
instanceKlass java/lang/Module$ReflectionData
instanceKlass sun/awt/AWTAutoShutdown
instanceKlass sun/awt/util/ThreadGroupUtils
instanceKlass sun/java2d/Disposer$1
instanceKlass sun/java2d/Disposer
instanceKlass sun/awt/windows/WToolkit$ToolkitDisposer
instanceKlass sun/java2d/DisposerRecord
instanceKlass sun/awt/util/PerformanceLogger$TimeData
instanceKlass sun/awt/util/PerformanceLogger
instanceKlass sun/awt/SunToolkit$ModalityListenerList
instanceKlass sun/awt/ModalityListener
instanceKlass java/beans/PropertyChangeListener
instanceKlass java/beans/ChangeListenerMap
instanceKlass java/beans/PropertyChangeSupport
instanceKlass sun/util/logging/PlatformLogger$ConfigurableBridge$LoggerConfiguration
instanceKlass jdk/internal/logger/BootstrapLogger$RedirectedLoggers
instanceKlass javax/swing/event/EventListenerList
instanceKlass sun/awt/windows/WDesktopPeer
instanceKlass java/awt/peer/DesktopPeer
instanceKlass java/awt/Component$DummyRequestFocusController
instanceKlass sun/awt/RequestFocusController
instanceKlass java/awt/Component$1
instanceKlass sun/awt/AWTAccessor$ComponentAccessor
instanceKlass java/awt/font/JavaAWTFontAccessImpl
instanceKlass jdk/internal/access/JavaAWTFontAccess
instanceKlass java/text/AttributedCharacterIterator$Attribute
instanceKlass sun/font/AttributeValues
instanceKlass java/awt/geom/AffineTransform
instanceKlass sun/font/FontAccess
instanceKlass sun/awt/windows/WObjectPeer
instanceKlass java/awt/dnd/peer/DropTargetPeer
instanceKlass java/awt/peer/ComponentPeer
instanceKlass java/awt/event/InputEvent$1
instanceKlass sun/awt/AWTAccessor$InputEventAccessor
instanceKlass java/awt/event/NativeLibLoader$1
instanceKlass java/awt/event/NativeLibLoader
instanceKlass java/awt/AWTEvent$1
instanceKlass sun/awt/AWTAccessor$AWTEventAccessor
instanceKlass java/util/EventObject
instanceKlass java/awt/Component$AWTTreeLock
instanceKlass sun/awt/DisplayChangedListener
instanceKlass java/util/EventListener
instanceKlass sun/awt/image/SurfaceManager
instanceKlass sun/awt/image/SurfaceManager$ImageAccessor
instanceKlass java/awt/ImageCapabilities
instanceKlass java/awt/Image
instanceKlass sun/java2d/DestSurfaceProvider
instanceKlass sun/java2d/loops/RenderCache$Entry
instanceKlass sun/java2d/loops/RenderCache
instanceKlass sun/java2d/pipe/DrawImage
instanceKlass sun/java2d/pipe/GeneralCompositePipe
instanceKlass sun/java2d/pipe/SpanShapeRenderer
instanceKlass sun/java2d/pipe/AlphaPaintPipe
instanceKlass sun/java2d/pipe/AAShapePipe
instanceKlass sun/java2d/pipe/RegionIterator
instanceKlass sun/java2d/pipe/Region
instanceKlass sun/java2d/pipe/SpanClipRenderer
instanceKlass sun/java2d/pipe/PixelToShapeConverter
instanceKlass sun/java2d/pipe/AlphaColorPipe
instanceKlass sun/java2d/pipe/CompositePipe
instanceKlass sun/font/FontUtilities$1
instanceKlass sun/font/FontUtilities
instanceKlass sun/java2d/pipe/GlyphListPipe
instanceKlass sun/java2d/pipe/OutlineTextRenderer
instanceKlass java/lang/invoke/VarForm
instanceKlass java/lang/invoke/VarHandleGuards
instanceKlass jdk/internal/util/Preconditions$1
instanceKlass java/lang/invoke/VarHandle$1
instanceKlass java/lang/invoke/VarHandles
instanceKlass java/util/concurrent/ConcurrentLinkedQueue$Node
instanceKlass sun/java2d/ReentrantContextProvider
instanceKlass sun/java2d/marlin/FloatMath
instanceKlass sun/java2d/marlin/MarlinProperties
instanceKlass sun/java2d/marlin/MarlinConst
instanceKlass sun/java2d/pipe/RenderingEngine
instanceKlass sun/java2d/pipe/LoopPipe
instanceKlass sun/java2d/pipe/LoopBasedPipe
instanceKlass sun/java2d/pipe/ParallelogramPipe
instanceKlass sun/java2d/pipe/NullPipe
instanceKlass sun/java2d/pipe/DrawImagePipe
instanceKlass sun/java2d/pipe/TextPipe
instanceKlass sun/java2d/pipe/ShapeDrawPipe
instanceKlass sun/java2d/pipe/PixelFillPipe
instanceKlass sun/java2d/pipe/PixelDrawPipe
instanceKlass sun/java2d/StateTrackableDelegate$2
instanceKlass sun/java2d/StateTrackableDelegate
instanceKlass sun/java2d/cmm/ProfileDeferralInfo
instanceKlass java/awt/color/ICC_Profile$BuiltInProfile
instanceKlass java/awt/color/ICC_Profile
instanceKlass java/awt/color/ColorSpace$BuiltInSpace
instanceKlass java/awt/color/ColorSpace
instanceKlass java/awt/image/ColorModel$1
instanceKlass java/awt/image/ColorModel
instanceKlass sun/awt/image/PixelConverter
instanceKlass sun/java2d/loops/SurfaceType
instanceKlass sun/java2d/SurfaceData
instanceKlass sun/java2d/Surface
instanceKlass sun/java2d/StateTrackable
instanceKlass sun/java2d/DisposerTarget
instanceKlass java/awt/Transparency
instanceKlass sun/awt/windows/WToolkit$1
instanceKlass jdk/internal/logger/LazyLoggers$LazyLoggerAccessor
instanceKlass jdk/internal/logger/LazyLoggers$LoggerAccessor
instanceKlass jdk/internal/logger/AbstractLoggerWrapper
instanceKlass java/util/ServiceLoader$ProviderImpl
instanceKlass java/util/ServiceLoader$Provider
instanceKlass java/util/ServiceLoader$1
instanceKlass sun/util/logging/internal/LoggingProviderImpl$LogManagerAccess
instanceKlass java/util/concurrent/CopyOnWriteArrayList$COWIterator
instanceKlass jdk/internal/loader/URLClassPath$1
instanceKlass java/lang/CompoundEnumeration
instanceKlass jdk/internal/loader/BuiltinClassLoader$1
instanceKlass java/util/Collections$EmptyEnumeration
instanceKlass java/util/Collections$EmptyIterator
instanceKlass java/util/ServiceLoader$3
instanceKlass java/util/ServiceLoader$2
instanceKlass java/util/ServiceLoader$LazyClassPathLookupIterator
instanceKlass java/util/Spliterators$1Adapter
instanceKlass java/util/function/Consumer
instanceKlass sun/reflect/annotation/AnnotationParser
instanceKlass java/lang/Class$3
instanceKlass java/util/EnumMap$1
instanceKlass java/util/stream/StreamOpFlag$MaskBuilder
instanceKlass java/util/stream/Stream
instanceKlass java/util/stream/BaseStream
instanceKlass java/util/stream/PipelineHelper
instanceKlass java/util/stream/StreamSupport
instanceKlass java/util/Spliterators$ArraySpliterator
instanceKlass java/util/Spliterator$OfDouble
instanceKlass java/util/Spliterator$OfLong
instanceKlass java/util/Spliterator$OfInt
instanceKlass java/util/Spliterator$OfPrimitive
instanceKlass java/util/Spliterator
instanceKlass java/util/Spliterators$EmptySpliterator
instanceKlass java/util/Spliterators
instanceKlass java/util/ServiceLoader$ModuleServicesLookupIterator
instanceKlass java/util/ServiceLoader
instanceKlass java/lang/System$LoggerFinder
instanceKlass jdk/internal/logger/BootstrapLogger$DetectBackend$1
instanceKlass jdk/internal/logger/BootstrapLogger$DetectBackend
instanceKlass jdk/internal/logger/BootstrapLogger
instanceKlass sun/util/logging/PlatformLogger$ConfigurableBridge
instanceKlass sun/util/logging/PlatformLogger$Bridge
instanceKlass java/lang/System$Logger
instanceKlass jdk/internal/logger/LazyLoggers$LazyLoggerFactories
instanceKlass jdk/internal/logger/LazyLoggers$1
instanceKlass java/util/function/BiFunction
instanceKlass jdk/internal/logger/LazyLoggers
instanceKlass sun/util/logging/PlatformLogger
instanceKlass java/util/Collections$SynchronizedMap
instanceKlass sun/awt/WeakIdentityHashMap
instanceKlass java/util/concurrent/locks/AbstractQueuedSynchronizer$ConditionObject
instanceKlass java/util/concurrent/locks/Condition
instanceKlass sun/awt/KeyboardFocusManagerPeerProvider
instanceKlass sun/awt/InputMethodSupport
instanceKlass sun/awt/ComponentFactory
instanceKlass sun/awt/PlatformGraphicsInfo
instanceKlass sun/invoke/util/Wrapper$1
instanceKlass java/lang/invoke/InnerClassLambdaMetafactory$1
instanceKlass java/awt/GraphicsEnvironment
instanceKlass java/awt/Insets
instanceKlass java/lang/invoke/LambdaFormEditor$1
instanceKlass java/awt/Toolkit$1
instanceKlass java/awt/Toolkit$2
instanceKlass jdk/internal/module/Checks
instanceKlass java/security/Security$2
instanceKlass jdk/internal/access/JavaSecurityPropertiesAccess
instanceKlass java/util/concurrent/ConcurrentHashMap$MapEntry
instanceKlass java/security/Security$1
instanceKlass java/security/Security
instanceKlass sun/security/util/SecurityProperties
instanceKlass sun/security/util/FilePermCompat
instanceKlass sun/security/util/SecurityConstants
instanceKlass java/util/ResourceBundle$ResourceBundleProviderHelper
instanceKlass java/util/ResourceBundle$3
instanceKlass java/util/ResourceBundle$CacheKeyReference
instanceKlass java/util/ResourceBundle$CacheKey
instanceKlass jdk/internal/org/objectweb/asm/ClassReader
instanceKlass java/lang/invoke/LambdaProxyClassArchive
instanceKlass java/lang/invoke/InfoFromMemberName
instanceKlass java/lang/invoke/MethodHandleInfo
instanceKlass jdk/internal/org/objectweb/asm/ConstantDynamic
instanceKlass jdk/internal/org/objectweb/asm/Handle
instanceKlass sun/security/action/GetBooleanAction
instanceKlass java/lang/invoke/AbstractValidatingLambdaMetafactory
instanceKlass java/lang/invoke/LambdaMetafactory
instanceKlass java/util/ResourceBundle$Control
instanceKlass java/util/ResourceBundle$1
instanceKlass jdk/internal/access/JavaUtilResourceBundleAccess
instanceKlass java/util/ResourceBundle
instanceKlass java/awt/Toolkit$4
instanceKlass sun/awt/AWTAccessor
instanceKlass java/awt/Toolkit$3
instanceKlass sun/awt/AWTAccessor$ToolkitAccessor
instanceKlass java/awt/Toolkit
instanceKlass sun/awt/OSInfo$1
instanceKlass java/lang/invoke/MethodHandles$1
instanceKlass java/lang/Long$LongCache
instanceKlass java/lang/invoke/MethodHandles$Lookup$ClassDefiner
instanceKlass java/lang/invoke/MethodHandles$Lookup$ClassFile
instanceKlass jdk/internal/org/objectweb/asm/Handler
instanceKlass jdk/internal/org/objectweb/asm/Attribute
instanceKlass jdk/internal/org/objectweb/asm/FieldVisitor
instanceKlass java/util/ArrayList$Itr
instanceKlass java/lang/invoke/InvokerBytecodeGenerator$ClassData
instanceKlass jdk/internal/org/objectweb/asm/AnnotationVisitor
instanceKlass jdk/internal/org/objectweb/asm/Frame
instanceKlass jdk/internal/org/objectweb/asm/Label
instanceKlass jdk/internal/org/objectweb/asm/Type
instanceKlass jdk/internal/org/objectweb/asm/MethodVisitor
instanceKlass sun/invoke/util/BytecodeDescriptor
instanceKlass jdk/internal/org/objectweb/asm/ByteVector
instanceKlass jdk/internal/org/objectweb/asm/Symbol
instanceKlass jdk/internal/org/objectweb/asm/SymbolTable
instanceKlass jdk/internal/org/objectweb/asm/ClassVisitor
instanceKlass java/lang/invoke/LambdaFormBuffer
instanceKlass java/lang/invoke/LambdaFormEditor$TransformKey
instanceKlass java/lang/invoke/LambdaFormEditor
instanceKlass java/lang/invoke/DirectMethodHandle$2
instanceKlass sun/invoke/empty/Empty
instanceKlass sun/invoke/util/VerifyType
instanceKlass java/lang/invoke/ClassSpecializer$Factory
instanceKlass java/lang/invoke/ClassSpecializer$SpeciesData
instanceKlass java/lang/invoke/ClassSpecializer$1
instanceKlass java/lang/invoke/ClassSpecializer
instanceKlass java/lang/invoke/BootstrapMethodInvoker
instanceKlass java/lang/invoke/Invokers$Holder
instanceKlass java/lang/invoke/DelegatingMethodHandle$Holder
instanceKlass java/lang/invoke/MethodHandleImpl$1
instanceKlass jdk/internal/access/JavaLangInvokeAccess
instanceKlass java/lang/invoke/InvokerBytecodeGenerator$2
instanceKlass java/lang/invoke/InvokerBytecodeGenerator
instanceKlass java/lang/invoke/LambdaForm$Holder
instanceKlass java/lang/invoke/LambdaForm$Name
instanceKlass java/lang/invoke/Invokers
instanceKlass java/lang/invoke/MethodHandleImpl
instanceKlass sun/invoke/util/ValueConversions
instanceKlass java/lang/invoke/DirectMethodHandle$Holder
instanceKlass java/lang/invoke/LambdaForm$NamedFunction
instanceKlass sun/invoke/util/Wrapper$Format
instanceKlass java/lang/invoke/MethodTypeForm
instanceKlass java/lang/invoke/MethodType$ConcurrentWeakInternSet
instanceKlass sun/awt/OSInfo$WindowsVersion
instanceKlass sun/awt/OSInfo
instanceKlass javax/swing/UIManager$LookAndFeelInfo
instanceKlass javax/swing/UIManager
instanceKlass java/util/Properties$LineReader
instanceKlass java/awt/image/ImageProducer
instanceKlass javax/swing/UIDefaults$ActiveValue
instanceKlass javax/accessibility/Accessible
instanceKlass java/awt/Component
instanceKlass java/awt/MenuContainer
instanceKlass java/awt/image/ImageObserver
instanceKlass javax/swing/plaf/UIResource
instanceKlass java/awt/Font
instanceKlass java/awt/image/ImageFilter
instanceKlass java/awt/image/ImageConsumer
instanceKlass javax/swing/Icon
instanceKlass javax/swing/PopupFactory
instanceKlass sun/net/www/MessageHeader
instanceKlass sun/net/www/protocol/jar/JarFileFactory
instanceKlass sun/net/www/protocol/jar/URLJarFile$URLJarFileCloseController
instanceKlass java/net/URLConnection
instanceKlass jdk/internal/jimage/ImageLocation
instanceKlass jdk/internal/jimage/decompressor/Decompressor
instanceKlass jdk/internal/jimage/ImageStringsReader
instanceKlass jdk/internal/jimage/ImageStrings
instanceKlass jdk/internal/jimage/ImageHeader
instanceKlass jdk/internal/jimage/NativeImageBuffer$1
instanceKlass jdk/internal/jimage/NativeImageBuffer
instanceKlass jdk/internal/jimage/BasicImageReader$1
instanceKlass jdk/internal/jimage/BasicImageReader
instanceKlass jdk/internal/jimage/ImageReader
instanceKlass jdk/internal/jimage/ImageReaderFactory$1
instanceKlass java/net/URI$Parser
instanceKlass java/nio/file/FileSystems$DefaultFileSystemHolder$1
instanceKlass java/nio/file/FileSystems$DefaultFileSystemHolder
instanceKlass java/nio/file/FileSystems
instanceKlass java/nio/file/Paths
instanceKlass jdk/internal/jimage/ImageReaderFactory
instanceKlass jdk/internal/module/SystemModuleFinders$SystemImage
instanceKlass jdk/internal/module/SystemModuleFinders$SystemModuleReader
instanceKlass java/lang/module/ModuleReader
instanceKlass jdk/internal/loader/BuiltinClassLoader$5
instanceKlass jdk/internal/loader/BuiltinClassLoader$2
instanceKlass jdk/internal/module/Resources
instanceKlass java/util/LinkedList$Node
instanceKlass java/nio/charset/CoderResult
instanceKlass java/util/TreeMap$PrivateEntryIterator
instanceKlass java/util/TreeMap$Entry
instanceKlass java/util/NavigableMap
instanceKlass java/util/SortedMap
instanceKlass java/util/NavigableSet
instanceKlass java/util/SortedSet
instanceKlass java/io/RandomAccessFile$1
instanceKlass javax/swing/LookAndFeel
instanceKlass org/foxesworld/kalitech/core/Theme
instanceKlass java/util/zip/Checksum$1
instanceKlass java/util/zip/CRC32
instanceKlass java/util/zip/Checksum
instanceKlass java/util/jar/Attributes$Name
instanceKlass java/util/jar/Attributes
instanceKlass sun/security/action/GetIntegerAction
instanceKlass sun/security/util/SignatureFileVerifier
instanceKlass java/util/zip/ZipFile$InflaterCleanupAction
instanceKlass java/util/zip/Inflater$InflaterZStreamRef
instanceKlass java/util/zip/Inflater
instanceKlass java/util/zip/ZipEntry
instanceKlass jdk/internal/util/jar/JarIndex
instanceKlass java/nio/Bits$1
instanceKlass jdk/internal/misc/VM$BufferPool
instanceKlass java/nio/Bits
instanceKlass sun/nio/ch/DirectBuffer
instanceKlass jdk/internal/perf/PerfCounter$CoreCounters
instanceKlass jdk/internal/perf/Perf
instanceKlass jdk/internal/perf/Perf$GetPerfAction
instanceKlass jdk/internal/perf/PerfCounter
instanceKlass java/nio/file/attribute/FileTime
instanceKlass java/util/zip/ZipUtils
instanceKlass java/util/zip/ZipFile$Source$End
instanceKlass java/io/RandomAccessFile$2
instanceKlass jdk/internal/access/JavaIORandomAccessFileAccess
instanceKlass java/io/RandomAccessFile
instanceKlass java/io/DataInput
instanceKlass java/io/DataOutput
instanceKlass sun/nio/fs/WindowsNativeDispatcher$CompletionStatus
instanceKlass sun/nio/fs/WindowsNativeDispatcher$AclInformation
instanceKlass sun/nio/fs/WindowsNativeDispatcher$Account
instanceKlass sun/nio/fs/WindowsNativeDispatcher$DiskFreeSpace
instanceKlass sun/nio/fs/WindowsNativeDispatcher$VolumeInformation
instanceKlass sun/nio/fs/WindowsNativeDispatcher$FirstStream
instanceKlass sun/nio/fs/WindowsNativeDispatcher$FirstFile
instanceKlass java/util/Enumeration
instanceKlass java/util/concurrent/ConcurrentHashMap$Traverser
instanceKlass java/util/concurrent/ConcurrentHashMap$CollectionView
instanceKlass jdk/internal/loader/NativeLibraries$NativeLibraryImpl
instanceKlass jdk/internal/loader/NativeLibrary
instanceKlass java/util/ArrayDeque$DeqIterator
instanceKlass jdk/internal/loader/NativeLibraries$1
instanceKlass sun/nio/cs/ArrayEncoder
instanceKlass jdk/internal/loader/NativeLibraries$LibraryPaths
instanceKlass sun/nio/fs/WindowsNativeDispatcher
instanceKlass sun/nio/fs/NativeBuffer$Deallocator
instanceKlass sun/nio/fs/NativeBuffer
instanceKlass java/lang/ThreadLocal$ThreadLocalMap
instanceKlass sun/nio/fs/NativeBuffers
instanceKlass sun/nio/fs/WindowsFileAttributes
instanceKlass java/nio/file/attribute/DosFileAttributes
instanceKlass sun/nio/fs/AbstractBasicFileAttributeView
instanceKlass sun/nio/fs/DynamicFileAttributeView
instanceKlass sun/nio/fs/WindowsFileAttributeViews
instanceKlass sun/nio/fs/Util
instanceKlass java/nio/file/attribute/BasicFileAttributeView
instanceKlass java/nio/file/attribute/FileAttributeView
instanceKlass java/nio/file/attribute/AttributeView
instanceKlass java/nio/file/Files
instanceKlass java/nio/file/CopyOption
instanceKlass java/nio/file/attribute/BasicFileAttributes
instanceKlass sun/nio/fs/WindowsPath
instanceKlass java/nio/file/Path
instanceKlass java/nio/file/Watchable
instanceKlass java/util/zip/ZipFile$Source$Key
instanceKlass sun/nio/fs/WindowsPathParser$Result
instanceKlass sun/nio/fs/WindowsPathParser
instanceKlass java/util/Collections$UnmodifiableCollection
instanceKlass java/util/Arrays$ArrayItr
instanceKlass java/nio/file/FileSystem
instanceKlass java/nio/file/OpenOption
instanceKlass java/nio/file/spi/FileSystemProvider
instanceKlass sun/nio/fs/DefaultFileSystemProvider
instanceKlass java/util/zip/ZipFile$Source
instanceKlass java/util/zip/ZipCoder
instanceKlass java/util/zip/ZipFile$CleanableResource
instanceKlass java/lang/Runtime$Version
instanceKlass java/util/jar/JavaUtilJarAccessImpl
instanceKlass jdk/internal/access/JavaUtilJarAccess
instanceKlass jdk/internal/loader/FileURLMapper
instanceKlass jdk/internal/loader/URLClassPath$JarLoader$1
instanceKlass java/util/zip/ZipFile$1
instanceKlass jdk/internal/access/JavaUtilZipFileAccess
instanceKlass java/util/zip/ZipFile
instanceKlass java/util/zip/ZipConstants
instanceKlass java/lang/Void
instanceKlass java/lang/PublicMethods$Key
instanceKlass java/lang/PublicMethods$MethodList
instanceKlass java/io/Reader
instanceKlass java/lang/Readable
instanceKlass org/foxesworld/kalitech/engine/KalitechLauncher
instanceKlass sun/security/util/Debug
instanceKlass java/security/SecureClassLoader$DebugHolder
instanceKlass java/security/PermissionCollection
instanceKlass java/security/SecureClassLoader$1
instanceKlass java/security/SecureClassLoader$CodeSourceKey
instanceKlass java/io/FileInputStream$1
instanceKlass sun/nio/ByteBuffered
instanceKlass jdk/internal/ref/CleanerImpl
instanceKlass java/lang/ref/Cleaner$1
instanceKlass java/lang/ref/Cleaner
instanceKlass jdk/internal/ref/CleanerFactory$1
instanceKlass java/util/concurrent/ThreadFactory
instanceKlass jdk/internal/ref/CleanerFactory
instanceKlass java/lang/ref/Cleaner$Cleanable
instanceKlass java/lang/Package$VersionInfo
instanceKlass java/lang/NamedPackage
instanceKlass jdk/internal/loader/Resource
instanceKlass jdk/internal/loader/URLClassPath$Loader
instanceKlass jdk/internal/loader/URLClassPath$3
instanceKlass java/security/PrivilegedExceptionAction
instanceKlass sun/util/locale/LocaleObjectCache
instanceKlass sun/util/locale/BaseLocale$Key
instanceKlass sun/util/locale/LocaleUtils
instanceKlass sun/util/locale/BaseLocale
instanceKlass java/util/Locale
instanceKlass sun/net/util/URLUtil
instanceKlass sun/launcher/LauncherHelper
instanceKlass java/lang/reflect/Array
instanceKlass java/lang/invoke/StringConcatFactory$3
instanceKlass java/lang/invoke/StringConcatFactory$2
instanceKlass java/lang/invoke/StringConcatFactory$1
instanceKlass java/lang/invoke/StringConcatFactory
instanceKlass java/lang/ModuleLayer$Controller
instanceKlass java/util/concurrent/CopyOnWriteArrayList
instanceKlass jdk/internal/module/ServicesCatalog$ServiceProvider
instanceKlass jdk/internal/loader/AbstractClassLoaderValue$Memoizer
instanceKlass java/util/ImmutableCollections$ListItr
instanceKlass java/util/ListIterator
instanceKlass java/lang/ModuleLayer
instanceKlass jdk/internal/module/ModuleLoaderMap$Modules
instanceKlass jdk/internal/module/ModuleLoaderMap$Mapper
instanceKlass java/util/function/Function
instanceKlass jdk/internal/module/ModuleLoaderMap
instanceKlass java/util/AbstractMap$1$1
instanceKlass java/lang/module/ResolvedModule
instanceKlass java/lang/module/Configuration
instanceKlass jdk/internal/loader/BuiltinClassLoader$LoadedModule
instanceKlass jdk/internal/loader/AbstractClassLoaderValue
instanceKlass jdk/internal/module/ServicesCatalog
instanceKlass jdk/internal/util/Preconditions
instanceKlass sun/net/util/IPAddressUtil
instanceKlass java/net/URLStreamHandler
instanceKlass java/util/HexFormat
instanceKlass sun/net/www/ParseUtil
instanceKlass java/net/URL$3
instanceKlass jdk/internal/access/JavaNetURLAccess
instanceKlass java/net/URL$DefaultFactory
instanceKlass java/net/URLStreamHandlerFactory
instanceKlass jdk/internal/loader/URLClassPath
instanceKlass java/security/Principal
instanceKlass java/security/ProtectionDomain$Key
instanceKlass java/security/ProtectionDomain$JavaSecurityAccessImpl
instanceKlass jdk/internal/access/JavaSecurityAccess
instanceKlass java/lang/ClassLoader$ParallelLoaders
instanceKlass java/security/cert/Certificate
instanceKlass jdk/internal/loader/ArchivedClassLoaders
instanceKlass java/util/Deque
instanceKlass java/util/Queue
instanceKlass jdk/internal/loader/ClassLoaderHelper
instanceKlass jdk/internal/loader/NativeLibraries
instanceKlass jdk/internal/loader/BootLoader
instanceKlass java/util/Optional
instanceKlass jdk/internal/module/SystemModuleFinders$SystemModuleFinder
instanceKlass java/lang/module/ModuleFinder
instanceKlass jdk/internal/module/SystemModuleFinders$3
instanceKlass jdk/internal/module/ModuleHashes$HashSupplier
instanceKlass jdk/internal/module/SystemModuleFinders$2
instanceKlass java/util/function/Supplier
instanceKlass java/lang/module/ModuleReference
instanceKlass jdk/internal/module/ModuleResolution
instanceKlass java/util/Collections$UnmodifiableMap
instanceKlass jdk/internal/module/ModuleHashes$Builder
instanceKlass jdk/internal/module/ModuleHashes
instanceKlass jdk/internal/module/ModuleTarget
instanceKlass java/util/ImmutableCollections$Set12$1
instanceKlass java/lang/Enum
instanceKlass java/lang/module/ModuleDescriptor$Version
instanceKlass java/lang/module/ModuleDescriptor$Provides
instanceKlass java/lang/module/ModuleDescriptor$Opens
instanceKlass java/util/ImmutableCollections$SetN$SetNIterator
instanceKlass java/lang/module/ModuleDescriptor$Exports
instanceKlass java/lang/module/ModuleDescriptor$Requires
instanceKlass jdk/internal/module/Builder
instanceKlass jdk/internal/module/SystemModules$default
instanceKlass jdk/internal/module/SystemModules
instanceKlass jdk/internal/module/SystemModulesMap
instanceKlass java/net/URI$1
instanceKlass jdk/internal/access/JavaNetUriAccess
instanceKlass java/net/URI
instanceKlass jdk/internal/module/SystemModuleFinders
instanceKlass jdk/internal/module/ArchivedModuleGraph
instanceKlass jdk/internal/module/ArchivedBootLayer
instanceKlass jdk/internal/module/ModuleBootstrap$Counters
instanceKlass jdk/internal/module/ModulePatcher
instanceKlass java/io/FileSystem
instanceKlass java/io/DefaultFileSystem
instanceKlass java/io/File
instanceKlass java/lang/module/ModuleDescriptor$1
instanceKlass jdk/internal/access/JavaLangModuleAccess
instanceKlass sun/invoke/util/VerifyAccess
instanceKlass java/lang/module/ModuleDescriptor
instanceKlass jdk/internal/module/ModuleBootstrap
instanceKlass java/lang/invoke/MethodHandleStatics
instanceKlass java/util/Collections
instanceKlass sun/io/Win32ErrorMode
instanceKlass jdk/internal/misc/OSEnvironment
instanceKlass jdk/internal/misc/Signal$NativeHandler
instanceKlass java/util/Hashtable$Entry
instanceKlass jdk/internal/misc/Signal
instanceKlass java/lang/Terminator$1
instanceKlass jdk/internal/misc/Signal$Handler
instanceKlass java/lang/Terminator
instanceKlass java/nio/ByteOrder
instanceKlass java/nio/Buffer$1
instanceKlass jdk/internal/access/JavaNioAccess
instanceKlass jdk/internal/misc/ScopedMemoryAccess
instanceKlass java/nio/charset/CharsetEncoder
instanceKlass sun/security/action/GetPropertyAction
instanceKlass java/io/Writer
instanceKlass java/io/OutputStream
instanceKlass java/io/Flushable
instanceKlass java/io/FileDescriptor$1
instanceKlass jdk/internal/access/JavaIOFileDescriptorAccess
instanceKlass java/io/FileDescriptor
instanceKlass jdk/internal/util/StaticProperty
instanceKlass java/util/HashMap$HashIterator
instanceKlass java/lang/Integer$IntegerCache
instanceKlass java/lang/CharacterData
instanceKlass java/lang/VersionProps
instanceKlass java/lang/StringConcatHelper
instanceKlass java/lang/StringCoding
instanceKlass java/nio/charset/CodingErrorAction
instanceKlass sun/nio/cs/SingleByte
instanceKlass java/lang/StringUTF16
instanceKlass sun/nio/cs/MS1251$Holder
instanceKlass sun/nio/cs/ArrayDecoder
instanceKlass java/nio/charset/CharsetDecoder
instanceKlass java/lang/reflect/Modifier
instanceKlass java/lang/Class$1
instanceKlass java/lang/Class$Atomic
instanceKlass java/lang/Class$ReflectionData
instanceKlass jdk/internal/util/ArraysSupport
instanceKlass java/nio/charset/StandardCharsets
instanceKlass sun/nio/cs/HistoricallyNamedCharset
instanceKlass java/util/Arrays
instanceKlass java/lang/ThreadLocal
instanceKlass java/nio/charset/spi/CharsetProvider
instanceKlass java/nio/charset/Charset
instanceKlass jdk/internal/misc/VM
instanceKlass jdk/internal/util/SystemProps$Raw
instanceKlass jdk/internal/util/SystemProps
instanceKlass java/lang/System$2
instanceKlass jdk/internal/access/JavaLangAccess
instanceKlass java/lang/ref/Reference$1
instanceKlass jdk/internal/access/JavaLangRefAccess
instanceKlass java/lang/ref/ReferenceQueue$Lock
instanceKlass java/lang/ref/ReferenceQueue
instanceKlass jdk/internal/reflect/ReflectionFactory
instanceKlass jdk/internal/reflect/ReflectionFactory$GetReflectionFactoryAction
instanceKlass java/security/PrivilegedAction
instanceKlass java/util/concurrent/locks/LockSupport
instanceKlass java/util/concurrent/ConcurrentHashMap$Node
instanceKlass java/util/concurrent/ConcurrentHashMap$CounterCell
instanceKlass java/util/concurrent/locks/ReentrantLock
instanceKlass java/util/concurrent/locks/Lock
instanceKlass java/lang/Runtime
instanceKlass java/util/HashMap$Node
instanceKlass java/util/KeyValueHolder
instanceKlass java/util/Map$Entry
instanceKlass java/util/ImmutableCollections$MapN$MapNIterator
instanceKlass java/lang/Math
instanceKlass jdk/internal/reflect/Reflection
instanceKlass java/lang/invoke/MethodHandles$Lookup
instanceKlass java/lang/StringLatin1
instanceKlass java/security/Permission
instanceKlass java/security/Guard
instanceKlass java/lang/invoke/MemberName$Factory
instanceKlass java/lang/invoke/MethodHandles
instanceKlass jdk/internal/access/SharedSecrets
instanceKlass java/lang/reflect/ReflectAccess
instanceKlass jdk/internal/access/JavaLangReflectAccess
instanceKlass java/util/ImmutableCollections
instanceKlass java/util/Objects
instanceKlass java/util/Set
instanceKlass jdk/internal/misc/CDS
instanceKlass java/lang/Module$ArchivedData
instanceKlass java/lang/String$CaseInsensitiveComparator
instanceKlass java/util/Comparator
instanceKlass java/io/ObjectStreamField
instanceKlass jdk/internal/vm/vector/VectorSupport$VectorPayload
instanceKlass jdk/internal/vm/vector/VectorSupport
instanceKlass java/lang/reflect/RecordComponent
instanceKlass java/util/Iterator
instanceKlass java/lang/Number
instanceKlass java/lang/Character
instanceKlass java/lang/Boolean
instanceKlass java/util/concurrent/locks/AbstractOwnableSynchronizer
instanceKlass java/lang/LiveStackFrame
instanceKlass java/lang/StackFrameInfo
instanceKlass java/lang/StackWalker$StackFrame
instanceKlass java/lang/StackStreamFactory$AbstractStackWalker
instanceKlass java/lang/StackWalker
instanceKlass java/nio/Buffer
instanceKlass java/lang/StackTraceElement
instanceKlass java/util/RandomAccess
instanceKlass java/util/List
instanceKlass java/util/AbstractCollection
instanceKlass java/util/Collection
instanceKlass java/lang/Iterable
instanceKlass java/util/concurrent/ConcurrentMap
instanceKlass java/util/AbstractMap
instanceKlass java/security/CodeSource
instanceKlass jdk/internal/loader/ClassLoaders
instanceKlass java/util/jar/Manifest
instanceKlass java/net/URL
instanceKlass java/io/InputStream
instanceKlass java/io/Closeable
instanceKlass java/lang/AutoCloseable
instanceKlass jdk/internal/module/Modules
instanceKlass jdk/internal/misc/Unsafe
instanceKlass jdk/internal/misc/UnsafeConstants
instanceKlass java/lang/AbstractStringBuilder
instanceKlass java/lang/Appendable
instanceKlass java/lang/AssertionStatusDirectives
instanceKlass java/lang/invoke/MethodHandleNatives$CallSiteContext
instanceKlass jdk/internal/invoke/NativeEntryPoint
instanceKlass java/lang/invoke/CallSite
instanceKlass java/lang/invoke/MethodType
instanceKlass java/lang/invoke/TypeDescriptor$OfMethod
instanceKlass java/lang/invoke/LambdaForm
instanceKlass java/lang/invoke/MethodHandleNatives
instanceKlass java/lang/invoke/ResolvedMethodName
instanceKlass java/lang/invoke/MemberName
instanceKlass java/lang/invoke/VarHandle
instanceKlass java/lang/invoke/MethodHandle
instanceKlass jdk/internal/reflect/CallerSensitive
instanceKlass java/lang/annotation/Annotation
instanceKlass jdk/internal/reflect/FieldAccessor
instanceKlass jdk/internal/reflect/ConstantPool
instanceKlass jdk/internal/reflect/ConstructorAccessor
instanceKlass jdk/internal/reflect/MethodAccessor
instanceKlass jdk/internal/reflect/MagicAccessorImpl
instanceKlass java/lang/reflect/Parameter
instanceKlass java/lang/reflect/Member
instanceKlass java/lang/reflect/AccessibleObject
instanceKlass java/lang/Module
instanceKlass java/util/Map
instanceKlass java/util/Dictionary
instanceKlass java/lang/ThreadGroup
instanceKlass java/lang/Thread$UncaughtExceptionHandler
instanceKlass java/lang/Thread
instanceKlass java/lang/Runnable
instanceKlass java/lang/ref/Reference
instanceKlass java/lang/Record
instanceKlass java/security/AccessController
instanceKlass java/security/AccessControlContext
instanceKlass java/security/ProtectionDomain
instanceKlass java/lang/SecurityManager
instanceKlass java/lang/Throwable
instanceKlass java/lang/System
instanceKlass java/lang/ClassLoader
instanceKlass java/lang/Cloneable
instanceKlass java/lang/Class
instanceKlass java/lang/invoke/TypeDescriptor$OfField
instanceKlass java/lang/invoke/TypeDescriptor
instanceKlass java/lang/reflect/Type
instanceKlass java/lang/reflect/GenericDeclaration
instanceKlass java/lang/reflect/AnnotatedElement
instanceKlass java/lang/String
instanceKlass java/lang/constant/ConstantDesc
instanceKlass java/lang/constant/Constable
instanceKlass java/lang/CharSequence
instanceKlass java/lang/Comparable
instanceKlass java/io/Serializable
ciInstanceKlass java/lang/Object 1 1 92 7 1 10 12 1 1 10 7 12 1 1 1 10 7 12 1 1 1 10 12 1 1 8 1 10 12 1 1 10 7 12 1 1 1 10 12 1 10 12 1 1 100 1 8 1 10 12 1 3 8 1 100 1 5 0 1 1 1 1 1 1 1 1 1 1 1 1 1 1 1 1 7 1 1 1 7 1 1 1 1 1 1 1 7 1 1 1 1 1 1 1
ciInstanceKlass java/lang/Class 1 1 1611 10 7 12 1 1 1 9 7 12 1 1 1 9 12 1 1 7 1 10 10 12 1 1 8 1 10 12 1 8 1 8 1 10 12 1 1 10 12 1 1 10 12 1 10 10 12 1 10 12 1 1 10 12 1 1 10 7 12 1 1 10 12 1 10 12 1 10 12 1 8 1 10 12 1 8 1 10 12 1 8 1 8 1 10 12 1 1 10 7 12 1 1 1 18 12 1 1 11 7 12 1 1 1 8 1 8 1 8 1 10 7 12 1 1 1 11 12 1 1 7 1 8 1 10 12 1 11 7 12 1 1 1 10 12 1 1 11 8 1 18 8 1 10 12 1 10 7 12 1 1 10 7 12 1 1 1 10 12 1 1 10 7 12 1 1 1 9 7 12 1 1 1 10 100 12 1 1 1 10 7 12 1 1 1 10 12 1 1 18 12 1 1 10 7 12 1 1 1 10 7 12 1 1 10 12 1 1 10 7 1 100 1 10 12 1 1 9 12 1 1 7 1 8 1 10 12 1 10 12 1 1 10 12 1 1 10 7 12 1 1 1 7 1 10 12 1 7 1 7 1 10 10 12 1 1 10 12 1 1 100 1 10 100 12 1 1 1 10 12 1 1 10 12 1 1 9 12 1 1 10 12 1 10 12 1 10 12 1 1 9 12 1 1 9 12 1 1 10 12 1 1 10 7 1 10 12 1 10 12 1 10 12 1 1 10 9 12 1 10 12 1 8 1 10 12 1 1 10 12 1 1 10 12 1 10 12 1 1 10 12 1 1 10 12 1 1 9 7 12 1 1 1 10 7 12 1 1 10 12 10 12 1 10 12 1 1 10 7 12 1 1 10 12 1 10 12 1 1 10 100 12 1 1 1 10 12 1 10 12 1 1 10 12 1 10 12 1 10 12 1 1 10 7 1 10 10 10 12 1 1 10 12 1 1 10 12 10 12 1 1 100 1 8 1 10 10 12 1 1 10 12 1 100 1 11 12 1 10 100 12 1 1 10 12 1 10 12 1 10 100 12 1 1 10 10 12 1 1 8 1 10 12 1 10 12 1 1 8 1 9 12 1 10 12 1 10 12 1 10 12 1 10 12 100 1 9 12 1 10 12 1 9 12 1 10 12 1 10 12 1 10 12 1 10 10 12 1 10 12 1 10 12 1 10 12 1 10 12 1 10 12 1 100 1 10 12 1 10 12 1 1 10 12 1 1 10 12 1 1 10 12 1 1 10 12 1 1 10 12 1 1 7 1 10 10 12 1 1 10 12 1 1 10 12 1 1 10 10 12 1 10 12 1 1 10 12 1 1 10 12 1 1 10 12 1 1 7 1 10 10 12 11 100 12 1 1 10 12 1 1 10 12 1 10 7 12 1 1 1 10 12 1 1 10 10 12 1 1 100 1 10 10 12 1 1 10 100 12 1 1 1 100 1 7 1 10 12 1 1 10 12 1 10 10 12 1 1 10 12 1 10 12 1 10 12 1 10 100 12 1 1 1 11 7 12 1 1 10 12 1 10 12 1 9 12 1 10 12 1 1 10 12 1 9 12 1 1 7 1 10 9 12 1 1 10 12 7 1 10 12 1 9 12 1 10 100 12 1 1 1 10 12 1 10 12 1 10 100 12 1 1 1 10 12 1 10 12 10 12 1 1 100 1 10 8 1 10 12 1 11 11 12 1 1 11 7 12 1 1 11 12 1 8 1 10 12 1 10 12 1 1 9 12 1 9 12 1 1 10 7 12 1 1 9 12 1 10 12 1 1 10 10 12 1 10 7 12 1 1 1 10 7 12 1 1 10 7 12 1 1 9 12 1 1 10 12 1 9 12 1 10 12 1 10 12 1 1 9 12 1 1 9 12 1 10 12 1 10 12 1 1 9 12 1 7 1 10 10 12 1 1 7 1 10 12 1 1 7 11 7 1 9 12 1 1 9 12 1 100 1 10 12 1 9 12 1 1 9 12 1 10 12 1 10 12 1 1 9 12 1 7 1 10 10 12 1 1 10 10 12 1 1 10 12 10 10 12 1 9 12 1 10 12 1 1 10 7 12 1 1 1 10 12 1 1 10 12 1 8 10 7 8 1 18 8 1 8 1 10 12 1 9 12 1 9 12 1 1 10 12 1 7 1 7 1 10 12 1 9 12 1 1 7 1 10 10 12 1 10 7 1 9 12 1 8 1 10 12 1 7 1 10 12 1 10 12 1 1 9 12 1 100 1 8 1 10 7 1 4 10 10 12 11 7 12 1 1 1 10 12 1 100 1 10 12 1 1 10 8 1 8 1 10 12 1 1 9 7 12 1 1 11 12 7 1 11 7 12 1 1 9 12 1 10 7 12 1 1 1 10 7 12 1 1 10 12 1 1 9 12 1 9 10 12 1 1 10 12 1 1 10 12 1 1 10 12 1 1 10 12 1 1 11 12 1 7 1 11 12 1 10 7 12 1 1 1 10 12 1 7 1 11 12 1 10 100 12 1 1 1 10 12 1 10 11 12 1 11 12 1 1 10 12 1 10 12 1 1 9 12 1 1 9 100 12 1 1 10 12 1 10 100 12 1 1 1 10 12 1 1 10 12 1 10 12 1 10 12 1 10 7 12 1 1 1 10 12 1 8 1 10 12 1 10 12 1 10 12 1 10 100 12 1 1 1 11 100 12 1 1 1 10 12 1 1 10 12 1 18 12 1 1 11 12 1 1 18 11 12 1 18 12 1 11 12 1 10 12 1 1 10 12 1 10 12 1 10 12 10 12 1 8 1 10 12 1 7 1 9 12 1 1 100 1 100 1 100 1 100 1 100 1 1 1 3 1 3 1 3 1 1 1 1 1 1 1 5 0 1 1 1 1 1 1 1 1 1 1 1 1 1 1 1 1 1 1 1 1 1 1 1 100 1 1 1 1 1 1 1 100 1 1 1 1 1 1 7 1 1 1 1 1 1 1 1 1 1 1 1 1 1 1 1 1 1 1 1 1 1 1 1 1 1 1 1 1 1 1 1 1 1 1 1 1 1 100 1 1 1 1 1 1 1 1 1 1 1 1 1 1 1 1 1 1 1 1 1 1 1 1 1 1 1 1 100 1 1 1 1 1 1 1 1 1 1 1 1 1 1 1 1 1 1 1 1 1 1 1 1 1 1 1 1 1 1 1 1 1 1 1 1 1 1 1 1 1 1 1 1 1 1 1 1 1 1 1 1 1 100 1 100 1 1 1 1 1 1 1 1 1 1 1 1 1 1 1 1 1 1 1 1 1 1 1 1 1 1 1 1 1 1 1 1 1 1 1 1 1 1 1 1 1 1 1 1 1 1 1 1 1 1 1 1 1 1 1 1 1 1 1 1 1 1 1 100 1 1 1 1 1 1 1 1 1 1 1 1 1 1 1 1 1 1 1 1 1 1 1 1 1 1 1 1 1 1 1 1 1 1 1 1 1 1 1 1 1 1 1 1 1 1 1 1 1 1 1 1 1 1 1 1 1 1 1 1 1 1 1 1 1 1 1 1 15 10 7 12 1 1 1 16 15 10 12 16 15 11 12 16 1 16 15 16 15 10 12 16 16 15 10 12 16 15 16 1 15 10 12 16 1 1 1 1 1 1 1 1 100 1 1 100 1 100 1 1 100 1 100 1 1
staticfield java/lang/Class EMPTY_CLASS_ARRAY [Ljava/lang/Class; 0 [Ljava/lang/Class;
staticfield java/lang/Class serialPersistentFields [Ljava/io/ObjectStreamField; 0 [Ljava/io/ObjectStreamField;
ciInstanceKlass java/io/Serializable 1 0 7 100 1 100 1 1 1
instanceKlass jdk/internal/vm/vector/VectorSupport$VectorShuffle
instanceKlass jdk/internal/vm/vector/VectorSupport$VectorMask
instanceKlass jdk/internal/vm/vector/VectorSupport$Vector
ciInstanceKlass jdk/internal/vm/vector/VectorSupport$VectorPayload 0 0 32 10 100 12 1 1 1 9 100 12 1 1 1 10 100 12 1 1 1 1 1 1 1 1 1 1 1 1 1 1 1 1
ciInstanceKlass jdk/internal/vm/vector/VectorSupport$VectorShuffle 0 0 28 10 100 12 1 1 1 100 1 1 1 1 1 1 1 1 1 1 1 1 1 1 1 100 1 1 1 1
ciInstanceKlass jdk/internal/vm/vector/VectorSupport$VectorMask 0 0 28 10 100 12 1 1 1 100 1 1 1 1 1 1 1 1 1 1 1 1 1 1 1 100 1 1 1 1
ciInstanceKlass jdk/internal/vm/vector/VectorSupport$Vector 0 0 28 10 100 12 1 1 1 100 1 1 1 1 1 1 1 1 1 1 1 1 1 1 1 100 1 1 1 1
ciInstanceKlass jdk/internal/vm/vector/VectorSupport 0 0 487 100 1 10 100 12 1 1 1 9 12 1 1 10 12 1 1 100 1 10 12 1 11 100 12 1 1 1 11 100 12 1 1 1 11 100 12 1 1 11 100 12 1 1 1 11 100 1 100 1 10 12 1 1 11 100 12 1 1 11 100 12 1 1 100 1 11 100 12 1 1 11 100 12 1 1 11 100 12 1 1 1 11 100 12 1 1 1 11 100 12 1 1 1 11 100 12 1 1 1 100 1 10 12 1 1 11 100 12 1 1 100 1 11 100 12 1 1 11 100 12 1 1 11 100 12 1 1 11 100 1 100 1 9 12 1 1 10 100 12 1 1 11 100 12 1 1 10 12 1 1 10 100 12 1 1 1 10 12 1 10 12 1 1 10 12 1 1 1 1 1 3 1 3 1 3 1 3 1 3 1 3 1 3 1 3 1 3 1 3 1 3 1 3 1 3 1 3 1 3 1 3 1 3 1 3 1 3 1 3 1 3 1 3 1 3 1 3 1 3 1 3 1 3 1 3 1 3 1 3 1 3 1 3 1 3 1 3 1 3 1 3 1 3 1 3 1 3 1 1 1 1 1 3 1 1 1 1 1 1 3 1 1 1 1 1 1 1 1 1 1 1 1 1 1 1 1 1 1 1 1 1 1 1 1 1 1 1 1 1 1 1 1 1 1 1 1 1 1 1 1 1 1 1 1 1 1 1 1 1 1 1 1 1 1 1 1 1 1 1 1 1 1 1 1 1 1 1 1 1 1 1 1 1 1 1 1 1 1 1 1 1 1 1 1 1 1 1 1 1 1 1 1 1 1 1 1 1 1 1 1 1 1 1 1 1 1 1 1 1 1 1 1 1 1 1 1 1 1 1 1 1 1 1 1 1 1 1 1 1 1 1 1 1 1 1 1 1 1 1 1 1 1 1 1 1 1 1 1 1 1 1 1 1 1 1 1 1 1 1 1 1 1 1 1 1 1 1 1 1 1 1 1 1 1 1 1 1 1 1 1 1 1 1 1 1 1 1 1 1 1 1 1 1 1 1 1 1 1 1 100 1 100 1 1 1 1 1 1 1 1 1 1 1 1 1 1 1 1 1 1 1 1 1 1 1 1
ciInstanceKlass java/lang/reflect/RecordComponent 0 0 196 10 100 12 1 1 1 9 100 12 1 1 1 9 12 1 1 9 12 1 10 12 1 1 10 12 1 1 10 100 12 1 1 1 10 12 1 1 9 12 1 1 10 12 1 1 10 12 1 1 10 12 1 10 100 12 1 1 10 100 12 1 1 9 12 1 1 10 100 12 1 1 1 11 100 12 1 1 1 10 9 100 12 1 1 1 10 100 12 1 1 1 9 12 1 1 10 100 12 1 1 1 10 12 1 1 11 100 12 1 1 10 100 12 1 1 100 1 9 12 1 9 12 1 1 9 12 1 10 100 12 1 1 1 10 12 1 1 10 12 1 1 100 1 10 10 12 1 10 12 1 1 8 1 10 12 1 10 12 1 9 12 1 100 1 1 1 1 1 1 1 1 1 1 1 1 1 1 1 1 1 1 1 1 1 1 100 1 1 1 1 1 1 100 1 1
ciInstanceKlass java/util/Iterator 1 1 53 100 1 8 1 10 12 1 1 10 7 12 1 1 1 11 7 12 1 1 1 11 12 1 1 11 7 12 1 1 1 100 1 1 1 1 1 1 1 1 1 1 1 1 1 1 1 1 1 1 1 1 1
ciInstanceKlass java/lang/System 1 1 803 10 100 12 1 1 1 9 7 12 1 1 1 10 12 1 10 12 1 1 10 12 1 1 10 12 1 9 12 1 1 10 7 12 1 1 1 11 100 12 1 1 1 10 100 12 1 1 1 10 12 1 1 10 12 1 1 100 1 8 1 10 12 1 10 100 12 1 1 1 10 7 12 1 1 1 18 12 1 1 10 100 12 1 1 1 100 1 10 12 1 1 10 100 12 1 1 1 10 12 1 10 7 12 1 1 1 9 100 12 1 1 1 10 100 12 1 1 1 11 7 12 1 1 1 10 12 1 1 10 7 12 1 1 1 100 1 10 10 12 1 1 8 1 10 12 1 8 1 10 12 1 9 12 1 1 8 1 10 7 12 1 1 1 10 12 1 1 100 1 8 1 10 9 12 1 1 8 1 10 12 1 1 10 100 12 1 1 1 8 1 10 12 1 100 1 10 12 1 8 1 10 12 1 10 12 1 1 100 1 10 12 10 12 1 9 12 1 1 9 12 1 1 10 7 12 1 1 1 10 7 12 1 1 1 10 12 1 1 10 12 1 10 12 1 10 7 12 1 1 1 10 12 1 100 1 100 1 8 1 10 12 1 10 12 1 1 7 1 10 12 1 100 1 8 1 10 10 12 1 100 1 8 1 10 8 1 10 7 12 1 1 8 1 10 12 100 1 8 1 10 10 12 1 1 10 7 12 1 1 1 100 1 18 12 1 100 1 9 100 12 1 1 1 10 12 1 100 1 10 12 1 1 10 12 1 1 10 7 12 1 1 1 10 12 1 1 10 12 1 10 12 1 10 12 1 1 10 12 1 7 1 10 12 1 10 12 1 100 1 10 12 1 10 7 12 1 1 1 100 1 8 1 10 9 12 1 9 12 1 10 12 1 10 100 12 1 1 10 12 1 10 12 1 1 8 1 10 12 1 1 8 1 11 12 1 10 12 11 12 1 1 11 7 12 1 1 1 11 7 12 1 1 11 12 1 1 7 1 11 12 1 10 12 1 8 1 10 12 1 1 8 1 8 1 8 1 8 1 11 12 1 10 12 1 10 12 1 10 12 1 10 7 12 1 1 8 1 7 1 9 7 12 1 1 1 10 12 1 7 1 9 12 10 9 12 7 1 10 12 8 1 10 12 1 1 8 1 10 7 12 1 1 10 12 1 10 7 12 1 1 1 10 12 1 1 10 7 12 1 1 1 10 12 10 7 12 1 1 1 9 12 1 1 100 1 8 1 10 12 1 1 10 7 12 1 1 1 7 1 10 12 1 1 8 1 10 8 1 8 1 8 1 8 1 10 10 7 12 1 1 10 12 1 1 10 12 1 1 10 12 1 1 10 12 1 10 100 12 1 1 1 10 100 1 8 1 10 10 10 12 1 1 10 12 1 1 8 1 10 12 1 8 1 10 12 1 10 12 1 1 7 1 10 10 12 1 10 12 1 9 12 1 1 1 3 1 3 1 1 1 1 1 1 1 1 1 1 1 1 100 1 1 100 1 1 1 1 1 1 1 1 1 1 1 100 1 100 1 1 1 1 1 1 1 1 1 1 1 1 1 1 1 1 1 1 1 1 1 1 1 1 1 1 1 1 1 1 1 1 1 1 1 1 1 1 1 1 1 1 1 1 1 1 1 1 1 1 1 1 1 1 1 1 1 1 100 1 1 1 1 1 1 1 1 1 1 1 1 1 1 1 1 1 1 1 1 1 1 1 1 1 1 1 1 1 1 1 1 1 100 1 1 15 10 100 12 1 1 1 16 15 10 12 1 1 16 15 10 12 16 1 1 1 1 1 1 1 100 1 100 1 1
staticfield java/lang/System in Ljava/io/InputStream; java/io/BufferedInputStream
staticfield java/lang/System out Ljava/io/PrintStream; java/io/PrintStream
staticfield java/lang/System err Ljava/io/PrintStream; java/io/PrintStream
instanceKlass com/oracle/truffle/host/HostClassLoader
instanceKlass jdk/internal/reflect/DelegatingClassLoader
instanceKlass java/security/SecureClassLoader
ciInstanceKlass java/lang/ClassLoader 1 1 1098 9 7 12 1 1 1 10 7 12 1 1 1 9 12 1 1 10 7 12 1 1 1 7 1 10 12 1 1 10 12 1 1 9 12 1 1 10 12 1 1 100 1 10 12 1 10 12 1 1 10 7 12 1 1 1 100 1 8 1 10 12 1 10 7 12 1 1 1 10 100 12 1 10 7 1 10 7 1 7 1 7 1 10 12 1 10 12 1 9 12 1 1 10 10 7 12 1 1 1 9 12 1 1 9 12 1 9 12 1 1 9 12 1 9 12 1 1 9 12 1 1 7 1 10 12 1 9 12 1 1 10 12 1 1 10 7 12 1 1 1 9 12 1 9 12 1 1 9 12 1 10 12 1 1 9 12 10 12 1 1 7 1 10 8 1 10 12 1 1 10 12 1 10 7 1 7 1 10 12 1 1 10 7 12 1 1 1 8 1 10 12 1 10 12 1 10 12 1 1 10 12 1 1 10 12 1 1 10 12 1 1 10 12 1 1 10 12 1 7 1 10 12 1 10 100 12 1 1 1 10 12 1 1 10 12 1 10 12 1 10 12 1 10 12 1 10 12 1 1 10 10 12 1 10 12 1 10 100 12 1 1 10 12 1 1 10 12 1 1 10 12 1 100 1 10 12 1 100 1 10 12 1 10 100 12 1 1 1 10 10 12 1 1 10 12 1 1 100 1 8 1 10 8 1 10 12 1 10 12 1 100 1 8 1 10 12 1 1 10 12 1 1 10 10 12 1 1 10 12 1 1 10 12 1 1 10 7 1 10 12 1 1 10 12 1 1 10 12 1 1 10 12 1 1 10 12 1 1 10 12 1 1 10 12 1 10 7 12 1 1 1 10 12 1 10 12 1 10 12 1 1 10 12 1 10 12 1 10 12 1 10 12 1 1 10 12 1 10 12 1 1 8 1 9 12 1 10 12 1 1 8 1 8 1 10 7 12 1 1 100 1 10 10 12 10 12 1 10 12 1 10 12 1 10 12 1 1 10 7 12 1 1 10 12 1 10 7 1 7 1 10 12 1 1 10 12 1 10 7 1 10 12 1 100 1 18 12 1 10 100 12 1 1 1 10 100 12 1 1 1 10 7 12 1 1 10 12 1 1 10 12 1 10 12 1 1 7 1 10 12 1 10 12 1 1 10 7 12 1 1 10 12 1 8 1 100 1 10 10 12 1 9 12 1 10 7 12 1 1 10 12 1 100 1 8 1 10 12 1 10 8 1 8 1 10 12 1 1 10 12 1 1 10 12 1 1 10 100 12 1 1 1 100 1 100 1 10 12 1 1 100 1 100 1 10 100 12 1 1 10 12 1 10 12 1 1 10 12 1 10 12 1 1 10 12 1 1 9 100 12 1 1 1 10 12 1 1 10 12 1 10 12 1 10 12 1 1 10 12 1 8 1 10 12 1 7 1 18 12 1 1 10 12 1 1 10 12 1 10 12 1 10 12 1 8 1 10 12 1 10 12 1 18 12 1 11 7 12 1 1 1 100 1 10 12 1 1 10 12 1 10 11 12 1 1 10 18 10 12 1 1 11 7 12 1 18 12 1 11 12 1 1 10 12 10 12 1 1 10 12 1 1 100 1 8 1 10 10 12 1 8 1 8 1 10 100 12 1 1 10 12 1 100 1 10 10 12 1 8 1 8 1 8 1 10 12 1 10 12 1 1 10 12 1 10 100 12 1 1 1 11 100 12 1 1 100 1 10 11 10 12 1 10 12 1 10 12 1 1 9 100 12 1 1 9 12 1 1 9 12 9 12 1 9 12 1 9 12 1 8 10 12 1 1 10 7 12 1 1 1 10 12 1 1 10 12 1 1 10 12 1 10 10 12 1 11 12 1 1 10 100 12 1 1 1 100 1 10 12 1 10 12 1 10 12 1 1 1 1 1 1 1 1 1 1 1 1 1 1 1 1 1 1 1 1 1 1 1 1 1 1 1 1 100 1 1 1 1 1 1 1 1 1 1 1 1 1 1 1 1 1 1 1 1 1 100 1 1 1 1 1 1 1 1 1 1 7 1 1 1 1 1 1 1 1 1 1 1 1 1 1 1 1 1 1 1 1 1 1 1 1 1 1 1 1 1 1 1 1 1 1 1 1 1 1 1 1 1 100 1 1 1 1 1 1 1 1 1 1 1 1 1 1 1 1 1 1 100 1 1 1 1 1 1 1 1 1 1 1 1 1 1 1 1 1 1 1 1 1 1 1 1 1 1 1 1 1 1 1 1 1 1 1 1 1 1 1 1 1 1 1 1 1 1 1 1 1 1 1 100 1 1 1 1 1 1 1 1 1 1 1 1 1 1 1 1 1 1 1 1 1 1 1 1 1 1 1 1 1 1 1 1 1 1 1 1 1 1 1 1 1 1 1 1 1 1 15 10 7 12 1 1 1 16 1 15 10 12 16 1 16 15 10 12 16 1 16 1 15 10 12 16 15 10 12 16 15 10 12 16 1 1 100 1 100 1 1
staticfield java/lang/ClassLoader nocerts [Ljava/security/cert/Certificate; 0 [Ljava/security/cert/Certificate;
staticfield java/lang/ClassLoader $assertionsDisabled Z 1
ciInstanceKlass jdk/internal/reflect/DelegatingClassLoader 1 1 18 10 7 12 1 1 1 100 1 1 1 1 1 1 1 1 1 1
instanceKlass com/oracle/truffle/host/HostAdapterClassLoader$GeneratedClassLoader
instanceKlass jdk/internal/loader/Loader
instanceKlass java/net/URLClassLoader
instanceKlass sun/reflect/misc/MethodUtil
instanceKlass jdk/internal/loader/BuiltinClassLoader
ciInstanceKlass java/security/SecureClassLoader 1 1 102 10 7 12 1 1 1 7 1 10 12 1 9 7 12 1 1 1 10 12 1 10 12 1 10 12 1 1 10 12 1 1 10 12 1 7 1 10 7 1 10 12 1 7 1 10 12 1 11 7 12 1 1 1 7 1 11 12 1 10 12 1 1 1 1 1 1 1 1 1 1 1 1 1 1 1 1 1 1 1 1 1 1 1 1 1 1 1 1 1 1 1 1 1 1 1 1 100 1 1 1 1
instanceKlass jdk/internal/loader/ClassLoaders$BootClassLoader
instanceKlass jdk/internal/loader/ClassLoaders$PlatformClassLoader
instanceKlass jdk/internal/loader/ClassLoaders$AppClassLoader
ciInstanceKlass jdk/internal/loader/BuiltinClassLoader 1 1 737 9 7 12 1 1 1 10 7 12 1 1 1 10 7 12 1 1 1 9 12 1 1 9 12 1 1 7 1 10 12 1 9 12 1 10 12 1 9 12 1 10 7 12 1 1 1 10 7 12 1 1 1 10 7 12 1 1 1 11 7 12 1 1 1 100 1 100 1 10 10 12 1 1 8 1 10 12 1 10 12 7 1 10 12 1 10 12 1 1 11 7 12 1 1 1 11 7 12 1 1 1 11 12 1 1 7 1 8 1 8 1 10 9 12 1 1 10 7 12 1 1 11 12 1 1 10 12 1 1 10 12 1 1 10 12 1 1 10 7 12 1 1 1 10 12 1 10 7 12 1 1 1 10 12 1 1 11 7 12 1 1 1 10 7 12 1 1 7 1 10 7 12 1 1 1 10 12 1 100 1 8 1 10 12 1 1 10 8 1 10 12 1 1 10 12 1 1 10 12 1 1 11 7 12 1 1 11 12 1 7 1 10 11 12 1 1 11 10 12 1 1 7 1 10 12 1 10 7 12 1 10 12 1 7 1 10 12 1 10 7 12 1 1 1 100 1 10 12 1 1 11 12 1 7 1 100 1 10 12 1 10 12 1 1 100 1 100 1 10 12 1 10 12 1 18 12 1 1 10 12 1 10 12 1 1 18 100 1 10 7 12 1 1 1 7 1 10 10 12 1 1 10 12 1 1 10 12 1 1 10 12 1 9 12 1 1 100 1 10 10 12 1 1 10 12 1 1 10 12 1 10 12 10 12 1 1 10 12 1 1 10 12 1 1 10 12 1 10 12 1 1 18 12 1 7 1 10 12 1 1 10 12 1 10 12 1 1 10 12 1 100 1 10 12 1 7 1 10 12 1 10 7 12 1 1 1 10 12 1 11 12 1 7 1 10 12 1 7 1 100 1 10 12 1 10 12 1 11 12 1 1 10 12 1 1 10 12 1 1 10 12 1 1 10 12 1 1 10 12 1 10 12 1 10 12 1 10 12 1 8 1 10 12 1 1 10 7 12 1 1 10 12 1 100 1 8 1 8 1 10 10 12 1 8 1 8 1 10 7 12 1 1 1 11 7 12 1 1 1 9 7 12 1 1 1 10 7 12 1 1 1 9 12 1 9 12 1 9 12 1 9 12 1 9 12 1 9 12 1 10 7 12 1 1 1 8 1 10 12 1 7 1 10 12 1 1 10 12 1 7 1 10 11 12 1 1 10 12 10 12 1 10 12 1 100 1 10 12 1 10 12 1 10 10 12 1 10 7 12 1 1 8 1 10 7 12 1 1 10 12 1 1 1 1 1 1 1 1 1 1 1 1 1 1 1 1 1 1 1 1 1 1 1 1 1 1 1 1 1 1 1 1 1 1 1 1 1 1 1 1 1 1 1 1 1 1 1 1 1 1 1 1 1 1 1 1 100 1 1 1 1 1 1 1 1 1 1 1 1 1 1 1 1 1 1 100 1 100 1 1 1 1 1 1 1 1 1 1 1 1 1 1 1 1 1 1 1 1 1 1 1 1 1 1 1 1 1 1 1 1 1 1 1 1 1 1 1 1 1 1 1 1 1 1 1 1 1 1 1 100 1 1 15 10 100 12 1 1 1 16 15 10 12 16 15 10 12 16 15 10 12 16 1 1 1 100 1 1 1 1 1 100 1 100 1 1
staticfield jdk/internal/loader/BuiltinClassLoader packageToModule Ljava/util/Map; java/util/concurrent/ConcurrentHashMap
staticfield jdk/internal/loader/BuiltinClassLoader $assertionsDisabled Z 1
ciInstanceKlass java/security/AccessController 1 1 295 10 100 12 1 1 1 10 7 12 1 1 1 10 7 12 1 1 1 10 12 1 1 10 12 1 1 10 7 12 1 1 1 10 12 1 1 10 12 1 10 12 1 1 10 12 1 100 1 8 1 10 12 1 10 12 1 10 12 1 1 10 12 1 7 1 7 1 10 12 1 1 10 12 1 10 12 1 10 12 1 1 10 7 12 1 1 1 10 12 1 1 9 100 12 1 1 1 10 100 12 1 1 1 10 12 1 10 12 1 9 100 12 1 1 1 10 12 1 10 12 1 1 9 12 1 1 10 100 1 10 11 7 12 1 1 1 10 7 12 1 1 11 7 1 7 1 10 12 1 10 12 1 10 12 1 8 1 10 12 1 1 8 1 10 100 12 1 1 1 8 1 100 1 10 10 12 1 1 10 12 1 10 7 12 1 1 1 10 12 1 8 1 10 100 12 1 1 8 1 8 1 10 12 1 8 1 10 12 1 10 12 1 1 10 12 1 1 1 1 1 1 1 1 1 1 1 1 1 1 1 1 1 1 1 1 1 1 1 1 1 1 1 1 100 1 1 1 1 1 1 1 1 1 1 1 1 1 1 1 1 1 1 1 1 1 1 1 1 1 1 1 1 1 1 1 1 1 1 100 1 100 1 1 1 1 1 1 1 1 1 3 1 1 1
staticfield java/security/AccessController $assertionsDisabled Z 1
instanceKlass jdk/internal/reflect/GeneratedConstructorAccessor23
instanceKlass jdk/internal/reflect/GeneratedConstructorAccessor22
instanceKlass jdk/internal/reflect/GeneratedConstructorAccessor21
instanceKlass jdk/internal/reflect/GeneratedConstructorAccessor20
instanceKlass jdk/internal/reflect/GeneratedConstructorAccessor19
instanceKlass jdk/internal/reflect/GeneratedConstructorAccessor18
instanceKlass jdk/internal/reflect/GeneratedConstructorAccessor17
instanceKlass jdk/internal/reflect/GeneratedConstructorAccessor16
instanceKlass jdk/internal/reflect/GeneratedConstructorAccessor15
instanceKlass jdk/internal/reflect/GeneratedConstructorAccessor14
instanceKlass jdk/internal/reflect/GeneratedConstructorAccessor13
instanceKlass jdk/internal/reflect/GeneratedConstructorAccessor12
instanceKlass jdk/internal/reflect/GeneratedConstructorAccessor11
instanceKlass jdk/internal/reflect/GeneratedConstructorAccessor10
instanceKlass jdk/internal/reflect/GeneratedConstructorAccessor9
instanceKlass jdk/internal/reflect/GeneratedConstructorAccessor8
instanceKlass jdk/internal/reflect/GeneratedConstructorAccessor7
instanceKlass jdk/internal/reflect/GeneratedConstructorAccessor6
instanceKlass jdk/internal/reflect/GeneratedConstructorAccessor5
instanceKlass jdk/internal/reflect/GeneratedConstructorAccessor4
instanceKlass jdk/internal/reflect/GeneratedConstructorAccessor3
instanceKlass jdk/internal/reflect/GeneratedConstructorAccessor2
instanceKlass jdk/internal/reflect/BootstrapConstructorAccessorImpl
instanceKlass jdk/internal/reflect/GeneratedConstructorAccessor1
instanceKlass jdk/internal/reflect/DelegatingConstructorAccessorImpl
instanceKlass jdk/internal/reflect/NativeConstructorAccessorImpl
ciInstanceKlass jdk/internal/reflect/ConstructorAccessorImpl 1 1 27 10 7 12 1 1 1 100 1 100 1 1 1 1 1 1 1 1 1 100 1 100 1 100 1 1 1
instanceKlass jdk/internal/reflect/FieldAccessorImpl
instanceKlass jdk/internal/reflect/ConstructorAccessorImpl
instanceKlass jdk/internal/reflect/MethodAccessorImpl
ciInstanceKlass jdk/internal/reflect/MagicAccessorImpl 1 1 16 10 7 12 1 1 1 100 1 1 1 1 1 1 1 1
instanceKlass jdk/internal/reflect/GeneratedMethodAccessor19
instanceKlass jdk/internal/reflect/GeneratedMethodAccessor18
instanceKlass jdk/internal/reflect/GeneratedMethodAccessor17
instanceKlass jdk/internal/reflect/GeneratedMethodAccessor16
instanceKlass jdk/internal/reflect/GeneratedMethodAccessor15
instanceKlass jdk/internal/reflect/GeneratedMethodAccessor14
instanceKlass jdk/internal/reflect/GeneratedMethodAccessor13
instanceKlass jdk/internal/reflect/GeneratedMethodAccessor12
instanceKlass jdk/internal/reflect/GeneratedMethodAccessor11
instanceKlass jdk/internal/reflect/GeneratedMethodAccessor10
instanceKlass jdk/internal/reflect/GeneratedMethodAccessor9
instanceKlass jdk/internal/reflect/GeneratedMethodAccessor8
instanceKlass jdk/internal/reflect/GeneratedMethodAccessor7
instanceKlass jdk/internal/reflect/GeneratedMethodAccessor6
instanceKlass jdk/internal/reflect/GeneratedMethodAccessor5
instanceKlass jdk/internal/reflect/GeneratedMethodAccessor4
instanceKlass jdk/internal/reflect/GeneratedMethodAccessor3
instanceKlass jdk/internal/reflect/GeneratedMethodAccessor2
instanceKlass jdk/internal/reflect/GeneratedMethodAccessor1
instanceKlass jdk/internal/reflect/DelegatingMethodAccessorImpl
instanceKlass jdk/internal/reflect/NativeMethodAccessorImpl
ciInstanceKlass jdk/internal/reflect/MethodAccessorImpl 1 1 25 10 7 12 1 1 1 100 1 100 1 1 1 1 1 1 1 1 1 100 1 100 1 1 1
ciInstanceKlass java/lang/Module 1 1 959 10 7 12 1 1 1 9 7 12 1 1 1 10 7 12 1 1 1 9 12 1 9 12 1 1 9 12 1 1 10 12 1 1 10 12 1 10 12 1 1 10 7 12 1 1 1 7 1 10 7 12 1 1 1 10 12 1 1 11 7 12 1 1 1 10 12 1 1 10 7 12 1 1 1 10 12 1 1 10 7 12 1 1 1 9 100 12 1 1 1 10 100 12 1 1 1 10 12 1 8 1 10 7 12 1 1 1 10 7 12 1 1 1 9 12 1 1 9 12 1 1 10 12 1 9 12 1 1 11 12 1 9 7 12 1 1 10 7 12 1 1 1 10 7 12 1 1 1 10 12 1 1 100 1 7 1 10 10 12 1 1 8 1 10 12 1 10 12 10 12 1 10 12 1 1 10 12 1 1 10 12 1 1 9 7 12 1 1 1 10 12 1 1 10 12 1 1 9 12 1 10 12 1 10 12 1 9 12 1 1 11 7 12 1 1 10 12 1 1 9 12 1 9 12 1 10 12 1 10 12 1 100 1 8 1 10 10 12 1 1 10 12 1 8 1 10 12 1 1 8 1 8 1 10 12 1 1 10 12 1 10 12 1 1 18 12 1 1 10 12 1 1 11 12 1 9 12 1 11 12 10 100 12 1 1 100 1 8 1 10 7 1 11 12 1 1 10 12 1 10 12 1 10 12 1 1 11 12 1 1 11 7 12 1 1 11 12 1 1 9 12 1 11 12 1 10 12 1 1 10 12 1 1 9 12 1 10 12 10 7 12 1 1 10 7 12 1 1 10 7 1 18 12 1 1 11 7 12 1 1 1 18 12 1 11 12 1 1 10 7 12 1 1 1 11 12 1 1 10 7 12 1 1 4 7 1 11 12 1 7 1 7 1 10 10 7 12 1 1 1 10 11 7 12 1 8 1 10 10 12 1 1 10 7 12 1 1 10 12 1 10 12 1 7 1 10 12 1 10 11 12 1 1 10 12 10 12 1 1 9 12 1 100 1 10 10 12 1 1 11 7 1 10 12 1 1 11 12 1 10 10 12 1 11 10 12 1 1 10 12 1 1 10 12 1 1 10 7 12 1 1 10 12 1 10 12 1 1 10 10 12 1 1 10 12 1 18 12 1 11 12 1 18 12 1 10 12 1 10 12 1 10 12 7 1 10 12 1 10 12 1 10 12 1 9 12 1 7 1 10 10 10 10 12 1 10 12 1 10 12 1 10 12 1 1 10 12 1 1 10 12 1 9 12 1 18 12 1 1 10 100 12 1 1 1 100 1 8 1 10 12 1 1 10 12 1 1 10 100 12 1 1 100 1 10 12 1 1 100 1 8 1 100 1 10 100 1 100 1 3 10 12 1 100 1 10 12 1 10 12 1 1 10 12 1 1 100 1 10 12 1 10 12 1 1 100 1 100 1 10 12 8 1 10 12 1 1 10 12 1 1 10 7 12 1 1 10 12 1 1 10 12 1 10 12 10 12 1 1 100 1 10 10 12 1 1 10 100 12 1 1 1 100 1 8 1 10 12 1 1 10 100 12 1 1 8 1 10 12 1 8 1 10 12 1 10 12 10 12 1 8 1 10 10 7 12 1 1 7 1 10 10 12 1 10 7 12 1 1 9 12 1 9 12 1 9 12 1 9 12 1 10 12 11 12 1 10 12 1 100 1 1 1 1 1 1 1 1 1 1 1 1 1 1 1 1 100 1 1 1 1 1 1 1 1 1 1 1 1 1 1 1 1 1 1 1 1 1 1 1 1 1 1 1 1 1 1 1 1 1 1 1 1 1 1 1 1 1 1 1 1 1 1 1 1 1 1 1 1 1 1 1 1 1 1 1 1 1 1 1 1 1 1 1 1 1 1 1 1 1 1 1 1 1 1 1 1 1 1 1 100 100 1 1 1 1 1 1 1 1 1 1 1 1 1 1 1 1 1 1 1 1 1 1 1 1 1 1 1 1 1 1 1 1 1 1 100 1 100 1 100 1 1 1 1 1 1 1 1 1 1 1 1 1 1 1 1 1 1 1 1 1 1 1 1 1 1 1 1 15 10 7 12 1 1 1 16 15 10 12 16 16 15 10 12 16 16 15 10 16 1 15 10 12 16 1 15 10 12 16 1 16 15 10 12 16 1 1 1 1 1 1 1 100 1 100 1 1
staticfield java/lang/Module ALL_UNNAMED_MODULE Ljava/lang/Module; java/lang/Module
staticfield java/lang/Module ALL_UNNAMED_MODULE_SET Ljava/util/Set; java/util/ImmutableCollections$Set12
staticfield java/lang/Module EVERYONE_MODULE Ljava/lang/Module; java/lang/Module
staticfield java/lang/Module EVERYONE_SET Ljava/util/Set; java/util/ImmutableCollections$Set12
staticfield java/lang/Module $assertionsDisabled Z 1
ciInstanceKlass java/util/ArrayList 1 1 492 10 7 12 1 1 1 7 1 9 7 12 1 1 1 9 12 1 100 1 100 1 10 8 1 10 12 1 1 10 12 1 10 12 1 1 10 12 1 9 12 1 11 7 12 1 1 1 9 12 1 1 10 12 1 1 7 10 7 12 1 1 1 9 12 1 10 12 1 10 12 1 1 10 7 12 1 1 1 10 7 12 1 1 1 10 12 1 1 10 12 1 1 10 12 1 1 10 12 1 10 12 1 1 100 1 100 1 10 12 1 10 7 12 1 1 1 10 7 12 1 1 10 12 1 10 12 10 12 1 1 10 12 1 1 10 12 1 1 7 1 10 12 1 1 10 12 1 1 10 12 1 100 1 10 11 12 1 1 11 100 12 1 1 1 11 12 1 10 12 1 10 12 1 10 12 1 1 100 1 10 12 1 1 10 10 12 1 1 10 12 1 8 1 8 1 8 1 8 1 10 12 1 1 10 12 1 1 11 12 1 100 1 10 100 12 1 1 10 12 1 10 12 1 1 10 100 12 1 1 10 12 1 10 100 12 1 1 1 11 100 12 1 1 1 10 12 1 100 1 8 1 10 7 1 10 12 1 7 1 10 12 1 10 12 1 1 7 1 10 12 1 10 12 1 1 11 7 12 1 1 7 1 10 12 1 10 12 1 1 11 7 12 1 1 10 12 1 1 10 12 1 1 10 12 1 1 10 12 1 1 11 100 12 1 1 10 12 1 1 100 1 100 1 100 1 1 1 1 5 0 1 3 1 1 1 1 1 1 1 1 1 1 1 1 1 1 1 1 1 1 1 1 1 1 1 1 1 1 1 1 1 1 1 1 1 1 1 1 1 1 1 1 1 1 1 1 1 1 1 1 1 1 1 1 1 1 1 1 1 1 1 1 1 1 1 1 1 1 1 1 1 1 1 1 1 1 1 1 1 1 1 1 1 1 1 1 1 1 1 1 1 1 1 1 1 1 1 1 7 1 1 1 1 7 1 1 1 1 1 1 1 1 1 1 1 1 1 1 1 1 1 1 1 1 1 1 1 1 1 1 1 1 1 100 1 1 1 1 1 1 1 1 1 1 1 1 1 1 1 1 1 1 100 1 100 1 1 1 1 1 1
staticfield java/util/ArrayList EMPTY_ELEMENTDATA [Ljava/lang/Object; 0 [Ljava/lang/Object;
staticfield java/util/ArrayList DEFAULTCAPACITY_EMPTY_ELEMENTDATA [Ljava/lang/Object; 0 [Ljava/lang/Object;
ciInstanceKlass java/util/concurrent/ConcurrentHashMap 1 1 1210 7 1 7 1 3 10 12 1 1 3 100 1 10 7 12 1 1 1 100 1 10 100 12 1 1 1 100 1 11 12 1 1 11 12 1 11 12 1 1 9 12 1 1 9 12 1 1 9 12 1 10 7 12 1 1 1 7 1 10 12 1 1 10 12 1 1 10 7 12 1 1 1 4 10 12 1 9 12 1 10 12 1 1 100 1 10 5 0 10 12 1 10 12 1 1 5 0 10 12 1 1 10 12 1 9 12 1 1 10 12 1 1 9 12 1 9 12 1 1 10 12 1 1 9 12 1 10 12 1 1 9 12 1 1 10 12 1 1 100 1 10 7 1 10 12 1 10 12 1 1 10 12 1 1 10 12 1 1 10 12 1 10 12 1 1 10 12 1 1 7 1 10 12 1 1 7 1 100 1 8 1 10 12 1 10 12 1 1 10 12 1 1 11 7 12 1 1 10 12 1 1 11 12 1 1 11 7 12 1 1 1 11 7 12 1 1 1 11 12 1 7 1 11 12 1 11 12 1 10 12 1 1 10 12 1 1 9 12 1 1 10 7 12 1 1 1 9 10 12 1 1 9 12 1 10 12 1 1 5 0 9 12 1 1 7 1 10 12 1 9 12 1 1 7 1 10 12 1 9 12 1 7 1 10 100 1 10 10 12 1 1 8 1 10 12 1 10 12 1 1 11 100 1 10 12 1 10 100 12 1 1 1 8 1 10 100 12 1 1 1 8 1 10 12 1 8 1 10 12 1 10 12 1 1 10 100 12 1 1 10 12 1 10 12 1 10 12 1 9 12 1 9 10 12 1 9 12 1 1 11 7 12 1 1 1 11 7 12 1 1 1 100 1 10 12 11 100 12 1 1 10 11 7 12 1 10 12 1 100 1 10 12 1 7 1 10 10 9 7 12 1 1 1 10 12 3 10 100 12 1 1 9 12 1 10 12 1 1 9 12 1 1 9 12 1 10 12 1 1 10 100 12 1 1 9 12 1 9 7 12 1 1 10 12 1 1 10 12 1 3 9 12 1 9 12 1 10 12 1 1 7 1 9 3 9 12 1 100 1 10 12 1 9 12 1 10 12 1 9 12 1 10 12 1 9 12 1 10 100 12 1 1 1 100 10 12 1 100 1 5 0 10 100 12 1 1 100 1 10 12 1 1 10 12 1 10 12 1 100 1 10 12 1 10 100 1 100 1 10 10 12 1 10 100 1 10 12 1 10 100 1 10 12 1 10 100 1 10 12 1 1 100 1 10 12 1 10 10 12 1 100 1 10 12 1 10 10 12 1 100 1 10 12 1 10 100 1 10 12 1 10 100 1 10 12 1 10 100 1 10 12 1 10 100 1 10 12 1 10 100 1 10 12 1 10 100 1 10 12 1 10 100 1 10 12 1 10 100 1 10 10 100 1 10 10 100 1 10 10 100 1 10 12 1 10 100 1 10 12 1 10 100 1 10 12 1 10 100 1 10 12 1 10 100 1 10 12 1 10 100 1 10 10 100 1 10 10 100 1 10 10 100 1 10 12 1 10 100 1 10 12 1 10 100 1 10 12 1 10 100 1 10 12 1 10 100 1 10 12 1 10 10 12 1 10 7 12 1 1 1 10 12 1 7 1 7 1 10 12 1 9 12 1 1 9 12 1 1 10 12 1 1 8 10 12 1 1 8 8 8 8 7 10 12 1 1 10 12 1 100 1 8 1 10 7 1 100 1 100 1 1 1 5 0 1 1 3 1 3 1 1 1 1 3 1 3 1 3 1 1 1 1 1 3 1 3 1 3 1 1 1 1 1 1 1 1 1 1 1 1 1 1 1 1 1 1 1 1 1 1 1 1 1 100 1 1 1 1 1 1 1 1 1 1 1 1 1 1 1 1 1 1 1 1 1 1 1 1 1 1 1 1 1 1 1 1 1 1 1 1 1 1 1 1 1 1 1 1 1 1 1 1 1 1 1 1 1 1 1 1 1 1 1 1 1 1 1 1 1 1 1 1 1 1 1 1 1 1 1 1 1 1 1 1 1 1 1 1 100 1 1 1 1 1 1 1 1 1 1 1 100 1 1 1 1 1 1 1 1 1 1 1 1 1 1 1 1 1 1 1 1 1 1 1 1 1 1 1 1 1 1 1 1 1 1 1 1 1 1 1 1 1 1 1 1 1 1 1 1 1 1 1 1 1 1 1 1 1 1 1 1 1 1 1 1 1 1 1 1 1 1 1 1 1 1 1 1 1 1 1 1 1 1 1 1 1 1 1 1 1 1 1 1 1 1 1 1 1 1 1 1 1 1 1 1 1 1 1 1 1 1 1 1 1 1 1 1 1 1 1 1 1 1 1 1 1 1 1 1 1 1 1 1 1 1 1 1 1 1 1 1 1 1 1 1 1 1 1 1 1 1 1 1 1 1 1 1 1 1 1 1 1 1 1 1 1 1 1 1 1 1 1 1 1 1 1 1 1 1 1 1 1 1 1 1 1 1 1 1 1 1 1 1 1 1 1 1 1 1 1 1 1 1 1 1 1 1 1 1 1 1 1 1 1 1 1 1 1 1 1 1 1 1 1 100 1 100 1 100 1 100 1 100 1 100 1 100 1 100 1 100 1 1 1 1 1 1 1 1 1 1 1 1 1 1 1 1 1 1 1 1 1 1 1 1 1 1 1 1 1 1 1 1 1 1 1 1 1 1 1 1 1 1 1 1 1 1 1 1 1 1 1 1 1 1 1 1 1 1
staticfield java/util/concurrent/ConcurrentHashMap NCPU I 20
staticfield java/util/concurrent/ConcurrentHashMap serialPersistentFields [Ljava/io/ObjectStreamField; 3 [Ljava/io/ObjectStreamField;
staticfield java/util/concurrent/ConcurrentHashMap U Ljdk/internal/misc/Unsafe; jdk/internal/misc/Unsafe
staticfield java/util/concurrent/ConcurrentHashMap SIZECTL J 12
staticfield java/util/concurrent/ConcurrentHashMap TRANSFERINDEX J 40
staticfield java/util/concurrent/ConcurrentHashMap BASECOUNT J 32
staticfield java/util/concurrent/ConcurrentHashMap CELLSBUSY J 44
staticfield java/util/concurrent/ConcurrentHashMap CELLVALUE J 144
staticfield java/util/concurrent/ConcurrentHashMap ABASE I 16
staticfield java/util/concurrent/ConcurrentHashMap ASHIFT I 3
ciInstanceKlass java/lang/String 1 1 1396 10 7 12 1 1 1 8 1 9 7 12 1 1 1 9 12 1 1 9 12 1 1 10 12 1 10 12 1 1 10 12 1 1 9 12 1 1 10 7 12 1 1 1 10 7 1 10 7 12 1 1 1 10 12 1 1 10 12 1 1 10 12 1 10 12 1 1 10 12 1 10 7 12 1 1 1 9 7 12 1 1 1 10 7 12 1 1 1 10 12 1 1 10 12 1 1 10 12 1 1 10 12 1 1 10 12 1 1 9 7 12 1 1 10 12 9 7 12 1 1 3 10 7 12 1 1 1 7 1 11 12 1 1 11 12 1 11 12 1 1 10 7 12 1 1 1 10 12 1 1 9 100 12 1 1 1 10 12 1 1 10 12 1 11 12 1 1 10 12 1 1 10 12 10 12 1 1 10 100 12 1 1 1 10 7 12 1 1 1 10 12 1 1 7 1 100 1 10 12 1 10 12 1 10 12 1 1 100 1 10 12 1 1 100 1 10 12 1 1 10 12 1 1 10 10 12 1 100 1 100 1 7 1 10 12 1 10 12 1 1 10 12 1 1 10 12 1 10 12 1 1 10 12 1 1 10 7 12 1 1 7 1 11 11 12 1 11 12 1 10 12 1 1 10 12 1 10 12 10 12 1 1 10 10 7 12 1 1 1 10 7 12 1 1 10 12 1 1 10 7 12 1 1 10 12 1 10 12 1 1 10 12 1 1 10 12 1 10 12 1 10 12 1 1 100 1 10 12 1 1 10 12 10 12 1 10 12 1 1 10 7 12 1 1 1 10 12 1 10 12 1 1 10 12 1 10 12 1 3 3 10 12 1 10 12 1 1 10 12 1 1 10 12 1 1 10 12 1 10 12 1 1 10 12 1 1 10 12 1 10 12 1 10 12 1 10 12 1 1 10 12 1 10 12 1 10 12 1 10 12 1 10 12 1 10 12 1 10 100 1 10 8 1 10 12 1 1 10 12 1 8 1 10 12 1 1 10 12 10 12 1 8 1 10 10 12 1 1 10 12 1 1 10 12 1 10 12 1 1 10 12 10 100 1 10 10 12 1 10 12 1 10 12 1 10 10 12 1 10 12 1 1 10 12 1 100 1 10 10 12 1 100 1 10 10 12 1 10 12 1 1 10 12 1 10 12 1 1 10 10 12 1 1 10 100 1 10 10 12 1 10 12 1 1 10 12 1 1 10 100 1 10 12 1 10 12 1 10 12 1 10 12 1 1 10 12 1 11 7 1 11 12 10 12 1 10 12 1 1 10 12 1 1 10 10 12 1 10 12 1 9 12 1 1 11 7 12 1 1 1 10 10 12 1 10 12 1 1 10 10 12 1 10 12 1 10 12 1 1 9 12 1 10 12 1 1 10 10 12 1 1 10 12 10 10 12 1 10 12 10 10 12 10 10 12 1 10 12 1 10 12 10 10 12 10 12 1 10 12 10 12 10 10 12 1 10 12 1 1 10 12 1 10 10 12 1 10 7 12 1 1 1 10 12 1 1 10 10 7 12 1 1 1 11 10 12 1 10 12 1 1 10 12 1 1 10 7 12 1 1 1 10 12 1 10 10 12 1 10 12 1 10 12 1 10 100 12 1 1 10 12 1 100 1 100 1 8 1 10 10 10 12 1 8 1 10 12 1 3 3 7 1 10 10 12 1 10 12 1 10 12 1 1 10 12 1 1 11 7 12 1 1 1 7 1 10 12 1 1 10 12 1 10 12 1 1 10 12 1 1 8 1 10 12 1 1 10 12 1 11 100 12 1 1 1 11 100 12 1 1 11 12 1 1 10 12 1 10 12 1 1 10 10 7 12 1 1 1 10 12 1 10 12 1 10 10 12 10 12 1 1 10 10 12 1 10 10 12 1 10 10 12 1 10 10 12 1 10 12 1 1 10 10 12 1 8 1 10 12 1 1 18 12 1 1 11 100 12 1 1 1 7 1 3 18 12 1 18 12 1 8 1 10 100 12 1 1 1 11 12 1 1 10 12 10 10 12 1 10 11 12 1 1 10 12 1 1 11 12 1 18 3 11 10 12 1 11 11 10 12 1 10 12 1 1 8 1 10 12 1 10 12 1 10 12 1 1 10 10 12 1 11 100 12 1 7 1 100 1 10 12 1 7 1 10 10 7 12 1 1 1 7 1 10 7 1 10 10 12 1 10 10 12 1 8 1 10 10 12 1 8 1 8 1 10 12 1 10 12 1 10 10 12 10 7 12 1 1 10 7 12 1 1 10 7 12 1 1 8 1 10 12 1 10 12 1 1 10 10 12 8 1 8 1 10 8 1 8 1 8 1 8 1 10 12 1 10 12 1 8 1 10 100 12 1 1 1 10 12 10 12 1 1 10 12 10 10 12 10 12 7 1 9 12 1 1 7 1 10 100 1 100 1 100 1 100 1 1 1 1 1 1 5 0 1 1 1 1 1 3 1 3 1 1 1 1 1 1 1 1 1 1 1 1 1 1 1 100 1 1 1 100 1 1 1 1 1 1 1 1 1 1 1 1 1 1 1 1 1 1 1 1 1 1 1 1 1 1 1 100 1 1 1 1 1 1 1 1 1 100 1 1 1 1 1 1 1 1 1 1 1 1 1 1 1 1 1 1 1 1 1 1 1 1 1 1 1 1 1 1 1 1 1 1 1 1 1 1 1 1 1 1 1 1 1 1 1 1 1 1 1 1 1 1 1 1 1 1 1 1 1 1 1 1 1 1 1 1 1 1 1 1 1 1 1 1 1 1 1 1 1 1 1 1 1 1 1 1 1 1 1 1 1 1 1 1 1 1 1 1 1 1 1 1 1 1 1 1 1 1 1 1 1 1 1 1 1 1 1 1 1 1 1 1 1 1 1 1 1 1 1 1 1 1 1 1 1 1 1 1 1 1 1 1 1 1 1 1 1 1 1 1 1 1 1 1 1 1 1 1 1 1 1 1 1 1 1 1 1 100 1 1 1 1 1 1 1 1 1 1 1 1 1 1 1 1 1 1 1 1 1 1 1 1 100 1 1 1 1 1 1 1 1 1 1 1 1 1 7 1 1 1 1 1 1 1 1 1 1 1 1 1 1 1 15 10 100 12 1 1 1 16 15 10 12 16 15 10 12 15 10 12 15 10 12 1 1 1 1 100 1 100 1 1 1
staticfield java/lang/String COMPACT_STRINGS Z 1
staticfield java/lang/String serialPersistentFields [Ljava/io/ObjectStreamField; 0 [Ljava/io/ObjectStreamField;
staticfield java/lang/String CASE_INSENSITIVE_ORDER Ljava/util/Comparator; java/lang/String$CaseInsensitiveComparator
ciInstanceKlass java/security/ProtectionDomain 1 1 324 10 7 12 1 1 1 9 7 12 1 1 1 7 1 10 9 12 1 1 9 12 1 1 9 12 1 1 10 7 12 1 1 7 1 9 12 1 9 12 1 1 7 1 9 12 1 1 9 12 1 10 100 12 1 1 10 100 12 1 1 1 10 12 1 1 10 12 1 9 12 1 9 100 12 1 1 10 12 1 1 10 100 1 10 12 1 1 8 1 100 1 8 1 10 12 1 10 10 100 12 1 1 1 10 12 1 1 8 1 11 8 1 10 12 1 8 1 8 1 10 12 1 1 10 12 1 10 12 1 1 10 12 1 8 1 10 12 1 8 1 8 1 10 100 12 1 1 1 9 100 12 1 1 1 10 12 1 1 9 100 12 1 1 1 10 100 12 1 1 1 100 1 100 1 10 12 1 10 100 12 1 1 1 10 100 1 10 12 1 10 12 1 1 11 100 12 1 1 11 12 1 100 1 11 100 12 1 1 1 10 12 1 10 11 12 1 1 11 12 1 1 10 12 1 10 7 12 1 1 10 100 12 1 1 11 12 1 10 12 8 1 8 1 10 7 12 1 1 1 7 1 10 10 7 12 1 1 1 1 1 1 1 1 1 1 100 1 1 100 1 1 1 1 1 1 1 1 1 1 1 1 1 1 1 1 1 1 1 1 1 1 1 1 1 1 1 1 1 1 1 1 1 1 1 1 1 1 1 1 1 1 100 1 1 1 1 1 100 1 1 1 1 1
staticfield java/security/ProtectionDomain filePermCompatInPD Z 0
ciInstanceKlass java/security/CodeSource 1 1 395 10 7 12 1 1 1 9 7 12 1 1 1 9 12 1 1 9 12 1 1 9 12 1 1 10 7 12 1 1 1 9 12 1 1 10 100 12 1 1 10 100 10 100 12 1 1 1 10 100 12 1 1 1 10 12 1 1 100 1 10 10 100 12 1 1 1 10 100 12 1 1 1 10 12 1 1 10 12 1 100 1 10 12 1 1 10 12 1 1 10 12 1 1 10 12 1 10 10 10 12 1 1 10 100 12 1 1 1 10 12 1 10 12 1 10 12 1 8 1 10 12 1 10 12 1 10 12 1 1 10 12 1 8 1 10 12 1 1 10 7 1 10 10 12 1 1 8 1 10 12 1 10 12 1 10 12 1 8 1 8 1 9 12 1 1 100 1 8 1 10 12 1 10 12 1 1 8 1 10 12 1 8 1 8 1 8 1 10 100 12 1 1 10 12 1 1 10 12 1 10 12 1 1 10 12 1 1 10 12 1 1 100 1 100 1 10 12 1 10 12 10 12 1 1 10 100 12 1 1 10 12 1 100 1 10 12 10 8 1 10 12 1 10 12 1 10 12 1 1 100 1 10 12 1 1 100 1 100 1 8 1 8 1 10 10 12 1 1 10 100 12 1 1 1 100 1 10 12 10 12 1 1 11 100 12 1 1 10 10 12 1 11 10 12 1 8 1 100 1 10 12 1 10 12 1 1 10 12 1 11 12 1 1 11 100 1 1 1 1 5 0 1 1 1 1 1 1 1 1 1 1 1 1 1 1 1 1 1 1 1 1 1 1 1 1 1 1 1 1 1 1 1 1 1 1 1 1 1 1 1 1 1 1 1 1 1 1 1 1 1 1 1 1 1 1 1 1 1 1 1 1 1 1 1 1 1 100 1 1 1 1 1 1 1
ciInstanceKlass java/lang/StringBuilder 1 1 409 10 7 12 1 1 1 10 12 1 10 12 1 10 12 1 1 10 7 12 1 1 1 10 7 12 1 1 1 10 12 1 10 12 1 10 12 1 10 12 1 10 12 1 10 12 1 10 12 1 10 12 1 10 12 1 10 12 1 10 12 1 10 12 1 10 12 1 10 12 1 1 10 12 1 10 12 1 1 10 12 1 1 10 12 1 10 12 1 10 12 1 10 12 1 10 12 1 10 12 1 10 12 1 10 12 10 12 1 10 12 1 10 12 1 10 12 1 1 10 12 1 10 12 1 10 12 10 12 1 1 10 12 1 1 9 12 1 1 9 12 1 1 10 7 12 1 1 1 10 7 1 10 100 12 1 1 1 10 12 1 10 12 1 1 10 12 1 1 10 10 12 1 1 10 100 12 1 1 10 12 1 10 12 1 1 100 1 100 1 8 1 10 10 12 1 1 10 12 1 1 10 12 1 10 12 1 10 12 1 10 12 1 10 12 1 10 12 1 10 12 1 10 12 1 10 12 1 10 12 1 10 12 1 10 12 1 10 12 1 10 12 1 10 12 1 1 10 12 1 1 10 12 1 10 12 1 10 12 1 10 12 10 12 10 12 1 10 12 1 10 12 1 10 12 10 12 1 10 12 1 10 12 1 10 12 1 10 12 1 10 12 1 10 12 1 10 12 1 10 12 1 1 10 12 1 10 12 1 1 10 12 1 10 12 1 1 10 12 1 10 12 1 1 10 12 1 10 12 1 10 12 1 10 10 12 1 10 12 1 100 1 100 1 100 1 1 1 1 5 0 1 1 1 1 1 1 1 1 1 1 1 1 1 1 1 1 1 1 1 1 1 1 1 1 1 1 1 1 1 1 1 1 1 1 1 1 1 1 1 1 1 1 1 100 1 1 1 100 1 1 1 1 1 1 1 1 1 1
ciInstanceKlass jdk/internal/loader/ClassLoaders 1 1 183 10 100 12 1 1 1 10 7 12 1 1 1 10 12 1 1 10 100 12 1 1 1 9 7 12 1 1 1 9 12 1 1 9 12 1 1 7 1 11 100 12 1 1 1 100 1 11 12 1 1 11 12 1 1 10 100 12 1 1 1 10 100 12 1 1 1 100 1 100 1 10 7 12 1 1 1 9 12 1 1 10 12 1 1 7 1 10 12 1 1 10 12 1 7 1 8 1 10 7 12 1 1 1 10 12 1 1 7 1 10 12 1 10 12 1 10 12 1 8 1 10 7 12 1 1 8 1 8 1 10 12 1 7 1 10 12 1 10 12 1 10 12 1 1 1 1 1 1 1 1 1 1 1 1 1 1 1 1 1 1 1 1 100 1 1 1 1 1 1 1 1 1 1 1 1 1 1 1 1 1 1 1
staticfield jdk/internal/loader/ClassLoaders JLA Ljdk/internal/access/JavaLangAccess; java/lang/System$2
staticfield jdk/internal/loader/ClassLoaders BOOT_LOADER Ljdk/internal/loader/ClassLoaders$BootClassLoader; jdk/internal/loader/ClassLoaders$BootClassLoader
staticfield jdk/internal/loader/ClassLoaders PLATFORM_LOADER Ljdk/internal/loader/ClassLoaders$PlatformClassLoader; jdk/internal/loader/ClassLoaders$PlatformClassLoader
staticfield jdk/internal/loader/ClassLoaders APP_LOADER Ljdk/internal/loader/ClassLoaders$AppClassLoader; jdk/internal/loader/ClassLoaders$AppClassLoader
ciInstanceKlass jdk/internal/misc/Unsafe 1 1 1285 10 7 12 1 1 1 9 7 12 1 1 1 9 12 1 1 10 12 1 1 10 7 12 1 1 1 10 12 1 1 10 12 1 1 10 12 1 1 10 12 1 1 10 12 1 1 10 12 1 1 10 12 1 1 10 12 1 1 10 12 1 1 10 12 1 1 10 12 1 1 10 12 1 1 10 12 1 1 10 12 1 10 12 1 100 1 10 10 12 1 1 10 12 1 1 5 0 10 12 1 1 10 12 1 1 10 7 12 1 1 1 10 12 1 1 10 12 1 10 12 1 10 12 1 1 10 12 1 1 10 12 1 10 12 1 100 1 100 1 10 8 1 10 12 1 1 10 12 1 8 1 10 12 1 1 10 12 1 10 12 1 10 12 1 1 10 12 1 10 12 1 1 10 12 1 1 10 12 1 10 12 1 10 12 1 10 12 1 1 10 12 1 10 12 1 10 12 1 1 10 12 1 5 0 5 0 5 0 10 12 1 10 12 1 10 12 1 10 12 1 10 12 1 10 12 1 10 12 1 10 12 1 10 12 1 1 10 12 1 10 12 1 100 1 8 1 10 100 1 10 10 12 1 1 10 12 1 1 10 12 1 10 12 1 1 10 12 1 1 10 12 1 10 12 1 1 10 12 1 9 7 12 1 1 9 12 1 100 1 10 10 12 1 1 8 1 10 8 1 8 1 10 12 1 1 9 7 12 1 1 1 9 100 1 9 7 1 9 7 1 9 9 100 1 9 100 1 9 100 1 10 12 1 1 10 12 1 1 10 12 1 1 10 12 1 1 5 0 5 0 9 12 1 1 10 12 1 10 12 1 10 12 1 1 10 12 1 1 10 12 1 8 1 3 10 12 1 1 10 12 1 1 10 12 1 10 12 1 1 10 12 1 1 10 12 1 10 12 1 10 12 1 10 12 1 10 12 1 10 12 1 1 10 12 1 1 10 12 1 10 12 1 10 12 1 10 12 1 10 12 1 10 12 1 1 10 12 1 1 10 12 1 10 12 1 10 12 1 10 12 1 10 12 1 10 12 1 1 10 12 1 1 10 12 1 1 10 12 1 1 10 12 1 10 12 1 10 12 1 10 12 1 10 12 1 10 12 1 10 12 1 1 10 12 1 1 10 12 1 10 12 1 10 12 1 10 12 1 10 12 1 10 12 1 10 12 1 1 10 12 1 1 10 12 1 10 12 1 10 12 1 10 12 1 10 12 1 10 12 1 10 12 1 10 12 1 1 10 12 1 10 12 1 10 12 1 10 12 1 10 12 1 1 10 12 1 10 12 1 10 12 1 10 12 1 10 12 1 10 12 1 10 12 1 10 12 1 1 10 12 1 10 12 1 10 12 1 10 12 1 10 12 1 10 12 1 1 10 12 1 10 12 1 10 12 1 1 10 12 1 10 12 1 10 12 1 10 12 1 10 12 1 10 12 1 10 12 1 10 12 1 10 12 1 10 12 1 10 12 1 10 12 1 10 12 1 10 12 1 10 12 1 10 12 1 10 12 1 10 12 1 10 12 1 10 12 1 10 12 1 10 12 1 100 1 10 100 1 10 9 12 1 5 0 10 12 1 1 5 0 10 12 1 5 0 10 12 1 10 12 1 10 12 1 1 10 12 1 1 10 12 1 10 12 1 10 12 1 10 12 1 1 10 12 1 10 12 1 10 12 1 10 12 1 10 12 1 1 10 12 1 10 12 1 10 12 1 10 12 1 1 10 12 1 10 12 1 10 12 1 1 10 12 1 10 12 1 10 12 1 10 12 1 1 10 12 1 10 10 12 1 1 10 12 1 10 12 1 1 10 12 1 10 12 5 0 5 0 5 0 10 12 1 1 10 12 1 10 12 1 10 12 10 100 12 1 1 8 1 100 1 11 12 1 1 8 1 11 12 1 1 10 100 12 1 1 10 12 1 10 12 1 10 12 1 10 12 1 10 12 1 1 10 12 1 10 12 1 10 12 1 10 12 1 10 12 1 10 12 1 10 7 1 10 12 1 9 12 1 7 1 9 12 1 7 1 9 12 1 7 1 9 12 1 7 1 9 12 1 7 1 9 12 1 7 1 9 12 1 7 1 9 12 1 7 1 9 12 1 10 12 1 9 12 1 9 12 1 9 12 1 9 12 1 9 12 1 9 12 1 9 12 1 9 12 1 9 12 1 9 12 1 1 1 3 1 1 1 1 1 1 1 1 1 1 1 1 1 1 1 1 1 1 1 1 1 1 1 1 1 1 1 1 1 1 1 1 1 1 1 1 1 1 1 1 1 1 1 1 1 1 1 1 1 1 1 1 1 1 1 1 1 1 1 1 1 1 1 1 1 1 1 1 1 1 1 1 1 1 1 1 1 1 1 1 1 1 1 1 1 1 1 1 1 100 1 1 1 1 1 1 1 1 1 1 1 1 1 1 1 1 1 1 1 1 1 1 1 1 1 1 1 1 1 1 1 1 1 1 1 1 1 1 1 1 1 1 1 1 1 1 1 1 1 1 1 1 1 1 1 1 1 1 1 1 1 1 1 1 1 1 1 1 1 1 1 1 1 1 1 1 1 1 1 1 1 1 1 1 1 1 1 1 1 1 1 1 1 1 1 1 1 1 1 1 1 1 1 1 1 1 1 1 1 1 1 1 1 1 1 1 1 1 1 1 1 1 1 1 1 1 1 1 1 1 1 1 1 1 1 1 1 1 1 1 1 1 1 1 1 1 1 1 1 1 1 1 1 1 1 1 1 1 1 1 1 1 1 1 1 1 1 1 1 1 1 1 1 1 1 1 1 1 1 1 1 1 1 1 1 1 1 1 1 1 1 1 1 1 1 1 1 1 1 1 1 1 1 1 1 1 1 3 1 1 1 1 1 1 1 1 1 1 1 1 1 1 1 1 1 1 1 1 1
staticfield jdk/internal/misc/Unsafe theUnsafe Ljdk/internal/misc/Unsafe; jdk/internal/misc/Unsafe
staticfield jdk/internal/misc/Unsafe ARRAY_BOOLEAN_BASE_OFFSET I 16
staticfield jdk/internal/misc/Unsafe ARRAY_BYTE_BASE_OFFSET I 16
staticfield jdk/internal/misc/Unsafe ARRAY_SHORT_BASE_OFFSET I 16
staticfield jdk/internal/misc/Unsafe ARRAY_CHAR_BASE_OFFSET I 16
staticfield jdk/internal/misc/Unsafe ARRAY_INT_BASE_OFFSET I 16
staticfield jdk/internal/misc/Unsafe ARRAY_LONG_BASE_OFFSET I 16
staticfield jdk/internal/misc/Unsafe ARRAY_FLOAT_BASE_OFFSET I 16
staticfield jdk/internal/misc/Unsafe ARRAY_DOUBLE_BASE_OFFSET I 16
staticfield jdk/internal/misc/Unsafe ARRAY_OBJECT_BASE_OFFSET I 16
staticfield jdk/internal/misc/Unsafe ARRAY_BOOLEAN_INDEX_SCALE I 1
staticfield jdk/internal/misc/Unsafe ARRAY_BYTE_INDEX_SCALE I 1
staticfield jdk/internal/misc/Unsafe ARRAY_SHORT_INDEX_SCALE I 2
staticfield jdk/internal/misc/Unsafe ARRAY_CHAR_INDEX_SCALE I 2
staticfield jdk/internal/misc/Unsafe ARRAY_INT_INDEX_SCALE I 4
staticfield jdk/internal/misc/Unsafe ARRAY_LONG_INDEX_SCALE I 8
staticfield jdk/internal/misc/Unsafe ARRAY_FLOAT_INDEX_SCALE I 4
staticfield jdk/internal/misc/Unsafe ARRAY_DOUBLE_INDEX_SCALE I 8
staticfield jdk/internal/misc/Unsafe ARRAY_OBJECT_INDEX_SCALE I 8
staticfield jdk/internal/misc/Unsafe ADDRESS_SIZE I 8
ciInstanceKlass java/lang/ThreadGroup 1 1 293 10 7 12 1 1 1 9 7 12 1 1 1 8 1 9 12 1 1 7 1 9 12 1 9 12 1 1 10 12 1 1 10 12 1 1 10 12 1 10 12 1 1 10 12 1 9 12 1 1 10 12 1 1 10 12 1 9 12 1 10 100 12 1 1 1 9 12 1 9 12 1 1 10 7 12 1 1 1 100 10 12 1 1 10 7 12 1 1 1 10 100 12 1 9 12 1 10 12 1 1 10 12 1 1 9 12 1 1 10 12 1 1 10 12 1 10 12 1 10 12 1 1 10 12 1 1 10 12 1 10 12 1 10 10 12 1 10 12 1 10 100 1 10 10 12 1 10 12 1 10 12 1 7 10 12 1 9 12 1 1 10 12 1 1 8 1 10 100 12 1 1 1 10 12 1 1 10 12 1 1 10 12 1 1 11 100 1 100 1 9 12 1 100 1 10 8 1 10 12 1 1 10 12 1 1 8 1 10 12 1 10 100 12 1 1 1 10 12 1 1 10 100 1 8 1 10 8 1 10 12 1 8 1 1 1 1 1 1 1 1 1 1 1 1 1 1 1 1 1 3 1 1 1 1 1 1 1 1 1 1 1 1 1 1 1 1 1 1 1 1 1 1 1 1 1 1 1 1 1 1 1 1 1 1 1 1 1 1 1 1 1 1
instanceKlass java/security/Provider
ciInstanceKlass java/util/Properties 1 1 651 10 7 12 1 1 1 100 1 10 7 12 1 1 7 1 10 12 1 9 12 1 1 9 12 1 1 9 12 1 1 10 7 12 1 1 1 10 12 1 1 8 1 10 7 12 1 1 1 7 1 10 12 1 10 12 1 1 8 1 10 12 1 7 1 10 12 10 12 1 1 9 12 1 1 10 12 1 1 7 1 10 12 1 10 12 1 10 12 1 1 100 1 8 1 10 12 1 10 12 1 10 12 1 1 10 12 1 100 1 3 10 10 100 12 1 1 1 10 12 1 10 12 1 1 8 1 10 12 1 10 12 1 1 8 1 10 100 12 1 1 10 12 1 1 10 12 1 10 12 1 1 100 1 10 12 1 10 12 1 1 100 1 9 100 12 1 1 1 10 12 1 10 12 1 1 100 1 10 10 10 12 1 1 11 7 12 1 1 1 11 7 12 1 1 1 11 12 1 1 7 1 11 12 1 11 12 1 10 12 1 1 8 1 10 12 1 10 12 1 100 1 10 10 12 1 1 10 100 12 1 1 9 100 12 1 1 10 12 1 1 10 100 12 1 1 1 100 1 100 1 100 1 10 8 1 8 1 10 12 1 10 12 1 10 12 1 1 10 10 12 1 1 10 12 1 1 100 1 10 10 12 1 11 7 12 1 1 10 7 12 1 1 1 8 1 10 100 12 1 1 11 8 1 10 100 1 11 10 12 1 10 12 1 10 12 1 10 12 1 1 10 12 1 1 10 12 1 1 10 12 1 10 12 1 10 10 12 1 10 12 1 10 12 1 10 10 12 1 1 10 12 1 1 7 1 10 10 12 1 10 12 1 10 12 1 10 12 1 10 12 1 1 10 12 1 1 10 12 1 10 12 1 10 12 1 1 10 12 10 12 1 1 10 12 1 1 10 12 1 10 12 1 1 10 12 1 1 10 12 100 1 10 11 100 12 1 1 4 11 10 12 1 1 10 100 12 1 1 11 12 1 10 12 1 1 10 100 12 1 1 10 12 1 100 1 8 1 10 12 1 10 10 100 12 1 1 1 100 1 6 0 10 12 1 1 11 100 12 1 1 1 10 12 1 10 12 1 1 1 1 1 5 0 1 1 1 1 1 1 1 1 1 1 1 1 1 1 1 1 1 1 1 1 1 1 1 1 1 1 1 1 1 1 1 1 1 1 1 1 1 1 1 1 100 1 1 1 1 1 1 1 1 1 1 1 1 1 1 1 1 1 1 1 1 100 1 1 1 1 1 1 1 100 1 100 1 1 1 1 100 1 1 1 1 1 1 1 1 1 1 1 1 1 1 1 1 1 1 1 1 1 1 1 1 1 1 1 1 1 1 1 1 1 1 1 1 1 1 1 1 1 1 1 1 1 1 1 1 1 1 1 1 1 1 1 1 1 1 1 1 1 1 1 1 1 1 1 1 1 1 1 1 1 1 1 1 100 1 1 1 1 1 1 1 1 1 100 1 1 1
staticfield java/util/Properties UNSAFE Ljdk/internal/misc/Unsafe; jdk/internal/misc/Unsafe
instanceKlass java/util/Hashtable
ciInstanceKlass java/util/Dictionary 1 1 36 10 7 12 1 1 1 100 1 1 1 1 1 1 1 1 1 1 1 1 1 1 1 1 1 1 1 1 1 1 1 1 1 1 1 1
instanceKlass javax/swing/UIDefaults
instanceKlass java/util/Properties
ciInstanceKlass java/util/Hashtable 1 1 512 100 1 10 7 12 1 1 1 9 7 12 1 1 1 100 1 100 1 10 8 1 10 12 1 1 10 12 1 10 12 1 1 10 12 1 10 7 12 1 1 1 8 1 10 12 1 9 12 1 1 7 1 9 12 1 1 4 10 7 12 1 1 1 9 12 1 4 10 12 1 11 7 12 1 1 1 10 12 1 1 10 12 1 1 9 12 1 10 12 1 1 100 1 10 9 12 1 1 10 7 12 1 1 1 9 12 1 1 10 12 1 10 12 1 3 9 12 1 9 12 1 3 10 12 1 10 12 1 10 12 1 1 11 12 1 1 11 7 12 1 1 1 11 7 12 1 1 1 11 12 1 7 1 11 12 1 11 12 1 10 12 1 1 10 12 1 1 10 12 1 9 12 1 1 9 12 9 12 1 1 10 100 1 100 1 10 12 1 10 8 1 10 10 12 1 8 1 10 8 1 10 7 12 1 1 1 7 1 10 12 1 10 12 1 7 1 10 12 1 10 12 1 1 7 1 10 100 1 10 10 12 1 1 11 12 1 1 11 12 1 100 1 10 10 10 100 12 1 1 11 100 12 1 1 1 100 1 10 11 100 12 1 1 11 100 12 1 10 12 1 10 12 1 1 10 100 12 1 1 10 12 1 1 10 12 1 1 10 12 1 1 10 100 12 1 1 1 8 10 100 12 1 1 100 1 8 1 10 4 10 12 4 10 12 1 8 1 10 12 10 100 12 1 1 1 100 1 11 100 12 1 1 1 10 100 12 1 1 1 10 12 1 10 12 1 1 10 100 1 100 1 1 1 1 1 1 5 0 1 1 1 1 1 3 1 3 1 3 1 1 1 1 1 1 1 1 1 1 1 1 1 1 1 1 1 1 1 1 1 1 1 1 1 100 1 1 1 1 1 1 1 1 1 1 1 1 1 1 1 1 1 1 1 1 1 1 1 1 1 1 1 1 1 100 1 1 1 1 1 1 1 1 1 1 1 1 1 1 1 1 1 1 1 1 1 1 1 1 1 1 1 1 1 1 1 1 1 1 1 1 1 1 1 1 1 1 1 1 1 1 1 1 1 1 1 1 1 1 1 1 1 1 100 1 1 1 100 1 1 1 1 1 100 1 1 1 1 1 1 1 1 1 1 1 1 1 1 1 1 1 1
instanceKlass java/io/ObjectInputStream
instanceKlass jdk/nio/zipfs/ZipFileSystem$EntryInputStream
instanceKlass com/sun/imageio/plugins/common/InputStreamAdapter
instanceKlass java/io/SequenceInputStream
instanceKlass com/jme3/audio/plugins/OGGLoader$JOggInputStream
instanceKlass com/jme3/util/LittleEndien
instanceKlass sun/nio/ch/ChannelInputStream
instanceKlass com/sun/org/apache/xerces/internal/impl/XMLEntityManager$RewindableInputStream
instanceKlass java/util/zip/ZipFile$ZipFileInputStream
instanceKlass java/io/FilterInputStream
instanceKlass java/io/FileInputStream
instanceKlass java/io/ByteArrayInputStream
ciInstanceKlass java/io/InputStream 1 1 184 100 1 10 7 12 1 1 1 100 1 10 10 7 12 1 1 1 10 7 12 1 1 1 10 12 1 7 1 3 10 12 1 1 100 1 8 1 10 12 1 10 7 12 1 1 1 3 100 1 8 1 10 10 7 12 1 1 1 7 1 10 11 7 12 1 1 1 10 12 1 1 11 12 1 1 11 7 12 1 1 1 11 12 1 1 7 1 10 7 12 1 1 1 5 0 10 12 1 10 12 1 1 100 1 10 8 1 10 8 1 8 1 10 12 1 1 10 7 12 1 1 1 100 1 1 1 1 3 1 3 1 1 1 1 1 1 1 1 1 1 1 1 1 1 1 1 1 1 1 1 1 1 1 1 1 1 1 1 1 1 1 1 1 1 1 1 1 1 1 1 1 1 1 1 1 1 1 1 1 1 1 1 1
ciInstanceKlass java/io/ByteArrayInputStream 1 1 96 10 7 12 1 1 1 9 7 12 1 1 1 9 12 1 1 9 12 1 9 12 1 10 7 12 1 1 1 10 7 12 1 1 1 10 7 12 1 1 1 10 7 12 1 1 1 10 12 1 1 10 100 12 1 1 1 1 1 1 1 1 1 1 1 1 1 1 1 1 1 1 1 1 1 1 1 1 1 1 1 100 1 1 1 1 1 1 1 1 1 1 1 1 1 1
instanceKlass com/oracle/truffle/polyglot/SystemThread
instanceKlass com/oracle/truffle/polyglot/PolyglotThreadTask$PolyglotThread
instanceKlass com/jme3/bullet/util/NativeLibrary$1
instanceKlass java/util/concurrent/ForkJoinWorkerThread
instanceKlass sun/awt/image/ImageFetcher
instanceKlass java/awt/EventDispatchThread
instanceKlass java/util/logging/LogManager$Cleaner
instanceKlass jdk/internal/misc/InnocuousThread
instanceKlass java/lang/ref/Finalizer$FinalizerThread
instanceKlass java/lang/ref/Reference$ReferenceHandler
ciInstanceKlass java/lang/Thread 1 1 612 9 7 12 1 1 1 9 12 1 1 10 12 1 1 9 12 1 1 9 12 1 1 100 1 8 1 10 12 1 1 3 8 1 100 1 5 0 10 12 1 1 10 7 12 1 1 9 12 1 1 9 12 1 9 12 1 1 9 12 1 100 1 8 1 10 9 12 1 1 10 7 12 1 1 1 10 100 12 1 1 1 10 10 7 12 1 1 10 12 1 1 10 12 1 1 9 100 12 1 1 1 10 12 1 1 10 12 1 9 12 1 1 10 12 1 1 10 12 1 1 9 12 1 10 12 1 1 9 12 1 1 10 7 12 1 1 1 9 12 1 1 9 12 1 1 10 12 1 1 10 7 12 1 1 1 9 12 1 10 12 1 1 9 12 1 100 1 10 7 1 10 8 1 10 12 1 1 10 12 1 10 12 1 10 12 1 1 10 12 1 10 12 1 9 12 1 100 1 10 10 12 1 1 10 12 1 10 12 1 100 1 11 7 12 1 1 9 7 12 1 1 1 10 12 1 10 12 1 10 12 9 12 1 1 10 9 12 1 10 12 1 100 1 10 10 12 1 1 9 12 1 10 12 1 11 100 12 1 1 10 12 1 9 12 1 10 12 1 10 12 1 10 10 12 1 10 12 1 10 12 1 10 12 1 10 12 1 1 100 1 10 10 12 1 10 12 1 10 12 1 9 100 12 1 1 1 10 12 1 1 10 12 1 100 1 8 1 10 10 12 1 10 12 8 1 10 12 1 8 1 10 8 1 8 1 10 100 12 1 1 10 100 12 1 1 1 100 1 8 1 10 9 12 1 9 12 1 1 10 12 1 1 10 10 12 1 1 9 12 1 10 12 1 1 100 1 10 12 11 100 12 1 1 1 9 100 12 1 1 1 9 12 1 1 10 12 1 1 100 1 10 12 1 11 100 12 1 1 1 100 1 10 12 1 10 12 1 1 11 12 1 10 12 1 100 1 10 12 1 10 12 1 1 10 7 12 1 1 1 8 1 9 12 1 10 12 1 1 11 100 12 1 1 1 10 100 12 1 1 1 11 12 1 10 12 1 7 1 1 1 1 3 1 3 1 3 1 1 1 1 1 1 1 1 1 1 1 1 1 1 1 1 1 1 1 100 1 1 1 1 1 1 1 1 1 1 1 1 100 1 100 1 1 1 1 1 1 1 1 1 1 1 1 1 1 1 1 1 1 1 1 1 1 1 1 1 1 1 1 1 1 1 1 1 1 1 1 1 1 1 1 1 1 1 100 100 1 1 1 1 1 1 1 1 1 100 1 1 1 1 1 1 1 1 1 1 1 1 1 1 1 1 1 1 1 1 1 1 1 1 1 1 1 1 100 1 1 1 1 1 1 100 1 1 100 1 1 1 1 1 1
staticfield java/lang/Thread EMPTY_STACK_TRACE [Ljava/lang/StackTraceElement; 0 [Ljava/lang/StackTraceElement;
instanceKlass com/oracle/truffle/api/TruffleStackTrace$LazyStackTrace
instanceKlass java/lang/Exception
instanceKlass java/lang/Error
ciInstanceKlass java/lang/Throwable 1 1 393 10 7 12 1 1 1 9 7 12 1 1 1 9 12 1 1 9 12 1 9 12 1 1 9 12 1 10 12 1 1 9 12 1 1 10 12 1 1 10 12 1 100 1 100 1 10 8 1 10 12 1 1 8 1 10 7 12 1 1 10 10 12 1 100 1 8 1 10 10 12 1 1 10 7 12 1 1 10 12 1 8 1 9 100 12 1 1 1 10 12 1 1 100 1 10 12 10 12 1 100 1 10 10 7 12 1 1 1 11 100 12 1 1 1 10 100 12 1 1 1 10 12 1 1 10 12 1 1 8 1 10 12 1 10 12 1 1 8 1 8 1 10 12 1 1 10 12 1 8 1 8 1 9 12 1 1 10 100 12 1 1 100 1 10 11 12 1 8 1 8 1 10 7 12 1 1 8 1 10 12 1 8 1 100 1 10 12 1 9 12 1 1 10 12 1 10 100 12 1 9 12 1 1 10 12 1 1 100 1 8 1 10 12 1 10 100 12 1 1 10 12 1 1 7 1 10 100 12 1 1 1 10 12 1 11 7 12 1 1 1 11 100 12 1 1 1 11 12 1 8 1 10 12 1 1 8 1 10 10 9 100 12 1 1 1 8 1 10 12 1 1 10 100 1 8 1 10 11 12 1 1 8 1 9 12 1 10 100 12 1 1 11 9 12 1 1 11 12 1 1 7 10 12 1 10 12 1 1 100 1 1 1 1 5 0 1 1 1 1 1 1 1 1 1 1 1 1 1 100 1 1 1 1 1 1 1 1 1 1 1 1 1 1 1 1 1 1 1 1 1 1 1 1 1 1 1 1 1 1 1 1 1 1 1 1 1 1 1 1 1 1 7 1 7 1 1 1 1 1 1 1 1 1 1 1 1 1 1 1 1 1 1
staticfield java/lang/Throwable UNASSIGNED_STACK [Ljava/lang/StackTraceElement; 0 [Ljava/lang/StackTraceElement;
staticfield java/lang/Throwable SUPPRESSED_SENTINEL Ljava/util/List; java/util/Collections$EmptyList
staticfield java/lang/Throwable EMPTY_THROWABLE_ARRAY [Ljava/lang/Throwable; 0 [Ljava/lang/Throwable;
staticfield java/lang/Throwable $assertionsDisabled Z 1
instanceKlass com/oracle/truffle/api/strings/TruffleString$NumberFormatException
instanceKlass com/oracle/truffle/api/TruffleStackTrace
instanceKlass com/oracle/truffle/api/nodes/SlowPathException
instanceKlass com/oracle/truffle/polyglot/PolyglotThreadAccessException
instanceKlass com/oracle/truffle/api/interop/InteropException
instanceKlass org/graalvm/polyglot/io/MessageTransport$VetoException
instanceKlass java/beans/PropertyVetoException
instanceKlass java/util/concurrent/TimeoutException
instanceKlass java/util/concurrent/ExecutionException
instanceKlass org/codehaus/groovy/GroovyException
instanceKlass javax/script/ScriptException
instanceKlass com/jme3/renderer/TextureUnitException
instanceKlass javax/swing/text/BadLocationException
instanceKlass java/awt/AWTException
instanceKlass java/util/prefs/BackingStoreException
instanceKlass java/security/GeneralSecurityException
instanceKlass javax/xml/parsers/ParserConfigurationException
instanceKlass org/xml/sax/SAXException
instanceKlass javax/naming/NamingException
instanceKlass java/net/URISyntaxException
instanceKlass java/lang/InterruptedException
instanceKlass java/lang/CloneNotSupportedException
instanceKlass java/awt/FontFormatException
instanceKlass sun/nio/fs/WindowsException
instanceKlass javax/swing/UnsupportedLookAndFeelException
instanceKlass java/security/PrivilegedActionException
instanceKlass java/io/IOException
instanceKlass java/lang/ReflectiveOperationException
instanceKlass java/lang/RuntimeException
ciInstanceKlass java/lang/Exception 1 1 40 10 7 12 1 1 1 10 12 1 10 12 1 10 12 1 10 12 1 100 1 1 1 1 5 0 1 1 1 1 1 1 1 1 1 1 1 1 1 1
instanceKlass java/lang/IllegalAccessException
instanceKlass java/lang/InstantiationException
instanceKlass java/lang/reflect/InvocationTargetException
instanceKlass java/lang/NoSuchFieldException
instanceKlass java/lang/NoSuchMethodException
instanceKlass java/lang/ClassNotFoundException
ciInstanceKlass java/lang/ReflectiveOperationException 1 1 34 10 7 12 1 1 1 10 12 1 10 12 1 10 12 1 100 1 1 1 1 5 0 1 1 1 1 1 1 1 1 1 1 1
instanceKlass java/lang/AssertionError
instanceKlass java/util/ServiceConfigurationError
instanceKlass java/lang/VirtualMachineError
instanceKlass java/lang/LinkageError
instanceKlass java/lang/ThreadDeath
ciInstanceKlass java/lang/Error 1 1 40 10 7 12 1 1 1 10 12 1 10 12 1 10 12 1 10 12 1 100 1 1 1 1 5 0 1 1 1 1 1 1 1 1 1 1 1 1 1 1
instanceKlass com/oracle/truffle/api/object/ObsolescenceStrategy$NonrecoverableError
instanceKlass com/oracle/truffle/polyglot/PolyglotContextImpl$ExitException
instanceKlass com/oracle/truffle/polyglot/PolyglotEngineImpl$CancelExecution
ciInstanceKlass java/lang/ThreadDeath 1 1 21 10 7 12 1 1 1 100 1 1 1 1 5 0 1 1 1 1 1 1 1
ciInstanceKlass java/lang/ClassNotFoundException 1 1 96 7 1 10 7 12 1 1 1 10 12 1 10 12 1 1 10 100 12 1 1 1 8 1 10 100 12 1 1 1 10 7 12 1 1 10 100 12 1 1 1 10 100 12 1 1 1 10 12 1 1 7 1 10 12 1 9 12 1 1 1 1 1 5 0 1 1 1 1 1 1 1 1 1 1 1 1 1 1 1 1 1 1 100 1 1 1 1 1 1 1 1 1 1 1 1
staticfield java/lang/ClassNotFoundException serialPersistentFields [Ljava/io/ObjectStreamField; 1 [Ljava/io/ObjectStreamField;
instanceKlass java/lang/ExceptionInInitializerError
instanceKlass java/lang/ClassFormatError
instanceKlass java/lang/UnsatisfiedLinkError
instanceKlass java/lang/IncompatibleClassChangeError
instanceKlass java/lang/BootstrapMethodError
instanceKlass java/lang/NoClassDefFoundError
ciInstanceKlass java/lang/LinkageError 1 1 31 10 7 12 1 1 1 10 12 1 10 12 1 100 1 1 1 1 5 0 1 1 1 1 1 1 1 1 1 1 1
instanceKlass org/foxesworld/kalitech/engine/modules/input/MouseState$Consumed
instanceKlass org/foxesworld/kalitech/engine/script/events/ScriptEventBus$QEvent
instanceKlass org/foxesworld/kalitech/engine/modules/material/MaterialTypes$TextureDesc
instanceKlass org/foxesworld/kalitech/engine/modules/material/MaterialTypes$TileWorld
instanceKlass org/foxesworld/kalitech/engine/api/impl/MaterialApiImpl$MaterialKey
instanceKlass org/foxesworld/kalitech/engine/modules/terrain/TerrainNoise$WarpParams
instanceKlass com/oracle/truffle/api/object/LayoutImpl$Key
instanceKlass com/oracle/truffle/js/runtime/JSParserOptions
instanceKlass com/oracle/truffle/js/runtime/JSLanguageOptions
instanceKlass com/oracle/truffle/regex/charset/UnicodePropertyData$Aliases
instanceKlass com/oracle/truffle/polyglot/InternalResourceRoots$Root
instanceKlass com/oracle/truffle/polyglot/InternalResourceRoots$ResolvedCacheFolder
instanceKlass org/foxesworld/kalitech/core/ICOParser$IconKey
instanceKlass org/foxesworld/kalitech/core/ICOParser$IconDirEntry
ciInstanceKlass java/lang/Record 1 1 22 10 7 12 1 1 1 100 1 1 1 1 1 1 1 1 1 1 1 1 1 1
ciInstanceKlass java/lang/Boolean 1 1 151 10 7 12 1 1 1 9 7 12 1 1 1 10 12 1 1 10 12 1 8 1 10 7 12 1 1 9 12 1 1 9 12 1 8 1 10 12 1 1 10 12 1 1 10 7 12 1 1 1 100 1 100 1 10 12 1 1 9 100 12 1 1 9 12 10 100 12 1 1 1 10 12 1 1 8 1 10 7 12 1 1 1 9 12 1 1 100 1 100 1 100 1 1 1 1 1 1 5 0 1 1 1 1 1 1 1 1 1 1 3 1 1 1 1 1 1 1 1 1 1 1 1 1 1 1 1 1 1 1 1 100 1 1 1 1 1 1 1 1 1 1 100 1 1 1 1 1 1 1 1
staticfield java/lang/Boolean TRUE Ljava/lang/Boolean; java/lang/Boolean
staticfield java/lang/Boolean FALSE Ljava/lang/Boolean; java/lang/Boolean
staticfield java/lang/Boolean TYPE Ljava/lang/Class; java/lang/Class
instanceKlass java/util/concurrent/locks/AbstractQueuedSynchronizer
ciInstanceKlass java/util/concurrent/locks/AbstractOwnableSynchronizer 1 1 32 10 7 12 1 1 1 9 7 12 1 1 1 100 1 1 1 1 5 0 1 1 1 1 1 1 1 1 1 1 1 1
instanceKlass com/oracle/truffle/js/runtime/SafeInteger
instanceKlass java/math/BigInteger
instanceKlass java/math/BigDecimal
instanceKlass java/util/concurrent/atomic/Striped64
instanceKlass java/util/concurrent/atomic/AtomicLong
instanceKlass java/util/concurrent/atomic/AtomicInteger
instanceKlass java/lang/Long
instanceKlass java/lang/Integer
instanceKlass java/lang/Short
instanceKlass java/lang/Byte
instanceKlass java/lang/Double
instanceKlass java/lang/Float
ciInstanceKlass java/lang/Number 1 1 37 10 7 12 1 1 1 10 100 12 1 1 1 100 1 1 1 1 5 0 1 1 1 1 1 1 1 1 1 1 1 1 1 1 1 1 1
instanceKlass java/lang/LiveStackFrameInfo
ciInstanceKlass java/lang/StackFrameInfo 1 1 132 10 7 12 1 1 1 9 7 12 1 1 1 9 7 1 9 12 1 1 11 7 12 1 1 1 9 12 1 1 11 12 1 1 10 12 1 1 10 100 12 1 1 1 10 12 1 11 12 1 11 12 1 1 11 12 1 10 12 1 1 9 12 1 1 10 12 1 1 10 100 12 1 1 10 12 1 1 11 12 1 1 10 12 1 9 12 1 1 10 12 1 1 100 1 8 1 10 12 1 10 7 12 1 1 1 100 1 1 1 1 1 1 1 1 1 1 1 1 1 1 1 1 1 1 100 1 1 1 1 1 1
staticfield java/lang/StackFrameInfo JLIA Ljdk/internal/access/JavaLangInvokeAccess; java/lang/invoke/MethodHandleImpl$1
ciInstanceKlass java/lang/LiveStackFrameInfo 0 0 97 10 100 12 1 1 1 9 100 12 1 1 1 9 12 1 9 12 1 9 12 1 9 12 1 1 100 1 10 12 1 1 10 12 1 8 1 10 12 1 1 8 1 8 1 8 1 10 100 1 10 12 1 100 1 10 12 1 100 1 100 1 1 1 3 1 3 1 1 1 1 1 1 1 1 1 1 1 1 1 1 1 1 1 1 1 1 1 1 1 1 1 1 1 100 1 1
ciMethod java/lang/Boolean booleanValue ()Z 278 0 139 0 -1
ciInstanceKlass java/lang/Character 1 1 576 7 1 100 1 100 1 9 12 1 1 8 1 9 12 1 1 100 1 9 12 1 1 10 100 12 1 1 1 10 100 12 1 1 1 10 100 12 1 1 1 10 7 12 1 1 1 9 7 12 1 1 1 10 12 1 10 12 1 1 10 12 1 1 10 100 12 1 1 10 12 1 1 3 3 3 3 3 10 12 1 1 10 12 1 3 11 7 12 1 1 1 11 12 1 1 10 12 1 1 10 12 1 1 100 1 10 10 12 1 3 10 12 1 1 10 12 1 10 12 1 1 100 1 8 1 10 12 1 1 10 12 1 10 12 1 10 12 1 10 12 1 10 12 1 1 10 12 1 10 7 12 1 1 10 10 12 1 10 10 12 1 10 12 1 1 10 12 1 10 10 12 1 10 12 1 10 12 1 10 12 1 10 12 1 10 12 1 10 12 1 10 12 10 10 12 10 10 12 1 10 10 12 1 10 10 12 1 10 10 12 1 10 10 12 1 10 10 12 1 10 10 12 1 1 10 10 12 1 10 5 0 10 12 1 10 12 1 10 10 12 1 10 10 12 1 1 10 10 12 1 10 10 12 1 9 12 1 1 100 1 10 10 12 1 10 12 1 1 3 10 100 12 1 1 1 10 12 1 10 100 12 1 1 100 1 10 10 12 1 1 10 12 1 1 10 12 1 1 8 1 10 12 1 9 100 12 1 1 1 10 12 1 10 10 12 1 10 12 1 1 10 12 1 10 10 12 1 1 10 10 12 1 1 100 1 8 1 10 12 1 1 10 7 12 1 1 1 8 1 10 12 1 1 9 12 1 1 100 1 100 1 100 1 1 1 1 3 1 3 1 3 1 3 1 1 1 1 1 3 1 1 3 1 3 1 3 1 3 1 3 1 3 1 3 1 3 1 3 1 3 1 3 1 3 1 3 1 3 1 3 1 3 1 3 1 3 1 3 1 3 1 3 1 3 1 3 1 3 1 3 1 3 1 3 1 3 1 1 1 1 1 1 1 1 1 1 1 1 1 1 1 1 1 1 1 3 1 1 1 1 1 1 1 3 1 1 3 1 1 1 1 1 3 1 1 5 0 1 1 1 1 1 1 1 1 1 1 1 1 1 1 1 1 1 1 1 1 1 1 1 1 1 1 1 1 1 1 1 1 1 1 1 1 1 1 1 1 1 1 1 1 1 1 1 1 1 1 1 1 1 1 1 1 1 1 1 1 1 1 1 1 1 1 1 1 1 1 1 1 1 1 1 1 1 1 1 1 1 1 1 1 1 1 1 1 1 100 1 100 1 1 1 1 1 1
staticfield java/lang/Character TYPE Ljava/lang/Class; java/lang/Class
staticfield java/lang/Character $assertionsDisabled Z 1
ciInstanceKlass java/lang/Float 1 1 223 7 1 100 1 10 7 12 1 1 1 10 7 12 1 1 1 4 100 1 10 12 1 1 10 12 1 1 8 1 8 1 10 100 12 1 1 1 10 12 1 1 10 12 1 1 10 4 4 4 10 7 12 1 1 9 12 1 1 10 12 1 1 10 12 1 10 12 1 10 12 1 1 10 12 1 10 12 1 3 10 12 1 1 10 12 1 1 10 12 1 10 100 12 1 1 1 10 12 1 1 10 12 1 1 8 1 10 7 12 1 1 1 9 12 1 1 100 1 100 1 100 1 1 1 1 1 4 1 1 1 4 1 1 3 1 3 1 3 1 3 1 1 1 1 5 0 1 1 1 1 1 1 1 1 1 1 7 1 1 1 1 1 1 1 1 1 1 1 1 1 3 1 1 1 1 1 1 1 1 1 1 1 1 1 1 1 1 1 1 1 1 1 1 1 1 1 1 1 1 1 1 1 1 1 1 1 1 1 1 7 1 1 1 1 1 1 1 100 1 100 1 1
staticfield java/lang/Float TYPE Ljava/lang/Class; java/lang/Class
ciInstanceKlass java/lang/Double 1 1 285 7 1 100 1 10 7 12 1 1 1 10 12 1 1 10 12 1 100 1 10 12 1 1 10 7 12 1 1 1 6 0 8 1 10 12 1 1 8 1 10 12 1 1 8 1 6 0 10 12 1 1 100 1 5 0 5 0 8 1 8 1 10 100 12 1 1 1 10 100 12 1 1 1 8 1 10 12 1 1 8 1 8 1 8 1 10 12 1 1 10 12 1 10 12 1 1 10 12 1 10 12 1 10 12 1 1 10 12 1 10 6 0 6 0 6 0 10 7 12 1 1 9 12 1 1 10 12 1 10 12 1 10 12 1 10 12 1 5 0 10 12 1 1 10 12 1 10 12 1 10 100 12 1 1 1 10 12 1 1 10 12 1 1 8 1 10 7 12 1 1 1 9 12 1 1 100 1 100 1 100 1 1 1 1 1 6 0 1 1 1 6 0 1 1 3 1 3 1 3 1 3 1 1 1 1 5 0 1 1 1 1 1 1 1 1 1 1 1 1 1 1 1 1 100 1 1 1 1 1 1 1 1 1 1 1 1 3 1 1 1 1 1 1 1 1 1 1 1 1 1 1 1 1 1 1 1 1 1 1 1 1 1 1 1 1 1 1 1 1 1 1 100 1 1 1 1 1 1 1 100 1 100 1 1
staticfield java/lang/Double TYPE Ljava/lang/Class; java/lang/Class
ciMethod java/lang/Double doubleValue ()D 266 0 133 0 -1
ciInstanceKlass java/lang/Byte 1 1 215 7 1 100 1 10 100 12 1 1 1 9 12 1 1 8 1 9 12 1 1 100 1 10 12 1 1 10 12 1 1 10 100 12 1 1 1 10 100 12 1 1 1 9 7 12 1 1 1 10 12 1 1 100 1 100 1 10 12 1 1 8 1 10 12 1 1 8 1 10 12 1 10 12 1 10 12 1 10 12 1 1 10 12 1 10 12 1 10 12 1 1 10 8 1 8 1 10 7 1 9 12 1 1 10 12 1 10 12 1 1 10 12 1 1 10 12 1 1 10 12 1 5 0 10 12 1 1 8 1 10 7 12 1 1 1 9 12 1 1 100 1 100 1 1 1 3 1 3 1 1 1 1 3 1 3 1 1 5 0 1 1 1 1 1 1 1 1 1 1 1 1 1 1 1 1 1 1 1 1 1 1 1 1 1 1 1 1 1 1 1 1 1 1 1 1 1 1 1 1 1 1 1 1 1 1 1 1 1 1 1 1 1 1 1
staticfield java/lang/Byte TYPE Ljava/lang/Class; java/lang/Class
ciInstanceKlass java/lang/Short 1 1 224 7 1 100 1 100 1 10 100 12 1 1 1 10 12 1 1 100 1 100 1 10 12 1 1 8 1 10 12 1 1 8 1 10 12 1 10 12 1 10 12 1 10 12 1 1 10 12 1 1 10 12 1 9 12 1 1 8 1 9 12 1 1 100 1 10 12 1 1 10 12 1 10 100 12 1 1 1 10 100 12 1 1 1 9 7 12 1 1 1 10 12 1 10 12 1 1 10 8 1 8 1 10 7 1 9 12 1 1 10 12 1 10 12 1 1 10 12 1 1 10 12 1 1 10 12 1 3 3 5 0 10 12 1 1 8 1 10 7 12 1 1 1 9 12 1 1 100 1 100 1 1 1 3 1 3 1 1 1 1 3 1 3 1 1 5 0 1 1 1 1 1 1 1 1 1 1 1 1 1 1 1 1 1 1 1 1 1 1 1 1 1 1 1 3 1 1 1 1 1 1 1 1 1 1 1 1 1 1 1 1 1 1 1 1 1 1 1 1 1 1 1 1 1
staticfield java/lang/Short TYPE Ljava/lang/Class; java/lang/Class
ciInstanceKlass java/lang/Integer 1 1 445 7 1 100 1 7 1 7 1 10 12 1 1 9 12 1 1 9 12 1 1 10 100 12 1 1 1 10 12 1 1 10 100 12 1 1 1 10 10 12 1 1 10 100 12 1 1 1 10 12 1 10 12 1 1 10 7 12 1 1 1 10 12 1 1 10 12 1 1 10 12 1 10 12 1 10 12 1 1 10 10 12 1 9 12 1 1 9 12 1 7 1 8 1 10 12 1 100 1 10 12 1 8 1 10 12 1 1 10 12 1 8 1 10 12 1 8 1 10 12 1 1 3 10 12 1 1 3 10 12 1 1 10 12 1 1 10 7 12 1 1 1 11 7 1 100 1 10 11 10 12 1 1 8 1 10 12 1 1 8 1 100 1 10 12 1 1 10 12 1 1 5 0 8 1 10 12 1 10 12 1 10 12 1 10 12 1 1 7 1 9 12 1 1 9 12 1 1 10 12 1 10 7 1 9 12 1 10 12 1 10 12 1 10 12 1 1 10 7 12 1 1 1 100 1 100 1 10 12 1 1 10 12 1 1 8 1 8 1 10 12 1 1 8 1 8 1 8 1 8 1 8 1 8 1 10 12 1 10 12 1 10 12 1 5 0 3 3 3 3 10 12 1 3 10 12 1 10 100 12 1 1 1 10 12 1 1 10 12 1 1 8 1 10 7 12 1 1 1 9 12 1 1 3 3 3 3 3 3 9 12 1 1 100 1 100 1 100 1 1 1 1 1 1 1 3 1 3 1 1 5 0 1 1 1 1 1 1 1 1 1 100 1 1 1 1 1 1 1 1 1 1 1 1 1 1 1 1 1 1 1 1 1 1 1 1 1 1 1 1 1 1 1 1 1 1 1 1 1 1 1 3 1 1 1 1 1 1 1 1 1 1 1 1 1 1 1 1 100 1 1 1 1 1 1 1 1 1 1 1 1 1 1 1 1 1 1 1 1 1 1 1 1 1 1 1 1 1 1 1 7 1 1 1 1 1 1 1 1 1 100 1 100 1 1
staticfield java/lang/Integer TYPE Ljava/lang/Class; java/lang/Class
staticfield java/lang/Integer digits [C 36
staticfield java/lang/Integer DigitTens [B 100
staticfield java/lang/Integer DigitOnes [B 100
staticfield java/lang/Integer sizeTable [I 10
ciMethod java/lang/Integer intValue ()I 260 0 130 0 -1
ciInstanceKlass java/lang/Long 1 1 506 7 1 100 1 7 1 7 1 10 12 1 1 9 12 1 1 9 7 12 1 1 1 10 100 12 1 1 1 10 12 1 1 10 100 12 1 1 1 10 10 12 10 12 1 10 12 1 10 12 1 5 0 5 0 100 1 10 12 1 1 10 12 1 1 10 12 1 10 12 1 10 12 1 10 12 1 1 10 100 12 1 1 10 12 1 10 12 1 1 10 12 1 1 10 12 1 1 10 12 1 1 10 7 12 1 1 1 10 12 1 1 10 12 1 10 12 1 10 12 1 10 12 1 1 10 10 12 1 5 0 5 0 9 12 1 1 9 12 1 5 0 100 1 8 1 10 12 1 8 1 10 12 1 8 1 8 1 10 12 1 1 5 0 10 12 1 1 5 0 10 12 1 1 10 12 1 1 10 100 12 1 1 1 11 100 1 100 1 10 11 10 12 1 1 8 1 10 12 1 1 8 1 100 1 10 12 1 1 10 12 1 8 1 8 1 11 12 1 1 10 12 1 10 12 1 10 12 1 5 0 5 0 9 7 12 1 1 1 10 12 1 10 12 1 1 8 1 8 1 10 12 1 1 8 1 8 1 8 1 8 1 8 1 8 1 10 12 1 10 12 1 10 12 1 1 10 7 1 9 12 1 1 10 12 1 10 12 1 1 10 7 12 1 1 1 100 1 100 1 10 12 1 1 10 12 1 1 5 0 10 12 1 10 12 1 5 0 5 0 5 0 10 12 1 1 5 0 5 0 10 12 1 10 12 1 10 100 12 1 1 1 10 12 1 1 10 12 1 1 8 1 10 7 12 1 1 1 9 12 1 1 100 1 100 1 100 1 1 1 1 5 0 1 1 1 1 3 1 3 1 5 0 1 1 1 1 1 1 1 1 1 100 1 1 1 1 1 1 1 1 1 1 1 1 1 1 1 1 1 1 1 1 1 1 1 1 1 1 1 1 1 1 1 1 1 1 1 1 1 1 1 1 1 1 1 1 1 1 1 1 1 1 1 1 1 1 3 1 1 1 1 1 1 1 1 1 1 1 1 1 1 1 100 1 1 1 1 1 1 1 1 1 1 1 1 1 1 1 1 1 1 1 1 1 1 1 1 1 1 1 100 1 1 1 1 1 1 1 1 1 100 1 100 1 1
staticfield java/lang/Long TYPE Ljava/lang/Class; java/lang/Class
ciMethod java/lang/Long longValue ()J 258 0 129 0 -1
instanceKlass java/lang/ref/PhantomReference
instanceKlass java/lang/ref/FinalReference
instanceKlass java/lang/ref/WeakReference
instanceKlass java/lang/ref/SoftReference
ciInstanceKlass java/lang/ref/Reference 1 1 195 9 7 12 1 1 1 9 7 12 1 1 10 12 1 1 10 12 1 1 9 12 1 1 10 12 1 1 9 12 1 1 9 12 1 1 7 1 10 12 1 10 7 12 1 1 10 12 1 10 12 1 1 10 12 1 9 12 1 10 12 1 1 10 12 1 10 12 1 9 12 1 100 1 100 1 10 12 1 9 12 1 9 12 1 100 1 10 10 12 1 10 10 7 12 1 1 10 7 12 1 1 1 10 12 1 1 10 7 12 1 1 7 1 8 1 10 12 1 10 12 1 1 10 12 1 1 10 12 1 7 1 10 10 7 12 1 1 1 1 1 1 1 1 1 1 1 1 1 1 1 1 1 1 1 100 1 1 1 100 1 1 1 1 1 1 1 1 1 1 1 1 1 1 1 1 1 1 1 1 1 1 1 1 1 1 1 1 1 1 1 1 1 1 1
staticfield java/lang/ref/Reference processPendingLock Ljava/lang/Object; java/lang/Object
staticfield java/lang/ref/Reference $assertionsDisabled Z 1
instanceKlass com/github/benmanes/caffeine/cache/References$SoftValueReference
instanceKlass com/sun/beans/util/Cache$Kind$Soft
instanceKlass org/codehaus/groovy/util/ReferenceType$SoftRef
instanceKlass org/apache/groovy/parser/antlr4/internal/atnmanager/AtnManager$AtnWrapperSoftReference
instanceKlass sun/util/locale/provider/LocaleResources$ResourceReference
instanceKlass sun/util/resources/Bundles$BundleReference
instanceKlass sun/font/FontDesignMetrics$KeyReference
instanceKlass sun/font/StrikeCache$SoftDisposerRef
instanceKlass sun/awt/SoftCache$ValueCell
instanceKlass com/formdev/flatlaf/util/SoftCache$CacheReference
instanceKlass java/util/ResourceBundle$BundleReference
instanceKlass java/lang/invoke/LambdaFormEditor$Transform
instanceKlass sun/util/locale/LocaleObjectCache$CacheEntry
ciInstanceKlass java/lang/ref/SoftReference 1 1 47 10 7 12 1 1 1 9 7 12 1 1 1 9 12 1 10 12 1 10 12 1 1 1 1 1 1 1 1 1 1 1 1 1 1 1 1 1 1 1 1 100 1 1 1 1 1
instanceKlass com/jme3/asset/cache/WeakRefAssetCache$AssetRef
instanceKlass com/oracle/truffle/js/runtime/util/ReferenceKey$WeakKeyWithIdentity
instanceKlass com/oracle/truffle/polyglot/PolyglotSourceCache$WeakSourceKey
instanceKlass com/oracle/truffle/api/object/StrongKeyWeakValueEntry
instanceKlass com/oracle/truffle/api/object/WeakKey
instanceKlass com/oracle/truffle/api/source/InternedSources$WeakSourceRef
instanceKlass com/oracle/truffle/api/TruffleLogger$LoggerCache$ContextWeakReference
instanceKlass com/oracle/truffle/api/utilities/TruffleWeakReference
instanceKlass com/oracle/truffle/api/TruffleLogger$AbstractLoggerRef
instanceKlass com/oracle/truffle/polyglot/TruffleContextCleanableReference
instanceKlass org/graalvm/polyglot/Engine$CleanableReference
instanceKlass com/github/benmanes/caffeine/cache/References$WeakKeyReference
instanceKlass com/jme3/bullet/NpoTracker
instanceKlass java/beans/WeakIdentityMap$Entry
instanceKlass org/codehaus/groovy/util/ReferenceType$WeakRef
instanceKlass org/apache/groovy/util/concurrent/ConcurrentReferenceHashMap$WeakKeyReference
instanceKlass com/jme3/asset/cache/WeakRefCloneAssetCache$AssetRef
instanceKlass sun/nio/ch/FileLockTable$FileLockReference
instanceKlass sun/awt/WeakIdentityHashMap$WeakKey
instanceKlass sun/java2d/ReentrantContextProvider$HardReference
instanceKlass javax/swing/text/GapContent$MarkData
instanceKlass sun/awt/image/ImageWatched$AccWeakReference
instanceKlass java/lang/WeakPairMap$WeakRefPeer
instanceKlass java/lang/ClassValue$Entry
instanceKlass java/util/logging/LogManager$LoggerWeakRef
instanceKlass java/util/logging/Level$KnownLevel
instanceKlass java/util/ResourceBundle$KeyElementReference
instanceKlass java/lang/invoke/MethodType$ConcurrentWeakInternSet$WeakEntry
instanceKlass java/lang/ThreadLocal$ThreadLocalMap$Entry
instanceKlass java/util/WeakHashMap$Entry
ciInstanceKlass java/lang/ref/WeakReference 1 1 31 10 7 12 1 1 1 10 12 1 100 1 1 1 1 1 1 1 1 1 1 1 1 1 1 1 1 1 1 1 1
instanceKlass java/lang/ref/Finalizer
ciInstanceKlass java/lang/ref/FinalReference 1 1 47 10 7 12 1 1 1 10 7 12 1 1 1 10 12 1 1 100 1 8 1 10 12 1 1 1 1 1 1 1 1 1 1 1 1 1 1 1 1 1 1 1 1 1 1 1 1
ciInstanceKlass java/lang/ref/Finalizer 1 1 152 9 7 12 1 1 1 10 7 12 1 1 1 9 12 1 1 9 12 1 1 9 12 1 9 12 1 10 12 1 10 12 1 1 9 12 1 1 100 1 10 12 1 7 1 11 7 12 1 1 100 1 10 12 1 100 1 10 12 1 10 100 12 1 1 1 10 100 12 1 1 1 100 1 10 10 12 1 10 7 12 1 1 1 7 1 10 7 1 10 10 7 12 1 1 1 10 12 1 1 10 7 12 1 1 7 1 10 12 1 10 12 1 1 10 12 1 1 10 12 1 1 1 1 1 1 1 1 1 1 1 1 1 1 1 1 1 1 1 1 1 1 1 1 1 1 1 1 1 1 1 1
staticfield java/lang/ref/Finalizer lock Ljava/lang/Object; java/lang/Object
staticfield java/lang/ref/Finalizer $assertionsDisabled Z 1
instanceKlass com/jme3/util/NativeObjectManager$NativeObjectRef
instanceKlass com/jme3/asset/cache/WeakRefCloneAssetCache$KeyRef
instanceKlass com/jme3/util/LWJGLBufferAllocator$Deallocator
instanceKlass jdk/internal/ref/PhantomCleanable
instanceKlass jdk/internal/ref/Cleaner
ciInstanceKlass java/lang/ref/PhantomReference 1 1 39 10 100 12 1 1 1 10 7 12 1 1 1 1 1 1 1 1 1 1 1 1 1 1 1 1 1 1 1 1 1 1 1 1 1 1 1 1 1
instanceKlass java/lang/reflect/Executable
instanceKlass java/lang/reflect/Field
ciInstanceKlass java/lang/reflect/AccessibleObject 1 1 398 10 7 12 1 1 1 9 100 12 1 1 1 10 100 12 1 1 1 10 7 12 1 1 10 7 12 1 1 1 10 7 12 1 1 1 10 12 1 1 10 12 1 1 9 12 1 1 7 1 10 7 12 1 1 1 11 12 1 100 1 10 12 1 7 1 100 1 10 12 1 10 12 1 1 7 1 10 100 12 1 1 1 10 12 1 1 7 1 10 12 1 1 100 1 10 10 10 7 12 1 1 1 10 12 1 1 10 12 1 10 12 1 10 12 1 1 10 12 1 8 1 100 1 10 10 12 1 1 8 1 10 12 1 10 12 1 8 1 8 1 8 1 8 1 8 1 8 1 100 1 10 12 1 10 12 1 9 12 1 1 10 12 1 1 10 12 1 10 11 100 1 100 1 8 1 10 10 12 1 10 12 1 1 8 1 10 12 1 8 1 10 12 1 1 10 100 1 8 1 10 11 7 12 1 1 10 12 1 1 10 12 1 1 10 12 1 1 9 12 1 1 100 1 10 12 1 7 1 10 12 1 10 12 1 1 10 100 1 10 12 1 10 12 10 12 1 10 12 1 1 10 12 1 10 12 1 1 10 12 1 9 12 1 10 100 12 1 1 8 1 10 100 12 1 1 1 8 1 10 100 12 1 1 1 9 12 1 100 1 10 7 1 10 10 7 12 1 1 1 7 1 10 10 7 12 1 1 1 7 1 9 12 1 1 1 1 1 1 1 1 1 1 1 1 1 1 1 1 1 1 1 1 1 1 1 1 1 1 1 1 1 1 1 1 1 1 1 1 1 1 1 1 1 1 1 1 1 1 1 1 1 1 1 1 1 1 1 1 1 1 1 1 1 1 1 1 1 1 1 1 1 1 1 1 1 1 1 1 1 1 1 1 1 1 1 1 1
staticfield java/lang/reflect/AccessibleObject reflectionFactory Ljdk/internal/reflect/ReflectionFactory; jdk/internal/reflect/ReflectionFactory
instanceKlass java/lang/reflect/Constructor
instanceKlass java/lang/reflect/Method
ciInstanceKlass java/lang/reflect/Executable 1 1 548 10 7 12 1 1 1 10 7 12 1 1 1 10 7 12 1 1 1 11 7 12 1 1 1 10 7 12 1 1 1 10 12 1 1 10 7 12 1 1 1 10 7 12 1 1 1 10 12 1 8 1 10 10 12 1 1 10 12 1 1 10 7 12 1 1 1 18 12 1 1 11 7 12 1 1 1 8 1 8 1 8 1 10 7 12 1 1 1 11 12 1 1 7 1 8 1 8 1 10 12 1 100 1 8 1 10 12 1 8 1 11 7 12 1 1 1 7 1 10 12 1 1 11 12 1 8 1 18 8 1 10 12 1 10 12 1 1 18 8 1 10 12 1 7 1 10 12 1 10 12 1 11 7 12 1 1 10 12 1 1 8 1 8 1 10 12 1 1 10 12 1 1 10 10 12 1 100 1 10 10 12 1 10 12 1 1 10 7 12 1 1 10 12 1 10 12 1 10 12 1 1 10 7 12 1 1 10 12 1 10 12 1 10 7 12 1 1 1 10 12 1 8 1 10 12 1 10 12 1 3 100 1 8 1 10 12 1 10 12 1 10 10 12 1 10 12 1 1 8 1 8 1 8 1 9 12 1 10 12 1 100 1 8 1 9 12 1 10 12 1 10 12 1 1 10 12 1 1 10 12 1 10 12 10 12 1 7 1 10 12 1 10 12 1 1 100 1 10 100 12 1 1 1 7 1 10 7 12 1 1 1 10 12 1 1 11 7 12 1 1 10 7 12 1 1 10 100 12 1 1 1 10 12 1 1 9 12 1 10 12 1 1 10 12 1 10 12 1 1 9 100 12 1 1 1 10 100 12 1 1 1 10 12 1 10 12 1 1 9 12 1 10 10 10 10 100 12 1 1 1 10 12 1 9 12 1 10 12 1 1 9 12 1 100 1 100 1 1 1 1 1 1 1 1 1 1 1 1 1 1 1 1 1 1 1 1 1 1 1 1 1 1 1 1 1 1 1 1 1 1 100 1 1 1 1 1 1 1 1 100 1 1 1 1 1 1 1 1 1 1 1 1 100 1 1 1 1 1 1 1 1 1 1 1 1 1 1 1 1 1 1 1 1 1 1 1 1 1 1 1 1 1 1 1 1 1 1 1 1 1 1 1 1 1 100 1 1 1 1 1 1 1 1 1 1 1 1 1 1 1 1 1 1 1 1 1 100 1 100 1 1 15 10 7 12 1 1 1 16 15 16 1 16 1 15 10 12 16 1 100 1 1 100 1 100 1 1
ciInstanceKlass java/lang/reflect/Constructor 1 1 433 10 7 12 1 1 1 10 7 12 1 1 9 7 12 1 1 1 10 12 1 1 10 12 1 1 10 7 12 1 1 9 12 1 1 10 7 12 1 1 1 9 12 1 1 9 12 1 1 9 12 1 9 12 1 1 9 12 1 9 12 1 1 9 12 1 1 9 12 1 100 1 8 1 10 12 1 10 12 1 9 12 1 1 10 7 12 1 1 10 7 12 1 1 1 10 12 1 1 10 12 1 1 10 12 1 7 1 100 1 8 1 10 10 12 1 10 12 1 10 12 1 1 10 12 1 1 9 100 12 1 1 1 10 7 12 1 1 10 12 1 1 10 12 1 10 12 1 1 10 100 12 1 1 1 10 100 12 1 1 10 12 1 1 10 12 1 10 100 12 1 1 1 8 1 10 10 12 1 100 1 8 1 10 12 1 10 12 1 1 10 12 1 1 10 12 1 10 12 1 10 12 1 1 10 12 1 1 9 12 1 1 10 12 1 1 10 12 1 1 10 12 1 8 1 10 12 1 1 11 7 12 1 1 1 10 12 1 1 10 12 1 10 12 1 9 12 1 1 10 7 12 1 1 1 10 12 1 1 10 12 1 1 10 12 1 1 10 12 1 1 10 12 1 9 100 12 1 1 10 12 1 10 12 1 10 12 1 100 1 8 1 10 10 12 1 1 10 12 1 10 10 12 1 1 10 12 1 1 10 100 12 1 1 1 11 100 12 1 1 1 10 12 1 1 9 100 12 1 1 1 10 100 12 1 1 1 10 12 1 1 1 1 1 1 1 1 1 1 1 1 1 1 1 1 1 1 1 1 1 1 1 1 1 1 1 1 1 1 1 1 1 1 1 1 1 1 1 1 1 1 1 1 1 1 1 1 1 1 1 100 1 100 1 100 1 100 1 1 1 1 1 1 1 1 1 1 1 1 1 1 1 1 1 1 1 1 1 1 1 1 1 1 1 1 1 1 1 1 1 100 1 1
ciInstanceKlass java/lang/reflect/Method 1 1 450 9 7 12 1 1 1 10 7 12 1 1 1 10 7 12 1 1 9 12 1 1 10 12 1 1 10 12 1 1 10 7 12 1 1 10 7 12 1 1 1 9 12 1 1 9 12 1 9 12 1 1 9 12 1 9 12 1 9 12 1 1 9 12 1 9 12 1 1 9 12 1 9 12 1 9 12 1 1 100 1 8 1 10 12 1 10 12 1 9 12 1 1 8 1 10 7 12 1 1 10 7 12 1 1 1 10 12 1 1 10 12 1 1 10 12 1 10 12 1 1 10 12 1 1 9 7 12 1 1 1 10 12 1 1 10 12 10 7 12 1 1 10 12 1 1 10 12 1 10 12 1 10 12 1 10 7 12 1 1 1 10 12 1 1 10 7 1 10 7 12 1 1 1 10 7 12 1 1 10 12 1 1 10 12 1 1 10 12 1 10 7 12 1 1 1 10 12 1 10 8 1 10 12 1 10 12 1 7 1 8 1 8 1 8 1 10 12 1 10 12 1 1 10 12 1 1 10 10 12 1 1 10 12 1 11 7 1 9 12 1 1 10 12 1 1 10 12 1 10 12 1 1 10 12 1 1 11 7 12 1 1 1 10 12 1 10 12 1 10 12 1 10 12 1 10 12 1 9 12 1 1 10 7 12 1 1 1 10 12 1 1 10 7 12 1 1 1 10 7 12 1 1 1 10 7 12 1 1 1 11 7 12 1 1 1 10 7 12 1 1 1 7 1 100 1 100 1 10 12 1 10 12 1 1 10 12 1 100 1 8 1 10 12 1 10 10 12 1 1 10 12 1 1 10 12 1 1 10 12 1 1 8 1 10 12 1 1 1 1 1 1 1 1 1 1 1 1 1 1 1 1 1 1 1 1 1 1 1 1 1 1 1 1 1 1 1 1 1 1 1 1 1 1 1 1 1 1 1 1 1 1 1 1 1 1 1 1 1 100 1 100 1 100 1 1 1 1 1 1 1 1 1 1 1 1 1 1 1 1 1 1 1 1 1 1 1 1 1 1
ciInstanceKlass java/lang/reflect/Field 1 1 437 9 7 12 1 1 1 10 12 1 1 10 7 12 1 1 1 10 7 12 1 1 9 12 1 1 10 12 1 1 10 12 1 1 10 7 12 1 1 10 7 12 1 1 1 9 12 1 1 9 12 1 9 12 1 9 12 1 1 9 12 1 1 9 12 1 9 12 1 1 9 12 1 1 100 1 8 1 10 12 1 10 12 1 9 12 1 1 9 12 1 10 12 1 10 7 12 1 1 10 12 1 1 10 12 1 1 10 12 1 10 12 1 1 7 1 10 12 1 1 10 12 1 1 10 12 1 1 10 12 1 10 12 1 10 7 1 10 7 12 1 1 100 1 10 8 1 10 12 1 1 10 12 1 1 8 1 10 12 10 12 1 8 1 8 1 10 11 100 1 9 12 1 10 12 1 1 10 12 1 1 11 7 12 1 1 1 11 12 1 1 11 12 1 1 11 12 1 1 11 12 1 1 11 12 1 1 11 12 1 1 11 12 1 1 11 12 1 1 11 12 1 1 11 12 1 1 11 12 1 1 11 12 1 1 11 12 1 1 11 12 1 1 11 12 1 1 11 12 1 1 11 12 1 1 10 12 1 10 7 12 1 1 10 12 1 10 12 1 1 10 12 9 12 1 1 10 7 12 1 1 1 10 12 1 1 10 7 12 1 1 10 12 1 1 11 7 1 10 12 1 7 1 10 100 12 1 1 1 10 7 12 1 1 1 9 12 1 10 7 12 1 1 1 11 7 12 1 1 1 10 12 1 1 10 12 1 1 9 100 12 1 1 1 10 100 12 1 1 1 10 12 1 1 100 1 1 1 1 1 1 1 1 1 1 1 1 1 1 1 1 1 1 1 1 1 1 1 1 1 1 1 1 1 1 1 1 1 1 1 100 1 1 1 1 1 1 1 1 1 1 1 1 1 1 1 1 1 1 1 1 1 1 1 1 1 1 1 1 1 1 1 1 1 1 100 1 1 1 1 1 1 1 1 100 1 1
ciInstanceKlass java/lang/reflect/Parameter 1 1 226 10 7 12 1 1 1 9 7 12 1 1 1 9 12 1 1 9 12 1 1 9 12 1 10 12 1 1 10 12 1 1 10 7 12 1 1 1 100 1 10 10 12 1 1 11 100 12 1 1 1 10 12 1 10 100 12 1 1 1 10 12 1 1 10 12 1 10 12 1 8 1 8 1 10 7 12 1 1 1 10 12 1 10 12 10 12 1 8 1 10 12 1 9 12 1 1 10 12 1 1 9 12 1 1 10 12 1 1 10 12 1 1 10 12 1 1 10 12 1 10 10 12 1 10 100 12 1 1 1 10 12 1 1 11 100 12 1 1 10 100 12 1 1 100 1 10 100 12 1 1 1 10 12 1 1 10 12 1 1 10 12 1 1 10 12 1 1 9 12 1 100 1 10 11 12 1 1 11 12 1 1 100 1 1 1 1 1 1 1 1 1 1 1 1 1 1 1 1 1 1 1 1 1 1 1 1 1 1 1 1 1 1 1 1 1 1 1 1 1 1 100 1 1 1 1
ciInstanceKlass java/lang/StringBuffer 1 1 470 10 7 12 1 1 1 10 12 1 10 12 1 10 12 1 1 9 7 12 1 1 1 10 12 1 1 10 12 1 10 12 1 1 9 12 1 1 10 12 1 10 12 1 1 10 12 1 1 10 12 1 10 12 1 1 10 12 1 10 12 1 1 10 12 1 1 10 100 12 1 1 1 10 12 1 1 10 12 1 10 12 1 10 12 1 10 12 1 10 12 1 10 12 1 10 12 1 10 12 1 10 12 1 10 12 1 10 12 1 10 12 1 10 12 1 10 12 1 1 10 12 1 10 12 1 1 10 12 1 1 10 10 12 1 1 10 12 1 10 12 1 10 12 1 10 12 1 10 12 1 10 12 1 10 12 10 12 1 10 12 1 10 12 1 10 12 1 1 10 12 1 10 12 1 10 10 12 1 1 10 12 1 1 9 12 1 1 10 7 12 1 1 1 10 7 1 10 10 100 12 1 1 1 10 10 12 1 10 8 10 100 12 1 1 1 8 10 12 1 8 1 10 12 1 10 12 1 10 100 12 1 1 1 10 100 12 1 1 1 7 1 10 12 100 1 8 1 10 10 12 1 1 10 12 1 1 10 12 1 1 10 12 1 10 12 1 10 12 1 10 12 1 10 12 1 10 12 1 10 12 1 10 12 1 10 12 1 10 12 1 10 12 1 10 12 1 10 12 1 10 12 1 10 12 1 10 12 1 10 12 10 12 10 12 1 10 12 1 10 12 1 10 12 10 12 1 10 12 1 10 12 1 10 12 1 10 12 1 10 12 1 10 12 1 10 12 1 10 12 1 10 12 1 10 12 1 7 1 10 12 1 9 7 12 1 1 1 9 7 1 9 12 1 1 100 1 100 1 100 1 1 1 1 5 0 1 1 1 1 1 1 1 1 1 1 1 1 1 1 1 1 1 1 1 1 1 1 1 1 1 1 1 1 1 1 1 1 1 1 1 1 1 1 1 1 1 1 1 1 1 1 1 1 1 1 1 1 1 1 1 1 1 1 1 1 100 1 1 1 1 1 100 1 1 1 1 1 1 1 1 1 1 1 1 1 1 1 1 1
staticfield java/lang/StringBuffer serialPersistentFields [Ljava/io/ObjectStreamField; 3 [Ljava/io/ObjectStreamField;
instanceKlass java/lang/StringBuilder
instanceKlass java/lang/StringBuffer
ciInstanceKlass java/lang/AbstractStringBuilder 1 1 547 7 1 7 1 10 7 12 1 1 1 9 7 12 1 1 1 9 12 1 9 12 1 1 9 12 1 1 10 7 12 1 1 1 10 12 1 1 3 3 10 12 1 10 12 1 1 11 7 1 100 1 100 1 10 8 1 10 12 1 10 12 1 10 12 1 1 10 12 1 10 12 1 10 12 1 9 12 1 1 10 12 1 1 10 7 12 1 1 1 10 10 12 1 10 12 1 10 12 1 1 10 12 1 1 10 7 12 1 1 1 10 7 12 1 1 1 100 1 8 1 10 10 12 1 1 100 1 10 12 10 12 1 1 10 10 12 1 1 10 12 1 1 10 12 1 1 10 12 1 1 100 1 10 10 12 1 10 100 12 1 1 1 10 12 1 1 10 12 1 10 12 1 1 10 10 12 1 1 10 12 10 12 1 10 12 1 1 10 12 1 1 10 12 1 1 10 12 1 10 10 12 1 1 10 12 1 10 12 1 1 8 1 10 12 1 1 10 12 1 10 12 1 10 12 1 10 12 1 10 12 1 10 12 1 10 7 12 1 1 10 12 1 10 12 1 10 7 12 1 1 1 10 12 1 10 12 1 10 12 1 10 12 1 10 12 1 1 10 12 1 10 12 1 1 10 12 1 1 10 10 7 12 1 1 1 10 12 1 10 12 1 10 12 1 1 10 12 1 10 12 1 10 12 1 10 12 1 10 12 1 10 12 1 10 12 1 10 12 1 10 12 1 1 10 12 1 10 12 1 10 12 10 12 1 1 18 12 1 1 100 1 10 100 12 1 1 1 18 10 12 1 1 10 12 1 10 12 1 1 11 12 1 10 12 1 10 12 1 10 10 12 1 10 8 1 8 1 8 1 10 10 100 1 10 12 1 100 1 10 100 1 10 100 1 1 1 3 1 1 1 1 1 1 1 1 1 1 100 1 1 1 1 1 1 1 1 1 1 1 1 1 1 1 1 1 1 1 1 1 1 1 1 1 1 1 1 1 1 1 1 1 1 1 1 1 1 1 1 1 1 1 1 1 1 1 1 1 1 1 1 1 1 1 1 1 1 1 1 1 1 1 1 1 1 1 1 1 1 1 1 1 1 1 1 1 1 1 1 1 1 1 1 1 1 1 1 1 1 1 1 1 1 1 1 1 100 1 1 100 1 1 1 1 1 100 1 1 1 1 1 1 15 10 100 12 1 1 1 16 1 15 10 12 16 15 10 12 1 1 1 1 100 1 100 1 1
staticfield java/lang/AbstractStringBuilder EMPTYVALUE [B 0
ciInstanceKlass java/lang/SecurityManager 0 0 576 10 100 12 1 1 1 9 100 12 1 1 1 10 100 12 1 1 1 100 1 8 1 10 12 1 10 12 1 1 10 100 12 1 1 1 10 100 1 10 100 1 10 9 100 12 1 1 1 10 100 12 1 1 1 10 12 1 1 10 100 12 1 1 100 1 8 1 10 9 12 1 1 9 12 1 8 1 9 12 1 100 1 10 8 1 10 12 1 1 10 12 1 10 12 1 1 100 1 10 10 12 1 1 100 1 8 1 10 12 1 8 1 8 1 8 1 8 1 8 1 8 1 10 12 1 8 1 8 1 8 1 8 1 8 1 10 100 12 1 1 1 10 12 1 1 8 1 100 1 8 1 10 8 1 8 1 8 1 8 1 8 1 10 100 12 1 1 8 1 100 1 8 1 8 1 10 8 1 10 12 1 100 1 8 1 10 10 12 1 1 10 12 1 10 12 1 10 12 1 10 100 12 1 1 1 10 12 1 10 100 12 1 1 11 100 12 1 1 1 18 12 1 1 11 100 12 1 1 1 18 12 1 1 11 12 1 1 18 18 11 12 1 18 12 1 11 12 1 1 9 12 1 1 9 12 1 9 12 1 9 12 1 100 1 10 100 12 1 1 10 12 1 10 12 1 18 12 1 18 10 100 12 1 1 1 18 12 1 10 12 1 18 18 8 1 10 12 1 9 12 1 1 11 100 12 1 1 1 8 1 100 1 10 12 1 10 12 1 1 10 12 1 1 9 12 1 1 10 12 1 10 12 1 1 8 1 100 1 10 9 12 1 8 1 10 12 1 8 1 100 1 10 10 100 12 1 1 10 100 1 9 100 12 1 1 1 11 12 1 1 10 12 1 11 12 1 10 12 1 100 1 10 10 12 1 1 10 12 1 1 1 1 1 1 1 1 1 1 1 100 1 1 1 1 1 1 1 1 1 1 1 1 1 1 1 1 1 1 1 1 1 1 1 1 1 1 1 1 1 1 1 1 1 1 1 1 1 1 1 1 1 1 1 1 1 1 1 1 1 1 1 1 1 1 1 1 3 1 1 1 1 1 1 1 1 1 1 100 1 1 1 1 1 1 1 1 1 1 1 1 1 1 1 1 1 1 1 1 1 1 1 1 1 1 1 1 1 1 1 1 1 1 1 1 1 1 15 10 100 12 1 1 1 16 15 10 100 12 1 1 1 16 1 16 15 10 12 16 1 15 10 12 16 15 11 100 1 16 1 16 1 15 10 12 16 15 10 12 16 15 10 12 1 16 1 15 11 12 1 15 10 12 16 15 10 16 1 1 1 1 100 1 100 1 1
instanceKlass com/oracle/truffle/js/nodes/function/JSBuiltinNode$RewriteToCallException
instanceKlass com/oracle/truffle/api/nodes/ControlFlowException
instanceKlass com/oracle/js/parser/ParserException
instanceKlass com/oracle/truffle/api/dsl/UnsupportedSpecializationException
instanceKlass com/oracle/truffle/api/exception/AbstractTruffleException
instanceKlass org/graalvm/polyglot/PolyglotException
instanceKlass com/oracle/truffle/polyglot/PolyglotEngineException
instanceKlass org/foxesworld/kalitech/engine/script/jobs/ScriptJobQueue$JobFailedException
instanceKlass java/util/concurrent/CompletionException
instanceKlass org/foxesworld/kalitech/engine/api/contract/ApiContractException
instanceKlass org/codehaus/groovy/runtime/powerassert/SourceTextNotAvailableException
instanceKlass org/codehaus/groovy/classgen/ClassGeneratorException
instanceKlass java/lang/NegativeArraySizeException
instanceKlass java/lang/reflect/InaccessibleObjectException
instanceKlass java/util/EmptyStackException
instanceKlass groovyjarjarantlr4/v4/runtime/RecognitionException
instanceKlass java/nio/file/FileSystemNotFoundException
instanceKlass java/nio/file/FileSystemAlreadyExistsException
instanceKlass org/codehaus/groovy/vmplugin/v9/ClassFindFailedException
instanceKlass java/lang/IllegalCallerException
instanceKlass java/lang/reflect/MalformedParameterizedTypeException
instanceKlass java/lang/TypeNotPresentException
instanceKlass org/codehaus/groovy/control/CompilationUnit$1ClosureFound
instanceKlass groovy/lang/StringWriterIOException
instanceKlass org/codehaus/groovy/control/ConfigurationException
instanceKlass groovy/lang/GroovyRuntimeException
instanceKlass java/util/ConcurrentModificationException
instanceKlass com/jme3/asset/AssetLoadException
instanceKlass java/nio/BufferUnderflowException
instanceKlass java/nio/BufferOverflowException
instanceKlass com/jme3/renderer/RendererException
instanceKlass java/io/UncheckedIOException
instanceKlass com/jme3/asset/AssetNotFoundException
instanceKlass java/lang/IndexOutOfBoundsException
instanceKlass java/time/DateTimeException
instanceKlass com/sun/org/apache/xerces/internal/xni/XNIException
instanceKlass java/lang/reflect/UndeclaredThrowableException
instanceKlass org/apache/logging/log4j/core/config/ConfigurationException
instanceKlass org/apache/logging/log4j/util/InternalException
instanceKlass java/lang/SecurityException
instanceKlass org/apache/logging/log4j/LoggingException
instanceKlass java/lang/UnsupportedOperationException
instanceKlass java/util/NoSuchElementException
instanceKlass java/util/MissingResourceException
instanceKlass java/lang/IllegalStateException
instanceKlass java/lang/IllegalArgumentException
instanceKlass java/lang/ArithmeticException
instanceKlass java/lang/NullPointerException
instanceKlass java/lang/IllegalMonitorStateException
instanceKlass java/lang/ArrayStoreException
instanceKlass java/lang/ClassCastException
ciInstanceKlass java/lang/RuntimeException 1 1 40 10 7 12 1 1 1 10 12 1 10 12 1 10 12 1 10 12 1 100 1 1 1 1 5 0 1 1 1 1 1 1 1 1 1 1 1 1 1 1
instanceKlass com/oracle/truffle/api/strings/TruffleString$IllegalByteArrayLengthException
instanceKlass java/util/regex/PatternSyntaxException
instanceKlass java/nio/file/InvalidPathException
instanceKlass java/nio/file/ProviderMismatchException
instanceKlass com/formdev/flatlaf/ui/FlatStylingSupport$UnknownStyleException
instanceKlass java/util/IllegalFormatException
instanceKlass java/lang/NumberFormatException
ciInstanceKlass java/lang/IllegalArgumentException 1 1 35 10 7 12 1 1 1 10 12 1 10 12 1 10 12 1 100 1 1 1 1 5 0 1 1 1 1 1 1 1 1 1 1 1 1
ciInstanceKlass java/lang/ArithmeticException 1 1 26 10 7 12 1 1 1 10 12 1 100 1 1 1 1 5 0 1 1 1 1 1 1 1 1 1
ciInstanceKlass java/lang/NullPointerException 1 1 52 10 100 12 1 1 1 10 12 1 9 100 12 1 1 1 10 12 1 1 9 12 1 1 10 12 1 1 10 12 1 1 1 1 5 0 1 1 1 1 1 1 1 1 100 1 100 1 100 1 1 1
instanceKlass com/oracle/truffle/polyglot/PolyglotMap
instanceKlass org/apache/groovy/util/concurrent/concurrentlinkedhashmap/ConcurrentLinkedHashMap
instanceKlass org/apache/groovy/util/concurrent/ConcurrentReferenceHashMap
instanceKlass com/jme3/util/ListMap
instanceKlass java/util/concurrent/ConcurrentSkipListMap
instanceKlass java/util/Collections$SingletonMap
instanceKlass java/util/EnumMap
instanceKlass sun/awt/SoftCache
instanceKlass java/util/TreeMap
instanceKlass java/util/IdentityHashMap
instanceKlass java/util/WeakHashMap
instanceKlass java/util/Collections$EmptyMap
instanceKlass sun/util/PreHashedMap
instanceKlass java/util/HashMap
instanceKlass java/util/ImmutableCollections$AbstractImmutableMap
instanceKlass java/util/concurrent/ConcurrentHashMap
ciInstanceKlass java/util/AbstractMap 1 1 192 10 7 12 1 1 1 10 7 12 1 1 1 11 7 12 1 1 1 10 11 12 1 1 11 7 12 1 1 1 11 12 1 1 7 1 11 12 1 10 12 1 1 11 12 1 100 1 10 11 12 1 11 7 1 10 12 1 1 11 12 1 9 12 1 1 7 1 10 12 1 9 12 1 1 100 1 10 11 11 12 1 1 11 12 1 100 1 100 1 11 12 1 8 1 100 1 10 10 12 1 1 8 1 10 12 1 10 12 1 1 10 12 1 1 1 1 1 1 1 1 1 1 1 1 1 1 1 1 1 1 1 1 1 1 1 1 1 1 1 1 1 1 1 1 1 1 1 1 1 1 1 1 100 1 1 1 1 1 1 1 1 1 1 1 1 1 1 1 1 7 1 1 1 1 1 1 1 1 1 100 1 100 1 100 1 100 1 1 1 1 1
ciInstanceKlass java/security/AccessControlContext 1 1 373 9 7 12 1 1 1 9 12 1 1 10 100 12 1 1 1 8 1 10 100 12 1 1 1 10 7 12 1 1 1 9 12 1 9 12 1 1 9 12 1 1 10 7 12 1 1 100 1 10 12 1 11 100 12 1 1 1 11 12 1 11 12 1 11 12 1 1 7 1 11 12 1 1 10 12 1 10 7 12 1 1 1 9 100 12 1 1 1 10 100 12 1 1 1 11 100 12 1 1 1 10 7 1 100 1 8 1 10 12 1 10 12 1 1 7 1 10 7 12 1 1 1 9 12 1 9 12 1 9 12 1 9 12 1 1 9 12 1 1 9 12 1 9 12 1 10 7 12 1 1 1 9 12 1 10 12 1 1 10 12 1 1 8 1 10 12 1 1 10 12 1 1 10 100 12 1 1 1 100 1 10 10 12 1 1 10 100 12 1 1 1 10 8 1 10 100 12 1 1 8 1 10 100 12 1 1 8 1 8 1 10 12 1 8 1 10 12 1 8 1 10 12 1 10 12 1 10 12 1 1 8 1 8 1 100 1 10 12 1 10 12 1 1 100 1 10 12 1 8 1 10 12 1 10 12 1 10 8 1 10 12 1 1 10 12 1 1 10 12 1 1 10 12 1 1 10 12 1 10 12 1 10 12 1 10 12 1 1 10 10 10 12 1 1 1 1 1 1 1 1 1 1 1 1 1 1 1 1 1 1 1 1 1 1 1 1 100 1 1 1 1 1 1 1 1 1 1 1 1 1 1 1 1 1 1 1 1 1 1 1 1 1 1 1 1 1 1 1 1 1 1 1 1 1 1 1 1 1 1 1 1 1 1 1 1 1 1 1 1 3 1 1
ciInstanceKlass java/net/URL 1 1 743 10 7 12 1 1 1 10 12 1 10 7 12 1 1 9 12 1 1 9 12 1 10 7 12 1 1 1 10 12 1 1 10 12 1 1 9 12 1 1 10 7 12 1 1 1 8 1 10 12 1 1 100 1 10 10 12 1 1 8 1 10 12 1 1 9 12 1 100 1 8 1 10 12 1 10 12 1 8 1 9 12 1 10 12 1 1 9 12 1 10 12 1 10 12 1 9 12 1 9 12 1 8 1 9 12 1 10 12 1 1 8 1 9 12 1 1 10 12 1 1 10 7 12 1 1 1 8 1 10 12 1 7 1 10 12 1 10 12 1 10 12 1 10 12 1 1 10 12 1 1 8 1 10 12 1 1 10 12 1 8 1 9 12 1 8 1 10 12 1 10 7 12 1 1 1 100 1 10 12 1 10 12 1 1 10 7 12 1 1 1 100 1 8 1 10 10 12 1 8 1 10 12 1 1 10 12 1 10 12 1 10 12 1 10 12 1 10 12 1 8 1 10 12 1 10 10 7 12 1 1 1 10 12 1 9 100 12 1 1 1 10 100 12 1 1 1 9 12 1 1 10 12 1 10 100 12 1 1 1 100 1 100 1 10 12 1 10 12 1 10 12 1 10 12 1 10 12 1 10 12 10 10 10 12 1 100 1 10 12 1 10 12 1 1 8 1 9 100 12 1 1 1 10 100 12 1 1 1 10 12 1 1 9 100 12 1 1 1 10 12 1 1 100 1 10 12 1 10 12 1 10 10 12 1 1 10 12 1 1 10 12 1 10 12 1 10 12 1 10 7 12 1 1 1 10 12 1 1 10 12 1 9 12 1 1 9 12 1 1 100 1 8 1 10 10 12 1 9 12 1 1 10 7 12 1 1 8 1 10 7 12 1 1 8 1 10 12 1 1 10 12 1 8 1 8 1 10 7 12 1 1 1 100 1 10 100 12 1 1 1 10 12 1 10 12 1 100 1 10 9 12 1 1 10 7 12 1 1 8 1 10 12 1 1 100 1 10 10 100 12 1 1 1 8 9 100 12 1 1 1 10 12 1 10 12 1 10 12 1 10 12 1 10 7 12 1 1 11 7 12 1 1 10 12 1 10 12 1 9 12 1 10 12 1 1 10 100 12 1 1 10 100 12 1 1 1 8 10 100 12 1 1 100 1 10 8 8 10 12 1 8 8 8 100 1 10 12 1 9 12 1 1 10 12 1 10 12 1 1 10 12 1 10 12 10 12 1 1 10 12 1 1 10 10 10 12 1 10 12 1 10 12 1 10 12 1 10 12 1 10 10 12 1 100 1 8 1 10 10 10 12 1 1 10 12 1 10 12 1 1 8 1 7 1 10 10 10 7 1 10 12 1 9 7 12 1 1 1 9 12 1 1 7 1 10 10 7 12 1 1 1 100 1 1 1 1 1 5 0 1 1 1 1 1 1 1 1 1 1 1 1 1 1 1 1 1 1 1 1 1 1 1 1 1 1 1 1 1 1 1 1 1 1 1 1 1 1 1 100 1 1 1 1 1 1 1 1 1 1 1 1 1 1 1 1 1 1 1 1 1 1 1 1 1 1 1 1 1 1 1 1 1 1 1 1 1 100 1 1 1 1 1 1 1 1 1 1 1 1 1 1 1 1 100 1 1 1 1 1 1 1 1 1 1 1 1 1 1 1 1 1 1
staticfield java/net/URL defaultFactory Ljava/net/URLStreamHandlerFactory; java/net/URL$DefaultFactory
staticfield java/net/URL streamHandlerLock Ljava/lang/Object; java/lang/Object
staticfield java/net/URL serialPersistentFields [Ljava/io/ObjectStreamField; 7 [Ljava/io/ObjectStreamField;
ciInstanceKlass java/util/jar/Manifest 1 1 336 10 7 12 1 1 1 7 1 10 9 7 12 1 1 1 7 1 10 9 12 1 1 9 12 1 1 10 12 1 10 12 1 1 10 12 1 1 10 12 1 1 10 12 1 1 11 7 1 11 12 1 1 10 12 1 1 10 100 12 1 1 1 100 1 100 1 10 8 1 10 12 1 1 10 12 1 1 10 12 1 10 12 1 11 100 1 10 12 1 10 12 1 1 11 12 1 1 10 12 1 11 12 1 1 11 100 12 1 1 1 11 100 12 1 1 11 12 1 1 100 1 10 12 1 8 1 11 12 1 100 1 10 12 1 1 11 12 1 10 12 1 10 12 1 10 100 12 1 1 1 8 1 10 12 1 1 10 9 100 12 1 1 1 10 12 1 1 10 100 12 1 10 12 1 10 12 1 9 100 12 1 1 1 8 1 10 12 1 8 1 8 1 7 1 10 12 1 10 12 1 10 12 1 1 100 1 8 1 10 12 1 1 8 1 10 10 12 1 1 8 1 10 12 1 1 10 100 12 1 1 1 10 12 1 10 11 12 1 1 10 12 1 10 100 12 1 1 1 10 12 1 1 10 12 1 1 11 10 12 1 11 10 12 1 100 1 1 1 1 1 1 1 1 1 1 1 1 1 1 1 1 1 1 1 1 1 1 1 1 1 1 1 1 1 1 1 1 1 1 1 1 1 1 1 1 1 1 1 100 1 1 1 1 1 1 1 1 1 1 1 1 1 1 100 1 1 1 1 1 1 1 1 1 1 1
instanceKlass com/oracle/truffle/api/instrumentation/InstrumentationHandler$CopyOnWriteList
instanceKlass com/oracle/truffle/api/instrumentation/InstrumentationHandler$AbstractAsyncCollection
instanceKlass com/github/benmanes/caffeine/cache/AbstractLinkedDeque
instanceKlass org/apache/groovy/util/concurrent/concurrentlinkedhashmap/LinkedDeque
instanceKlass java/util/TreeMap$Values
instanceKlass java/util/WeakHashMap$Values
instanceKlass java/util/LinkedHashMap$LinkedValues
instanceKlass java/util/concurrent/ConcurrentLinkedDeque
instanceKlass org/apache/logging/log4j/ThreadContext$EmptyThreadContextStack
instanceKlass java/util/IdentityHashMap$Values
instanceKlass java/util/AbstractQueue
instanceKlass java/util/HashMap$Values
instanceKlass java/util/ArrayDeque
instanceKlass java/util/AbstractSet
instanceKlass java/util/ImmutableCollections$AbstractImmutableCollection
instanceKlass java/util/AbstractList
ciInstanceKlass java/util/AbstractCollection 1 1 160 10 7 12 1 1 1 10 7 12 1 1 1 10 12 1 1 11 7 12 1 1 1 11 12 1 1 10 12 1 1 10 100 12 1 1 1 10 12 1 1 10 12 1 1 10 7 12 1 1 10 7 12 1 1 1 7 1 10 100 12 1 1 1 10 100 12 1 1 1 100 1 10 11 12 1 11 7 1 10 12 1 10 12 1 10 7 12 1 1 1 11 8 1 100 1 10 10 12 1 1 8 1 10 12 1 10 12 1 1 1 1 1 1 1 1 1 1 1 1 1 1 1 1 1 1 1 1 1 1 1 1 1 1 1 1 1 1 1 1 1 1 1 1 1 1 1 1 1 1 1 1 1 1 1 1 1 1 1 1
instanceKlass com/oracle/truffle/polyglot/PolyglotList
instanceKlass com/simsilica/lemur/core/ComponentStack
instanceKlass com/oracle/truffle/js/runtime/util/UnmodifiablePropertyKeyList
instanceKlass com/oracle/truffle/js/runtime/util/UnmodifiableArrayList
instanceKlass java/util/AbstractList$SubList
instanceKlass org/codehaus/groovy/util/FastArray$1
instanceKlass groovy/lang/EmptyRange
instanceKlass groovy/lang/ObjectRange
instanceKlass groovy/lang/IntRange
instanceKlass groovy/lang/Tuple
instanceKlass sun/security/jca/ProviderList$3
instanceKlass java/util/Collections$CopiesList
instanceKlass sun/awt/util/IdentityArrayList
instanceKlass java/util/ArrayList$SubList
instanceKlass java/util/Collections$SingletonList
instanceKlass java/util/AbstractSequentialList
instanceKlass java/util/Vector
instanceKlass java/util/Arrays$ArrayList
instanceKlass java/util/Collections$EmptyList
instanceKlass java/util/ArrayList
ciInstanceKlass java/util/AbstractList 1 1 218 10 7 12 1 1 1 9 7 12 1 1 1 10 12 1 1 10 12 1 1 100 1 10 10 12 1 1 11 7 12 1 1 1 11 12 1 1 11 12 1 10 7 12 1 1 1 10 12 1 11 12 1 11 12 1 11 12 1 10 12 1 1 10 12 1 1 11 100 12 1 1 1 11 100 1 11 7 1 10 12 1 7 1 10 12 1 10 12 1 1 7 1 7 1 10 12 1 100 1 10 100 1 100 1 10 8 1 10 12 1 1 10 12 1 10 12 1 1 10 12 1 8 1 100 1 8 1 8 1 8 1 10 7 1 11 10 10 12 1 11 12 1 10 12 1 1 8 1 8 1 1 1 1 1 1 1 1 1 1 1 1 1 1 1 1 1 1 1 1 1 1 1 1 1 1 1 1 1 1 1 1 1 1 1 1 1 1 1 1 1 1 1 1 1 1 1 1 1 1 1 1 1 1 1 1 1 1 100 1 100 1 1 1 1 1 1 1
ciInstanceKlass java/lang/AssertionStatusDirectives 0 0 24 10 100 12 1 1 1 100 1 1 1 1 1 1 1 1 1 1 1 1 1 1 1 1
ciInstanceKlass java/lang/invoke/MethodHandleNatives$CallSiteContext 1 1 49 10 7 12 1 1 1 7 1 10 10 7 12 1 1 1 10 7 12 1 1 1 10 7 12 1 1 1 100 1 1 1 1 1 1 1 1 1 1 1 1 1 1 1 1 1 100 1 1
ciInstanceKlass jdk/internal/invoke/NativeEntryPoint 0 0 92 10 100 12 1 1 1 9 100 12 1 1 1 10 100 12 1 1 1 100 1 9 12 1 9 12 1 9 12 1 1 9 12 1 1 9 12 1 1 100 1 8 1 10 12 1 11 100 12 1 1 1 10 12 1 1 10 12 1 11 100 12 1 1 11 12 1 10 12 1 1 10 12 1 1 1 1 1 1 1 1 1 1 1 1 1 1 1 1 1 1 1
instanceKlass java/lang/invoke/VolatileCallSite
instanceKlass java/lang/invoke/MutableCallSite
instanceKlass java/lang/invoke/ConstantCallSite
ciInstanceKlass java/lang/invoke/CallSite 1 1 302 10 7 12 1 1 1 10 7 12 1 1 1 9 7 12 1 1 1 10 12 1 1 9 12 1 1 10 7 12 1 1 1 10 12 1 100 1 10 12 1 1 10 12 1 1 9 100 12 1 1 1 10 100 12 1 1 10 12 1 1 100 1 100 1 10 10 100 12 1 1 1 10 12 1 1 8 1 10 12 1 10 12 1 1 10 12 1 10 12 1 1 10 12 1 1 10 10 7 12 1 1 10 12 1 1 9 12 1 9 7 12 1 1 1 8 1 10 7 12 1 1 1 10 12 1 1 100 1 10 12 1 1 9 12 1 8 1 7 1 10 12 1 10 12 1 100 1 8 1 10 10 12 1 10 12 1 1 7 1 10 12 1 1 10 12 1 10 12 1 10 12 1 1 10 12 1 1 9 12 1 1 8 10 12 1 1 9 12 1 1 100 1 10 10 12 1 10 7 12 1 1 1 10 12 1 1 10 12 1 1 10 12 1 10 7 12 1 1 1 100 1 8 1 10 10 12 10 12 1 1 100 1 100 1 100 1 8 1 10 12 1 10 7 12 1 1 1 1 1 1 1 1 1 1 1 1 1 1 1 1 1 1 1 1 1 1 1 1 1 1 1 1 1 1 1 1 1 1 1 1 1 1 1 1 1 1 1 1 1 1 1 1 1 1 1 1 1 1 1 1 1
staticfield java/lang/invoke/CallSite $assertionsDisabled Z 1
ciInstanceKlass java/lang/invoke/VolatileCallSite 0 0 37 10 100 12 1 1 1 10 12 1 10 100 12 1 1 1 10 12 1 10 12 1 1 1 1 1 1 1 1 1 1 1 1 1 1 1 1
ciInstanceKlass java/lang/invoke/MethodType 1 1 771 7 1 10 7 12 1 1 1 9 12 1 1 9 12 1 1 9 12 1 1 10 7 12 1 1 1 9 7 12 1 1 8 1 10 100 12 1 1 1 9 7 1 9 7 1 10 12 1 1 100 1 10 8 1 10 12 1 1 10 12 1 10 12 1 1 100 1 8 1 10 12 1 100 1 10 10 12 1 10 12 1 1 10 12 1 1 11 7 12 1 1 1 9 12 1 11 12 1 1 7 7 1 10 7 12 1 1 1 10 12 1 9 12 1 1 10 7 12 1 1 10 12 1 1 10 7 12 1 1 1 10 7 12 1 1 1 10 12 1 9 12 1 1 10 12 1 1 7 1 10 12 1 1 10 12 1 1 10 12 1 1 10 12 1 1 10 12 1 1 10 12 1 10 12 1 10 12 1 1 10 12 1 8 1 8 1 10 12 1 1 9 12 1 1 100 1 10 10 12 1 1 10 12 1 10 12 1 1 10 12 1 1 10 12 1 10 12 1 1 10 12 1 8 1 10 12 1 1 10 7 12 1 1 1 10 12 1 10 12 1 1 10 12 1 10 12 1 10 12 1 1 10 12 1 10 12 1 9 12 1 10 12 1 10 10 12 1 1 10 12 1 9 12 1 1 10 12 1 1 10 12 1 1 10 12 1 1 10 12 1 1 7 1 10 12 10 12 1 10 12 1 100 1 8 1 8 1 8 1 10 12 1 10 12 1 10 12 1 10 11 12 1 1 11 12 1 10 100 12 1 1 1 9 12 1 10 12 1 10 12 1 1 10 12 1 1 10 12 1 10 12 1 10 7 12 1 1 1 10 12 1 1 10 12 1 10 12 1 10 12 1 10 9 12 1 1 7 1 10 12 1 10 12 1 1 9 100 12 1 1 1 10 100 12 1 1 1 10 100 12 1 1 1 10 12 1 1 10 7 12 1 1 1 10 12 1 1 8 1 10 7 12 1 1 1 11 12 1 1 9 12 1 1 10 12 1 1 10 12 1 10 12 1 1 10 12 1 1 10 100 12 1 1 100 1 10 12 1 1 11 100 12 1 1 1 18 12 1 1 11 12 1 1 18 12 1 11 12 1 100 1 11 100 12 1 1 10 12 1 100 1 10 12 1 10 100 12 1 1 10 12 1 1 9 12 1 1 9 100 12 1 1 1 10 100 12 1 1 1 9 12 1 10 100 12 1 1 10 12 1 100 10 12 1 1 10 12 1 10 7 1 7 1 9 12 1 1 100 1 100 1 100 1 1 1 5 0 1 1 1 1 1 1 1 3 1 3 1 3 1 1 1 1 1 1 1 1 1 1 1 1 1 1 1 1 1 1 1 1 1 1 1 1 1 1 1 1 1 1 1 1 1 1 1 1 1 1 1 1 1 1 1 1 1 1 1 1 1 1 1 1 1 1 1 1 1 1 1 1 1 1 1 1 1 1 1 1 1 1 1 1 1 1 1 1 1 1 1 1 1 1 1 1 1 1 1 1 1 1 1 1 1 1 1 1 1 1 1 1 1 1 1 1 1 1 1 1 1 1 1 1 1 1 1 1 1 1 1 1 1 1 1 1 1 1 1 100 1 100 1 1 1 1 1 1 1 1 1 1 1 1 1 100 1 1 1 100 1 1 1 1 1 1 1 1 1 1 1 1 1 1 1 1 1 1 1 1 1 15 10 100 12 1 1 1 16 15 10 12 16 16 15 10 12 16 1 1 1 1 100 1 1 100 1 1 100 1 100 1 1
staticfield java/lang/invoke/MethodType internTable Ljava/lang/invoke/MethodType$ConcurrentWeakInternSet; java/lang/invoke/MethodType$ConcurrentWeakInternSet
staticfield java/lang/invoke/MethodType NO_PTYPES [Ljava/lang/Class; 0 [Ljava/lang/Class;
staticfield java/lang/invoke/MethodType objectOnlyTypes [Ljava/lang/invoke/MethodType; 20 [Ljava/lang/invoke/MethodType;
staticfield java/lang/invoke/MethodType METHOD_HANDLE_ARRAY [Ljava/lang/Class; 1 [Ljava/lang/Class;
staticfield java/lang/invoke/MethodType serialPersistentFields [Ljava/io/ObjectStreamField; 0 [Ljava/io/ObjectStreamField;
staticfield java/lang/invoke/MethodType $assertionsDisabled Z 1
ciInstanceKlass java/lang/BootstrapMethodError 0 0 45 10 100 12 1 1 1 10 12 1 10 12 1 10 100 12 1 1 1 10 100 12 1 1 1 1 1 1 5 0 1 1 1 1 1 1 1 1 1 1 1 100 1 1 1
ciInstanceKlass jdk/internal/loader/ClassLoaders$AppClassLoader 1 1 119 8 1 10 7 12 1 1 1 10 7 12 1 1 1 10 100 12 1 1 1 10 12 1 1 10 100 12 1 1 1 10 12 1 1 10 12 1 1 7 1 8 1 10 12 10 7 12 1 1 1 10 100 12 1 1 10 12 1 1 10 12 1 1 10 7 12 1 1 1 100 1 10 12 1 1 1 1 1 1 1 1 1 1 1 1 1 1 1 1 1 1 1 1 1 100 1 1 1 1 1 1 1 1 1 1 1 1 1 1 1 1 1 1 1 100 1 1 1
ciInstanceKlass jdk/internal/loader/ClassLoaders$PlatformClassLoader 1 1 42 8 1 10 7 12 1 1 1 10 7 12 1 1 1 100 1 10 12 1 100 1 1 1 1 1 1 1 1 1 1 1 1 1 1 100 1 1 1 100 1 1
ciInstanceKlass java/lang/ArrayStoreException 1 1 26 10 100 12 1 1 1 10 12 1 100 1 1 1 1 5 0 1 1 1 1 1 1 1 1 1
instanceKlass org/codehaus/groovy/runtime/typehandling/GroovyCastException
ciInstanceKlass java/lang/ClassCastException 1 1 26 10 100 12 1 1 1 10 12 1 100 1 1 1 1 5 0 1 1 1 1 1 1 1 1 1
ciInstanceKlass java/lang/NoClassDefFoundError 0 0 26 10 100 12 1 1 1 10 12 1 100 1 1 1 1 5 0 1 1 1 1 1 1 1 1 1
ciInstanceKlass java/lang/IllegalMonitorStateException 1 1 26 10 100 12 1 1 1 10 12 1 100 1 1 1 1 5 0 1 1 1 1 1 1 1 1 1
instanceKlass com/oracle/truffle/host/HostContext$1
ciInstanceKlass java/lang/StackOverflowError 1 1 26 10 7 12 1 1 1 10 12 1 100 1 1 1 1 5 0 1 1 1 1 1 1 1 1 1
instanceKlass java/lang/StackOverflowError
instanceKlass java/lang/OutOfMemoryError
instanceKlass java/lang/InternalError
ciInstanceKlass java/lang/VirtualMachineError 1 1 34 10 7 12 1 1 1 10 12 1 10 12 1 10 12 1 100 1 1 1 1 5 0 1 1 1 1 1 1 1 1 1 1 1
ciInstanceKlass java/lang/OutOfMemoryError 1 1 26 10 100 12 1 1 1 10 12 1 100 1 1 1 1 5 0 1 1 1 1 1 1 1 1 1
ciInstanceKlass java/lang/InternalError 0 0 34 10 100 12 1 1 1 10 12 1 10 12 1 10 12 1 100 1 1 1 1 5 0 1 1 1 1 1 1 1 1 1 1 1
ciInstanceKlass java/lang/StackTraceElement 0 0 224 10 100 12 1 1 1 10 100 12 1 1 9 12 1 1 9 12 1 1 9 12 1 9 12 1 8 1 10 100 12 1 1 1 100 1 9 12 1 8 1 9 12 1 9 12 1 9 12 1 1 8 1 10 12 1 1 10 12 1 100 1 10 10 12 1 1 8 1 10 12 1 1 10 12 1 8 1 8 1 8 1 10 12 1 8 1 8 1 10 12 1 8 1 8 1 10 12 1 1 10 12 1 10 12 1 1 10 12 1 9 12 1 1 10 100 12 1 1 1 10 12 1 1 100 1 10 12 1 1 10 100 12 1 1 10 100 12 1 1 1 10 100 12 1 1 10 100 12 1 1 10 10 12 1 1 10 12 1 10 12 1 1 100 1 1 1 1 1 3 1 3 1 1 5 0 1 1 1 1 1 1 1 1 1 1 1 1 1 1 1 1 1 1 1 1 1 1 1 1 1 1 100 1 100 1 1 1 1 1 1 1 1 1 1 100 1 1 1 1 1 1 1 1
instanceKlass java/nio/FloatBuffer
instanceKlass java/nio/DoubleBuffer
instanceKlass java/nio/ShortBuffer
instanceKlass java/nio/IntBuffer
instanceKlass java/nio/CharBuffer
instanceKlass java/nio/LongBuffer
instanceKlass java/nio/ByteBuffer
ciInstanceKlass java/nio/Buffer 1 1 224 100 1 10 7 12 1 1 1 9 7 12 1 1 1 9 12 1 9 12 1 1 9 12 1 9 12 1 1 10 12 1 1 10 12 1 1 10 12 100 1 100 1 10 8 1 10 12 1 1 10 12 1 8 1 8 1 10 12 1 1 10 12 1 8 1 9 12 1 1 100 1 8 1 10 12 1 8 1 8 1 9 12 10 12 1 8 1 8 1 8 1 10 12 1 8 1 8 1 8 1 100 1 10 100 1 10 100 1 10 100 1 10 10 100 12 1 1 1 10 11 100 12 1 1 10 7 12 1 1 1 10 7 12 1 1 1 9 12 1 1 10 7 12 1 1 1 9 12 1 1 7 1 10 10 7 12 1 1 1 1 1 3 1 1 1 1 1 1 1 1 1 1 1 1 1 1 1 1 1 1 100 1 1 1 1 1 1 1 1 1 1 1 1 1 1 1 1 1 1 1 1 1 1 1 1 1 1 1 1 1 1 1 1 1 1 1 1 1 1 1 1 1 1
staticfield java/nio/Buffer UNSAFE Ljdk/internal/misc/Unsafe; jdk/internal/misc/Unsafe
staticfield java/nio/Buffer SCOPED_MEMORY_ACCESS Ljdk/internal/misc/ScopedMemoryAccess; jdk/internal/misc/ScopedMemoryAccess
staticfield java/nio/Buffer $assertionsDisabled Z 1
ciInstanceKlass jdk/internal/misc/UnsafeConstants 1 1 34 10 100 12 1 1 1 9 7 12 1 1 1 9 12 1 9 12 1 1 9 12 1 9 12 1 1 1 1 1 1 1 1 1
staticfield jdk/internal/misc/UnsafeConstants ADDRESS_SIZE0 I 8
staticfield jdk/internal/misc/UnsafeConstants PAGE_SIZE I 4096
staticfield jdk/internal/misc/UnsafeConstants BIG_ENDIAN Z 0
staticfield jdk/internal/misc/UnsafeConstants UNALIGNED_ACCESS Z 1
staticfield jdk/internal/misc/UnsafeConstants DATA_CACHE_LINE_FLUSH_SIZE I 0
instanceKlass java/lang/invoke/BoundMethodHandle
instanceKlass java/lang/invoke/DelegatingMethodHandle
instanceKlass java/lang/invoke/DirectMethodHandle
ciInstanceKlass java/lang/invoke/MethodHandle 1 1 641 100 1 9 7 12 1 1 1 10 7 12 1 1 1 10 7 12 1 1 1 7 1 7 1 10 12 1 1 9 12 1 1 10 12 1 10 12 1 1 10 12 1 1 10 100 12 1 1 1 10 12 1 1 10 12 1 1 11 100 12 1 1 1 10 12 1 1 10 12 1 10 12 1 9 12 1 1 10 12 1 1 100 1 100 1 10 8 1 10 12 1 1 10 12 1 8 1 10 12 1 1 10 12 1 10 7 12 1 1 1 10 12 1 10 12 1 1 10 12 1 1 10 12 1 1 10 12 1 1 10 7 12 1 1 1 10 7 12 1 1 1 7 1 10 12 1 1 10 12 1 1 10 12 1 1 8 1 10 7 12 1 1 1 8 1 10 12 1 1 10 12 1 1 10 12 1 1 10 12 1 8 1 10 12 1 1 8 1 10 12 1 8 1 10 100 12 1 1 1 9 12 1 1 100 1 10 9 100 12 1 1 1 9 100 1 8 1 10 12 1 1 10 12 1 10 12 1 1 10 12 1 10 12 1 1 10 12 1 10 12 1 1 10 12 1 10 12 1 1 10 12 1 1 8 1 10 12 1 1 8 1 10 12 1 10 12 1 1 10 12 1 10 12 1 10 12 1 1 9 100 12 1 1 1 10 12 1 1 11 12 1 10 12 1 10 12 1 1 10 100 12 1 1 1 100 1 11 12 1 10 100 1 11 12 1 100 1 10 12 1 11 12 1 9 100 12 1 1 1 11 12 1 1 11 100 12 1 1 1 10 12 1 1 9 12 1 11 12 1 9 12 1 9 12 1 9 12 1 11 12 1 1 9 12 1 9 12 1 9 12 1 9 12 1 9 12 1 9 12 1 9 12 1 8 1 10 12 1 10 12 1 8 1 10 12 1 10 12 1 10 10 7 12 1 1 10 12 1 1 100 1 8 1 10 12 1 1 10 12 1 1 10 12 1 10 12 1 100 1 10 100 12 1 1 1 10 12 1 9 7 12 1 1 1 10 12 1 1 10 12 1 1 8 1 9 12 1 9 12 1 1 9 12 1 1 10 12 1 7 1 10 12 1 10 12 1 1 9 12 1 1 9 12 1 1 10 7 12 1 1 1 11 7 12 1 1 9 12 1 10 12 1 1 9 12 1 10 12 1 8 10 12 1 1 8 1 1 1 1 1 1 100 1 1 1 1 1 1 1 1 1 1 1 1 1 1 1 1 1 1 1 1 1 1 1 1 1 1 1 1 1 1 1 1 1 1 1 1 1 1 1 1 1 1 1 1 1 1 1 1 1 1 1 1 1 1 1 1 1 1 1 1 1 1 1 1 1 1 1 1 1 100 1 1 1 1 1 1 1 1 1 100 1 1 1 1 1 1 1 1 1 1 1 1 1 1 1 1 1 1 1 1 1 1 1 1 1 1 1 100 1 1 100 1 1 100 1 1 1 1
staticfield java/lang/invoke/MethodHandle FORM_OFFSET J 24
staticfield java/lang/invoke/MethodHandle UPDATE_OFFSET J 13
staticfield java/lang/invoke/MethodHandle $assertionsDisabled Z 1
instanceKlass java/lang/invoke/DirectMethodHandle$Interface
instanceKlass java/lang/invoke/DirectMethodHandle$Special
instanceKlass java/lang/invoke/DirectMethodHandle$Constructor
instanceKlass java/lang/invoke/DirectMethodHandle$Accessor
ciInstanceKlass java/lang/invoke/DirectMethodHandle 1 1 940 7 1 7 1 100 1 7 1 7 1 10 7 12 1 1 1 10 7 12 1 1 1 100 1 10 12 1 10 12 1 1 10 7 12 1 1 10 12 1 1 10 12 1 10 12 1 7 1 10 12 1 1 10 12 1 1 10 12 1 10 12 1 1 10 7 12 1 1 1 10 12 1 9 12 1 1 100 1 10 9 12 1 1 9 12 1 10 12 1 10 12 1 10 12 1 1 10 12 1 10 12 1 10 12 1 10 7 12 1 1 1 10 12 1 10 12 1 1 8 1 10 12 1 1 7 1 10 12 1 7 1 10 10 12 1 10 12 1 10 12 1 10 7 12 1 1 1 10 12 1 1 100 1 10 12 1 10 12 1 7 1 10 12 1 10 12 1 1 10 12 1 1 10 12 1 8 10 100 12 1 1 1 10 12 1 10 12 1 10 12 1 1 10 12 1 9 7 12 1 1 1 7 1 10 12 1 10 7 12 1 1 1 10 12 1 10 12 1 1 9 12 1 1 100 1 10 8 1 10 12 1 1 10 12 1 10 12 1 10 10 12 1 10 12 1 10 12 1 10 12 1 10 12 1 1 10 12 1 10 12 1 1 10 12 1 10 12 1 1 10 10 7 12 1 1 1 10 12 1 10 12 1 1 10 12 1 10 12 1 1 8 1 9 7 12 1 1 1 8 1 9 12 1 9 12 1 8 1 9 12 1 9 12 1 8 1 9 12 1 9 12 1 8 1 10 12 1 10 12 1 1 9 12 1 1 7 1 10 12 1 1 100 1 10 7 12 1 1 1 10 12 1 1 10 12 1 10 12 1 1 7 1 10 12 1 1 10 12 1 10 12 1 1 7 1 10 12 1 1 10 7 12 1 1 1 10 12 1 10 12 1 10 12 1 9 12 1 1 10 7 1 9 12 9 12 1 10 7 12 1 1 1 10 12 1 7 1 7 1 7 1 9 12 1 1 10 7 12 1 10 12 1 1 10 12 1 7 1 10 12 1 10 12 1 1 9 7 12 1 1 1 10 12 1 1 100 1 10 100 12 1 1 1 10 12 1 10 12 1 8 1 9 12 1 9 12 1 10 12 1 9 12 1 1 10 7 12 1 1 1 9 12 1 1 9 12 1 1 10 12 1 10 12 1 10 12 1 10 12 1 10 12 1 1 10 12 1 10 7 12 1 1 9 12 1 10 12 1 10 12 1 10 12 1 10 12 1 1 10 12 1 1 9 12 1 1 10 12 1 1 9 7 12 1 1 1 9 12 1 9 12 1 9 12 1 9 12 1 9 12 1 9 12 1 9 12 1 9 12 1 9 12 1 9 12 1 9 12 1 9 12 1 9 12 1 9 12 1 9 12 1 9 12 1 9 12 1 9 12 1 9 12 1 9 12 1 9 12 1 9 12 1 9 12 1 9 12 1 9 12 1 9 12 1 9 12 1 9 12 1 9 12 1 9 12 1 9 12 1 9 12 1 9 12 1 9 12 1 9 12 1 9 12 1 8 1 9 12 1 1 9 12 1 1 10 12 1 10 12 1 1 9 7 1 10 12 1 9 12 1 1 10 12 10 12 1 10 12 1 10 12 1 10 8 1 8 1 8 1 8 1 10 12 1 1 9 12 1 1 10 12 1 10 100 12 1 1 1 8 9 12 1 1 10 12 1 1 8 1 8 8 9 12 1 8 1 8 8 8 8 8 1 8 10 12 1 10 12 1 8 1 8 1 10 12 1 10 12 1 10 12 1 10 12 1 1 7 1 1 1 1 3 1 3 1 3 1 3 1 3 1 3 1 3 1 3 1 3 1 3 1 1 1 1 1 1 1 1 1 1 3 1 3 1 1 1 1 3 1 1 1 1 1 1 1 1 1 1 1 1 1 1 1 1 1 1 1 1 1 1 1 1 1 1 1 1 1 1 1 1 1 1 1 1 1 1 1 1 1 1 1 1 1 1 1 1 1 1 1 1 1 1 1 1 100 1 1 1 1 1 1 1 1 1 1 1 1 100 1 1 1 1 1 1 1 1 1 1 1 1 1 1 1 1 1 1 1 1 1 1 1 1 1 1 1 1 1 1 1 1 1 1 1 1 1 1 1 1 1 1 1 1 1 1 1 1 1 1 1
staticfield java/lang/invoke/DirectMethodHandle IMPL_NAMES Ljava/lang/invoke/MemberName$Factory; java/lang/invoke/MemberName$Factory
staticfield java/lang/invoke/DirectMethodHandle FT_UNCHECKED_REF I 8
staticfield java/lang/invoke/DirectMethodHandle ACCESSOR_FORMS [Ljava/lang/invoke/LambdaForm; 132 [Ljava/lang/invoke/LambdaForm;
staticfield java/lang/invoke/DirectMethodHandle ALL_WRAPPERS [Lsun/invoke/util/Wrapper; 10 [Lsun/invoke/util/Wrapper;
staticfield java/lang/invoke/DirectMethodHandle NFS [Ljava/lang/invoke/LambdaForm$NamedFunction; 12 [Ljava/lang/invoke/LambdaForm$NamedFunction;
staticfield java/lang/invoke/DirectMethodHandle OBJ_OBJ_TYPE Ljava/lang/invoke/MethodType; java/lang/invoke/MethodType
staticfield java/lang/invoke/DirectMethodHandle LONG_OBJ_TYPE Ljava/lang/invoke/MethodType; java/lang/invoke/MethodType
staticfield java/lang/invoke/DirectMethodHandle $assertionsDisabled Z 1
ciInstanceKlass java/lang/invoke/LambdaForm 1 1 1052 100 1 9 7 12 1 1 1 10 7 12 1 1 1 10 7 12 1 1 9 12 1 1 9 12 1 1 10 12 1 1 100 1 10 9 12 1 10 12 1 1 9 12 1 10 7 12 1 1 1 9 12 1 9 12 1 9 12 1 1 9 12 1 10 12 1 1 7 1 10 12 1 10 100 12 1 1 1 10 100 12 1 1 1 10 12 1 10 12 1 1 9 100 12 1 1 1 10 12 1 1 9 12 1 10 12 1 1 10 12 1 10 12 1 1 10 12 1 1 10 100 12 1 1 1 7 1 10 10 12 1 1 8 1 10 12 1 10 12 1 10 12 1 1 7 1 10 7 12 1 1 1 10 12 1 1 10 12 1 10 12 1 1 9 12 1 1 9 12 1 9 12 1 1 10 12 1 9 12 1 10 100 12 1 1 1 10 12 1 1 10 12 1 9 12 1 1 10 100 12 1 1 1 10 12 1 10 12 1 10 12 1 10 12 1 10 12 1 10 12 1 1 10 12 1 10 12 1 1 8 1 10 12 1 10 12 1 8 1 8 1 9 12 1 9 12 1 9 12 1 1 10 12 1 1 10 12 1 9 12 1 10 12 1 1 10 7 12 1 1 1 10 12 1 1 10 12 1 10 12 1 10 12 1 1 9 12 1 10 12 1 8 1 8 1 8 1 8 1 8 1 8 1 8 1 8 1 10 12 1 9 12 1 7 1 10 12 1 1 9 12 1 10 12 1 10 12 1 1 10 12 10 12 1 10 12 1 1 10 12 1 1 10 10 12 1 1 10 12 1 1 7 1 8 1 10 12 1 1 10 12 1 10 12 1 1 10 8 1 10 12 1 1 8 1 8 1 8 1 10 12 1 9 12 1 1 10 12 1 1 10 12 1 1 100 1 10 12 1 1 10 12 1 10 7 12 1 1 1 10 12 1 1 9 12 1 1 8 1 10 100 12 1 1 1 10 7 12 1 1 10 12 10 10 12 1 1 9 12 1 8 10 12 1 1 100 1 10 12 1 1 10 12 1 9 7 12 1 1 9 12 1 1 8 1 10 100 12 1 1 10 12 1 1 100 1 100 1 10 10 12 1 1 10 12 1 1 8 1 8 1 100 1 8 1 10 12 10 12 1 10 12 1 10 12 1 1 8 1 8 1 9 100 12 1 1 1 10 12 1 10 12 1 1 8 1 8 1 8 1 100 1 8 1 100 1 8 1 100 1 8 1 10 12 1 8 1 9 10 7 12 1 1 1 10 12 1 9 12 1 1 10 12 1 10 10 12 1 10 12 1 10 12 1 10 12 1 1 10 12 1 10 12 1 1 10 12 1 1 10 12 1 1 8 1 100 10 12 1 10 12 1 9 12 1 1 10 7 12 1 1 8 1 8 1 100 1 8 1 8 1 8 1 8 1 8 1 8 1 8 1 8 1 10 12 1 1 10 12 1 1 10 12 1 10 12 1 8 1 8 1 8 1 10 12 1 8 1 10 12 1 8 1 8 1 8 1 8 1 8 1 10 12 1 10 12 1 10 12 1 1 10 7 12 1 1 1 10 12 1 10 12 1 10 12 1 10 12 1 10 12 1 10 12 1 10 12 1 9 12 1 1 8 1 10 12 1 1 9 12 1 1 10 12 1 1 9 12 1 9 12 1 1 9 12 1 9 12 1 1 7 1 10 7 12 1 1 1 9 12 1 10 12 1 10 12 1 8 1 10 12 1 9 12 1 1 7 1 10 7 12 1 1 1 8 1 100 1 10 12 1 9 12 1 9 12 1 10 12 1 10 12 1 10 7 12 1 1 1 10 12 1 9 7 12 1 1 10 12 1 1 10 12 1 10 12 1 9 12 10 12 1 10 10 12 1 9 9 12 1 7 9 12 1 1 10 12 1 1 9 12 1 10 12 1 10 7 1 9 1 1 1 1 3 1 3 1 3 1 1 1 1 1 1 1 1 1 1 1 1 1 1 1 1 1 1 1 1 1 1 1 1 1 1 1 1 1 1 1 1 1 1 1 1 1 1 1 1 1 1 1 1 1 1 1 1 1 1 1 1 1 1 1 1 100 1 1 1 1 1 1 1 1 1 1 1 1 1 1 1 1 1 1 1 1 1 1 1 1 1 1 1 1 1 1 1 1 1 1 1 1 1 1 1 1 1 1 1 1 1 1 1 1 1 1 1 1 1 1 1 1 1 1 1 100 1 1 1 1 1 1 1 1 1 1 1 1 1 1 1 1 1 1 1 1 1 1 1 1 1 1 1 1 1 1 1 1 1 1 100 1 1 1 1 1 1 1 1 1 1 1 1 1 1 1 1 1 1 1 1 1 1 100 1 1 1 100 1 1 100 1 1 1 1 1 1 1 1 1 1 1
staticfield java/lang/invoke/LambdaForm COMPILE_THRESHOLD I 0
staticfield java/lang/invoke/LambdaForm INTERNED_ARGUMENTS [[Ljava/lang/invoke/LambdaForm$Name; 5 [[Ljava/lang/invoke/LambdaForm$Name;
staticfield java/lang/invoke/LambdaForm IMPL_NAMES Ljava/lang/invoke/MemberName$Factory; java/lang/invoke/MemberName$Factory
staticfield java/lang/invoke/LambdaForm LF_identity [Ljava/lang/invoke/LambdaForm; 6 [Ljava/lang/invoke/LambdaForm;
staticfield java/lang/invoke/LambdaForm LF_zero [Ljava/lang/invoke/LambdaForm; 6 [Ljava/lang/invoke/LambdaForm;
staticfield java/lang/invoke/LambdaForm NF_identity [Ljava/lang/invoke/LambdaForm$NamedFunction; 6 [Ljava/lang/invoke/LambdaForm$NamedFunction;
staticfield java/lang/invoke/LambdaForm NF_zero [Ljava/lang/invoke/LambdaForm$NamedFunction; 6 [Ljava/lang/invoke/LambdaForm$NamedFunction;
staticfield java/lang/invoke/LambdaForm createFormsLock Ljava/lang/Object; java/lang/Object
staticfield java/lang/invoke/LambdaForm DEBUG_NAME_COUNTERS Ljava/util/HashMap; null
staticfield java/lang/invoke/LambdaForm DEBUG_NAMES Ljava/util/HashMap; null
staticfield java/lang/invoke/LambdaForm TRACE_INTERPRETER Z 0
staticfield java/lang/invoke/LambdaForm $assertionsDisabled Z 1
ciInstanceKlass java/lang/invoke/MethodHandleNatives 1 1 684 100 1 10 7 12 1 1 1 9 7 12 1 1 1 10 12 1 1 100 1 10 10 12 1 1 10 12 1 10 12 1 8 1 8 1 8 1 8 1 8 1 8 1 8 1 8 1 8 1 8 1 10 12 1 1 7 1 10 7 12 1 1 1 10 100 12 1 1 1 7 1 10 10 12 1 1 8 1 10 12 1 8 1 10 12 1 1 8 1 10 12 1 1 9 100 12 1 1 1 8 1 10 100 12 1 1 1 100 1 10 12 100 1 100 1 8 1 7 1 10 10 12 1 7 1 9 7 12 1 1 10 12 1 1 10 12 1 10 7 12 1 1 1 7 1 10 12 1 1 10 7 12 1 1 1 10 12 1 10 12 1 1 10 12 1 1 9 12 1 8 1 10 12 1 8 1 10 12 1 8 1 8 1 8 1 100 1 10 12 1 8 1 10 12 1 1 10 12 1 10 100 12 1 1 1 100 1 8 1 10 100 12 1 1 1 7 1 8 1 10 12 1 8 1 8 1 8 1 8 1 8 1 10 12 1 1 10 12 1 1 10 12 1 10 12 1 1 10 12 1 1 7 1 10 12 1 100 1 100 1 10 12 1 10 12 1 8 1 8 1 10 10 12 1 1 10 12 1 1 8 1 10 100 12 1 1 1 8 1 8 1 10 12 1 1 10 7 12 1 1 1 100 1 10 12 1 1 7 1 9 12 1 1 10 7 12 1 1 1 10 10 12 1 9 12 1 10 12 1 1 9 12 1 9 12 1 10 12 1 1 10 12 1 10 12 1 1 7 1 7 1 10 12 1 1 10 12 1 10 12 1 1 10 7 12 1 1 1 10 12 1 8 1 10 12 1 10 12 1 10 12 1 1 10 12 1 10 7 12 1 1 1 10 12 1 1 100 1 8 1 10 9 7 12 1 1 1 10 12 1 1 10 12 1 1 100 1 10 12 1 1 10 12 1 1 100 1 100 1 10 10 100 1 100 1 10 100 1 10 10 12 1 1 10 100 1 10 12 1 10 12 1 10 12 1 1 10 12 1 1 10 12 1 1 10 12 1 10 12 1 1 10 8 1 100 1 10 12 1 10 12 1 10 12 1 10 12 1 10 12 1 1 10 12 1 9 12 1 1 10 7 12 1 1 1 9 12 1 1 11 7 12 1 1 1 10 12 1 10 12 1 10 10 12 1 10 7 12 1 1 1 1 1 1 1 1 1 1 1 1 1 1 1 100 1 1 1 1 1 1 1 1 1 1 1 1 1 1 1 1 1 1 1 1 1 1 1 1 1 1 1 1 1 1 1 1 1 1 1 1 1 1 1 1 1 1 1 1 1 1 1 1 1 1 1 1 1 1 1 1 1 1 1 1 1 1 1 1 1 1 1 1 1 1 1 1 1 1 1 1 1 1 1 1 1 1 1 1 1 1 1 1 1 1 1 1 1 1 1 1 1 1 100 1 1 1 1 1 1 1 1 1 1 1 1 1 1 1 1 1 1 1 1 1 1 1 1 1 1 1 1 100 1 1 1 1 1 1 1 100 1 1 1
staticfield java/lang/invoke/MethodHandleNatives JLA Ljdk/internal/access/JavaLangAccess; java/lang/System$2
staticfield java/lang/invoke/MethodHandleNatives $assertionsDisabled Z 1
ciInstanceKlass jdk/internal/reflect/CallerSensitive 1 1 17 100 1 100 1 100 1 1 1 1 1 1 1 1 1 1 1
ciInstanceKlass jdk/internal/reflect/ConstantPool 1 1 142 10 100 12 1 1 1 9 7 12 1 1 1 10 12 1 1 10 12 1 1 10 12 1 10 12 1 1 10 12 1 1 10 12 1 10 12 1 1 10 12 1 10 12 1 1 10 12 1 10 12 1 10 12 1 10 12 1 1 10 12 1 1 10 12 1 1 10 12 1 1 10 12 1 10 12 1 1 10 100 12 1 1 1 8 11 7 12 1 1 1 10 7 12 1 1 1 1 1 1 1 1 1 1 1 1 1 1 1 1 1 1 1 1 1 1 1 1 1 1 1 1 1 1 1 1 1 1 1 1 1 1 1 1 1 1 1 1 1 1 1 1
instanceKlass jdk/internal/reflect/UnsafeQualifiedStaticFieldAccessorImpl
ciInstanceKlass jdk/internal/reflect/UnsafeStaticFieldAccessorImpl 1 1 47 10 7 12 1 1 1 9 7 12 1 1 1 10 7 12 1 1 1 9 12 1 1 8 11 7 12 1 1 1 10 7 12 1 1 1 1 1 1 1 1 1 1 1 1 1 1
instanceKlass jdk/internal/reflect/UnsafeFieldAccessorImpl
ciInstanceKlass jdk/internal/reflect/FieldAccessorImpl 1 1 59 10 7 12 1 1 1 100 1 100 1 1 1 1 1 1 1 1 1 100 1 1 1 1 1 1 1 1 1 1 1 1 1 1 1 1 1 1 1 100 1 1 1 1 1 1 1 1 1 1 1 1 1 1 1 1 1 1 1
instanceKlass jdk/internal/reflect/UnsafeFloatFieldAccessorImpl
instanceKlass jdk/internal/reflect/UnsafeQualifiedFieldAccessorImpl
instanceKlass jdk/internal/reflect/UnsafeIntegerFieldAccessorImpl
instanceKlass jdk/internal/reflect/UnsafeBooleanFieldAccessorImpl
instanceKlass jdk/internal/reflect/UnsafeObjectFieldAccessorImpl
instanceKlass jdk/internal/reflect/UnsafeStaticFieldAccessorImpl
ciInstanceKlass jdk/internal/reflect/UnsafeFieldAccessorImpl 1 1 254 10 7 12 1 1 1 9 7 12 1 1 1 10 7 12 1 1 1 10 7 12 1 1 1 9 12 1 1 10 7 12 1 1 1 9 12 1 1 10 12 1 10 12 1 9 12 1 10 12 1 1 10 7 12 1 1 10 7 12 1 1 1 10 12 1 1 100 1 10 10 12 1 1 10 12 1 1 8 1 10 10 12 1 100 1 8 1 10 12 1 8 1 10 12 1 8 1 10 12 1 100 1 10 12 1 1 10 8 1 10 12 1 1 8 1 10 100 12 1 1 8 1 10 100 12 1 1 8 1 10 100 12 1 1 8 1 10 100 12 1 1 8 1 10 100 12 1 1 8 1 10 100 12 1 1 8 1 10 100 12 1 1 8 1 10 100 12 1 1 10 12 1 1 8 1 8 1 8 1 8 1 8 1 8 1 10 100 12 1 1 1 8 1 8 1 8 1 10 12 10 12 1 1 1 1 1 1 1 1 1 1 1 1 1 1 1 1 1 1 1 1 1 1 1 1 1 1 1 1 1 1 1 1 1 1 1 1 1 1 1 1 1 1 1 1 1 1 1 1 1 1 1 1
staticfield jdk/internal/reflect/UnsafeFieldAccessorImpl unsafe Ljdk/internal/misc/Unsafe; jdk/internal/misc/Unsafe
ciInstanceKlass jdk/internal/reflect/NativeConstructorAccessorImpl 1 1 126 10 7 12 1 1 1 9 7 12 1 1 1 9 12 1 1 10 7 12 1 1 1 10 100 12 1 1 1 10 7 12 1 1 1 9 12 1 9 12 1 1 9 12 1 1 10 7 12 1 1 1 7 1 10 10 12 1 1 10 12 1 10 12 1 10 12 1 1 9 12 1 1 10 100 12 1 1 1 100 1 10 12 1 1 10 12 1 1 8 10 12 1 1 1 1 1 1 1 1 1 1 1 1 1 1 1 1 1 1 1 1 1 1 100 1 100 1 100 1 1 1 1 1 1 1
staticfield jdk/internal/reflect/NativeConstructorAccessorImpl U Ljdk/internal/misc/Unsafe; jdk/internal/misc/Unsafe
staticfield jdk/internal/reflect/NativeConstructorAccessorImpl GENERATED_OFFSET J 16
ciInstanceKlass java/lang/invoke/ConstantCallSite 1 1 65 10 7 12 1 1 1 9 7 12 1 1 1 9 12 1 1 10 7 12 1 1 1 10 12 1 100 1 10 12 9 12 1 1 100 1 10 10 12 1 1 10 12 1 1 1 1 1 1 1 1 1 1 1 1 1 100 1 1 1 1 1 1 1 1
staticfield java/lang/invoke/ConstantCallSite UNSAFE Ljdk/internal/misc/Unsafe; jdk/internal/misc/Unsafe
instanceKlass org/codehaus/groovy/vmplugin/v8/CacheableCallSite
ciInstanceKlass java/lang/invoke/MutableCallSite 1 1 63 10 7 12 1 1 1 10 12 1 9 7 12 1 1 1 10 12 1 10 12 1 1 9 12 1 1 10 7 12 1 1 1 10 7 12 1 1 1 10 12 1 1 1 1 1 1 1 1 1 1 1 1 1 1 1 1 1 1 100 1 1 1
staticfield java/lang/invoke/MutableCallSite STORE_BARRIER Ljava/util/concurrent/atomic/AtomicInteger; java/util/concurrent/atomic/AtomicInteger
instanceKlass java/lang/invoke/VarHandleReferences$FieldStaticReadOnly
instanceKlass java/lang/invoke/VarHandleReferences$Array
instanceKlass java/lang/invoke/VarHandleInts$Array
instanceKlass java/lang/invoke/VarHandleByteArrayAsLongs$ByteArrayViewVarHandle
instanceKlass java/lang/invoke/VarHandleByteArrayAsInts$ByteArrayViewVarHandle
instanceKlass java/lang/invoke/VarHandleInts$FieldStaticReadOnly
instanceKlass java/lang/invoke/VarHandleLongs$FieldInstanceReadOnly
instanceKlass java/lang/invoke/VarHandleInts$FieldInstanceReadOnly
instanceKlass java/lang/invoke/VarHandleReferences$FieldInstanceReadOnly
ciInstanceKlass java/lang/invoke/VarHandle 1 1 390 10 7 12 1 1 1 10 7 12 1 1 9 12 1 1 9 12 1 1 100 1 10 8 1 10 12 1 1 10 7 12 1 1 1 10 12 1 1 10 100 12 1 1 1 9 100 12 1 1 1 10 12 1 1 10 100 12 1 1 1 10 12 1 1 9 12 1 10 12 1 9 12 1 1 10 7 12 1 1 10 12 1 9 7 12 1 1 1 9 12 1 1 10 12 1 1 100 1 100 1 10 8 1 10 12 1 1 10 12 1 8 1 10 12 1 10 12 1 10 12 1 1 9 7 12 1 1 1 10 12 1 10 12 1 1 10 12 1 10 10 100 12 1 1 1 10 12 1 1 10 12 1 1 10 100 12 1 1 1 10 100 12 1 1 1 10 100 12 1 1 1 9 12 1 1 10 9 12 1 1 10 12 1 10 12 1 10 12 1 1 10 12 1 10 100 12 1 1 1 9 12 1 1 10 12 1 1 9 12 1 10 12 1 10 12 1 10 100 12 1 1 100 1 10 9 7 12 1 1 1 9 12 1 1 10 7 12 1 1 1 10 12 1 10 12 1 10 12 1 10 12 1 10 12 1 10 12 1 1 7 1 10 10 7 12 1 1 1 9 12 1 1 8 10 12 1 1 7 1 10 12 1 1 100 1 1 1 1 1 1 1 1 1 1 1 1 1 1 1 1 1 1 1 1 1 1 1 1 1 1 1 1 1 1 1 1 1 1 1 1 1 1 1 1 1 1 1 1 1 1 1 1 1 1 1 1 1 1 1 1 1 1 1 1 1 1 1 1 1 1 1 1 1 1 1 1 1 1 1 1 1 1 1 1 1 1 1 1 1 1 1 1 1 100 1 100 1 100 1 1 1 1 1 1 1 100 1 1 1
staticfield java/lang/invoke/VarHandle AIOOBE_SUPPLIER Ljava/util/function/BiFunction; jdk/internal/util/Preconditions$1
staticfield java/lang/invoke/VarHandle VFORM_OFFSET J 16
staticfield java/lang/invoke/VarHandle $assertionsDisabled Z 1
ciMethod java/lang/invoke/VarHandle storeStoreFence ()V 8 0 9346 0 -1
ciInstanceKlass java/lang/invoke/MemberName 1 1 757 7 1 7 1 100 1 9 12 1 1 10 7 12 1 1 1 9 12 1 1 10 12 1 1 10 12 1 1 10 12 1 1 10 12 1 10 12 1 1 10 7 12 1 1 1 10 12 1 9 7 12 1 1 10 12 1 100 1 100 1 10 12 1 8 1 10 12 1 1 10 12 1 10 12 1 1 10 12 1 9 12 1 1 8 1 10 100 12 1 1 1 7 1 10 10 12 1 1 100 1 100 1 10 12 1 1 9 12 1 1 100 1 8 1 10 12 1 10 12 1 10 12 1 10 12 1 10 12 1 1 10 12 1 10 12 1 10 12 1 1 10 12 1 1 10 12 1 8 1 8 1 8 1 10 100 12 1 1 1 10 12 1 9 12 1 1 3 10 12 1 10 12 1 10 12 1 10 10 7 12 1 1 1 10 12 1 10 12 1 10 12 1 10 12 1 7 1 8 10 12 1 1 10 12 1 1 8 1 9 100 1 8 9 100 1 10 12 1 1 10 12 1 10 12 1 8 1 10 12 1 1 10 12 1 10 12 1 10 12 1 10 12 1 1 100 1 10 12 1 1 10 12 1 8 1 10 12 1 10 12 1 8 1 10 12 1 1 10 12 1 1 7 1 10 12 1 1 10 12 8 1 8 1 100 1 10 12 1 10 100 12 1 1 1 100 1 10 12 10 12 1 10 12 1 10 12 1 10 12 1 10 10 12 1 10 12 1 10 12 1 3 10 12 1 3 10 12 1 3 3 3 3 3 3 3 100 1 10 12 1 10 7 12 1 1 1 10 12 1 3 9 12 1 10 12 1 1 3 10 12 1 10 10 7 12 1 1 1 10 12 1 1 10 7 1 10 10 12 1 10 12 1 10 12 1 10 10 12 1 1 10 12 1 10 12 1 10 12 1 100 1 10 10 10 12 100 1 10 10 10 12 1 1 10 12 1 1 10 10 12 1 8 10 7 1 10 12 1 10 7 1 10 12 1 10 12 1 10 12 1 10 10 12 1 10 12 1 1 10 12 1 1 10 12 1 10 12 1 10 12 1 100 1 10 12 1 1 100 1 8 1 10 7 1 10 12 1 10 12 10 12 1 1 10 12 1 10 12 1 8 1 8 1 8 1 8 1 10 12 1 10 12 1 10 12 1 1 8 1 8 1 10 12 1 8 1 10 10 12 1 10 12 1 8 1 8 1 10 10 12 1 8 1 10 100 12 1 1 1 8 1 10 12 1 10 12 1 1 10 12 1 8 1 8 1 8 1 8 1 100 1 10 8 1 8 1 8 1 8 1 10 12 1 100 1 100 1 100 1 10 100 1 10 100 1 10 100 12 1 1 1 9 7 12 1 1 1 100 1 100 1 1 1 1 1 1 1 3 1 3 1 3 1 3 1 3 1 3 1 1 1 1 1 1 1 1 3 1 3 1 1 1 1 3 1 1 1 1 1 1 1 1 1 1 1 1 1 1 1 1 1 1 1 1 1 1 1 1 1 1 1 1 1 1 1 1 1 1 1 1 1 1 1 1 1 1 1 1 1 1 1 1 1 1 1 1 1 1 1 1 1 1 1 1 1 1 1 1 1 1 1 1 1 1 1 1 1 1 1 1 1 1 1 1 1 1 1 1 1 1 1 1 1 1 1 1 1 1 1 1 1 1 1 1 1 1 1 1 1 1 100 1 1 1 1 1 1 1 1 1 1 1 1 1 1 1
staticfield java/lang/invoke/MemberName $assertionsDisabled Z 1
ciInstanceKlass java/lang/invoke/ResolvedMethodName 1 1 16 10 100 12 1 1 1 100 1 1 1 1 1 1 1 1
ciInstanceKlass java/lang/StackWalker 1 1 235 9 7 12 1 1 1 10 7 12 1 1 1 7 1 10 7 12 1 1 1 10 12 1 1 11 7 12 1 1 1 10 12 1 1 10 12 1 1 10 12 1 1 100 1 8 1 10 12 1 10 12 1 10 12 1 10 7 12 1 1 9 12 1 1 9 12 1 1 9 12 1 1 9 12 1 1 10 12 1 1 9 12 1 1 10 7 12 1 1 1 11 12 1 1 100 1 8 1 10 10 100 12 1 1 9 12 1 1 10 12 1 1 10 7 12 1 1 1 10 7 12 1 1 1 18 12 1 1 100 1 8 1 10 10 12 1 1 10 100 12 1 1 1 9 7 12 1 1 11 100 12 1 1 1 10 12 1 1 1 1 1 1 1 1 1 1 1 1 1 1 1 1 1 1 1 1 1 1 1 1 1 1 1 1 1 1 1 1 1 1 1 1 1 1 1 1 1 1 1 1 1 1 1 1 1 1 1 100 1 1 15 10 100 12 1 1 1 16 15 10 12 16 1 1 1 1 1 1 1 100 1 100 1 1
staticfield java/lang/StackWalker DEFAULT_EMPTY_OPTION Ljava/util/EnumSet; java/util/RegularEnumSet
staticfield java/lang/StackWalker DEFAULT_WALKER Ljava/lang/StackWalker; java/lang/StackWalker
instanceKlass java/lang/StackStreamFactory$StackFrameTraverser
ciInstanceKlass java/lang/StackStreamFactory$AbstractStackWalker 1 1 306 7 1 100 1 3 10 7 12 1 1 1 10 7 12 1 1 10 7 12 1 1 1 9 12 1 1 10 12 1 1 9 12 1 1 9 12 1 1 9 12 1 1 9 12 1 9 7 12 1 1 1 10 7 12 1 1 1 10 12 1 1 9 12 1 1 10 7 12 1 1 1 10 12 1 1 9 12 1 1 9 100 12 1 1 1 100 1 10 8 1 10 12 1 1 10 12 1 8 1 10 12 1 1 10 100 12 1 1 1 100 1 8 1 10 12 1 8 1 10 12 9 7 12 1 1 1 10 7 12 1 1 9 12 1 8 1 5 0 8 1 8 1 9 12 1 1 10 12 1 1 10 12 1 1 10 12 1 9 12 1 10 12 1 10 12 1 10 12 1 10 12 1 1 10 12 1 10 12 1 1 8 1 10 12 1 10 12 1 10 12 1 10 12 1 1 8 1 10 12 1 1 10 12 1 1 10 12 1 1 10 12 1 10 12 1 10 7 12 1 1 1 9 12 1 8 1 10 12 1 10 12 1 10 12 1 10 12 1 10 12 1 10 12 1 10 12 1 1 10 12 1 1 10 12 1 1 10 12 1 8 1 1 1 1 1 1 1 1 1 1 1 1 1 1 1 1 1 1 100 1 1 1 1 100 1 1 1 1 1 1 1 1 1 1 1 1 1 1 1 1 1 1 1 1 1
ciInstanceKlass jdk/internal/module/Modules 1 1 504 10 100 12 1 1 1 9 7 12 1 1 1 11 7 12 1 1 1 11 12 1 1 11 12 1 1 11 12 1 1 11 12 1 11 12 1 11 12 1 11 12 1 11 12 1 1 10 100 12 1 1 1 10 100 12 1 1 1 18 12 1 1 10 100 12 1 1 1 100 1 10 100 12 1 1 1 10 100 12 1 1 1 10 100 12 1 1 10 12 1 1 11 12 1 9 12 1 1 11 100 12 1 1 1 10 12 1 1 10 10 12 1 10 9 12 1 1 10 100 12 1 1 10 12 1 1 10 100 12 1 1 100 1 11 100 12 1 1 1 10 100 12 1 1 1 11 100 12 1 1 10 12 1 1 10 100 12 1 1 10 100 12 1 1 1 10 12 1 1 10 12 1 1 11 12 1 1 18 12 1 1 11 100 12 1 1 10 100 12 1 1 1 11 100 12 1 1 1 100 1 11 12 1 1 11 100 12 1 1 1 11 12 1 1 10 12 1 1 10 100 12 1 1 18 12 1 1 11 12 1 1 18 12 1 1 11 12 1 1 10 12 1 18 18 10 12 1 1 9 12 1 1 11 100 12 1 1 1 100 1 10 11 12 1 11 12 1 1 11 12 1 1 10 100 1 10 12 1 1 10 100 12 1 1 10 12 1 1 11 12 10 12 1 1 100 1 10 18 12 1 10 12 1 1 100 1 8 1 10 12 1 10 100 12 1 1 18 12 1 11 11 12 10 12 1 10 10 100 1 18 12 1 10 10 10 7 12 1 1 10 7 12 1 1 1 10 12 1 1 1 1 1 1 1 1 1 1 1 1 1 1 1 1 1 1 1 1 1 1 1 1 1 1 1 1 1 1 1 1 1 100 1 1 1 1 1 1 1 1 1 1 1 1 1 1 1 1 1 1 1 1 1 1 1 1 1 1 1 1 1 1 1 1 1 1 1 100 1 1 1 1 1 1 1 1 1 1 1 1 1 1 1 1 1 1 1 1 1 1 1 15 10 100 12 1 1 1 16 15 10 12 1 16 16 15 10 12 1 16 1 16 1 15 10 12 1 16 1 16 1 15 10 12 16 1 15 10 16 1 15 10 12 16 1 15 10 12 16 15 10 12 16 15 10 12 1 1 1 100 1 100 1 1
staticfield jdk/internal/module/Modules JLA Ljdk/internal/access/JavaLangAccess; java/lang/System$2
staticfield jdk/internal/module/Modules JLMA Ljdk/internal/access/JavaLangModuleAccess; java/lang/module/ModuleDescriptor$1
staticfield jdk/internal/module/Modules $assertionsDisabled Z 1
instanceKlass com/oracle/truffle/api/frame/FrameSlotTypeException
instanceKlass java/util/concurrent/CancellationException
instanceKlass java/nio/file/ClosedDirectoryStreamException
instanceKlass java/nio/file/ClosedFileSystemException
instanceKlass java/nio/InvalidMarkException
instanceKlass java/awt/IllegalComponentStateException
instanceKlass sun/java2d/InvalidPipeException
ciInstanceKlass java/lang/IllegalStateException 1 1 35 10 100 12 1 1 1 10 12 1 10 12 1 10 12 1 100 1 1 1 1 5 0 1 1 1 1 1 1 1 1 1 1 1 1
instanceKlass com/oracle/truffle/polyglot/PolyglotListFactory$CacheFactory$RemoveNodeGen$Cached0Data
instanceKlass com/oracle/truffle/polyglot/PolyglotListFactory$CacheFactory$SetNodeGen$Cached0Data
instanceKlass com/oracle/truffle/polyglot/PolyglotListFactory$CacheFactory$SizeNodeGen$Cached0Data
instanceKlass com/oracle/truffle/polyglot/PolyglotListFactory$CacheFactory$AddAtIndexNodeGen$Cached0Data
instanceKlass com/oracle/truffle/polyglot/PolyglotListFactory$CacheFactory$AddNodeGen$Cached0Data
instanceKlass com/oracle/truffle/polyglot/PolyglotListFactory$CacheFactory$GetNodeGen$Cached0Data
instanceKlass com/oracle/truffle/js/nodes/access/IsPrimitiveNodeGen$ForeignObject0Data
instanceKlass com/oracle/truffle/js/nodes/cast/OrdinaryToPrimitiveNodeGen$Foreign0Data
instanceKlass com/oracle/truffle/js/nodes/cast/JSToUInt32NodeGen$ForeignObjectData
instanceKlass com/oracle/truffle/polyglot/PolyglotExecuteNodeGen$Cached1Data
instanceKlass com/oracle/truffle/polyglot/PolyglotExecuteNodeGen$Cached0Data
instanceKlass com/oracle/truffle/polyglot/PolyglotExecuteNode
instanceKlass com/oracle/truffle/polyglot/PolyglotMapFactory$CacheFactory$HashSizeNodeGen$Cached0Data
instanceKlass com/oracle/truffle/polyglot/PolyglotMapFactory$CacheFactory$HashEntriesIteratorNodeGen$Cached0Data
instanceKlass com/oracle/truffle/polyglot/PolyglotMapFactory$CacheFactory$RemoveBooleanNodeGen$Cached0Data
instanceKlass com/oracle/truffle/polyglot/PolyglotMapFactory$CacheFactory$RemoveNodeGen$Cached0Data
instanceKlass com/oracle/truffle/polyglot/PolyglotMapFactory$CacheFactory$PutNodeGen$Cached0Data
instanceKlass com/oracle/truffle/polyglot/PolyglotMapFactory$CacheFactory$EntrySetNodeGen$Cached0Data
instanceKlass com/oracle/truffle/polyglot/PolyglotMapFactory$CacheFactory$ContainsKeyNodeGen$Cached0Data
instanceKlass com/oracle/truffle/polyglot/PolyglotMapFactory$CacheFactory$GetNodeGen$Cached0Data
instanceKlass com/oracle/truffle/js/nodes/cast/JSToIntegerAsLongNodeGen$StringData
instanceKlass com/oracle/truffle/js/nodes/binary/JSBitwiseXorNodeGen$GenericData
instanceKlass com/oracle/truffle/js/nodes/binary/JSBitwiseXorNodeGen$DoubleData
instanceKlass com/oracle/truffle/js/nodes/binary/JSUnsignedRightShiftConstantNodeGen$GenericData
instanceKlass com/oracle/truffle/js/nodes/cast/JSToObjectArrayNodeGen$ForeignObject0Data
instanceKlass com/oracle/truffle/js/nodes/array/JSArrayToDenseObjectArrayNodeGen$FromSparseArrayData
instanceKlass com/oracle/truffle/js/nodes/binary/JSAddConstantLeftNumberNodeGen$PrimitiveConversionData
instanceKlass com/oracle/truffle/js/nodes/cast/JSToIntegerAsIntNodeGen$StringData
instanceKlass com/oracle/truffle/js/builtins/NumberPrototypeBuiltinsFactory$JSNumberToFixedNodeGen$ToFixedForeignObject0Data
instanceKlass com/oracle/truffle/js/nodes/cast/AsPrimitiveNodeGen$ForeignObjectData
instanceKlass com/oracle/truffle/js/nodes/cast/JSToPrimitiveNodeGen$ForeignObject0Data
instanceKlass com/oracle/truffle/js/nodes/binary/JSModuloNodeGen$GenericData
instanceKlass com/oracle/truffle/js/nodes/binary/JSDivideNodeGen$GenericData
instanceKlass com/oracle/truffle/js/builtins/helper/JSCollectionsNormalizeNodeGen$ForeignObject0Data
instanceKlass com/oracle/truffle/js/nodes/access/JSGetOwnPropertyNodeGen$CachedOrdinaryData
instanceKlass com/oracle/truffle/js/builtins/ObjectFunctionBuiltinsFactory$AssignPropertiesNodeGen$Object1Data
instanceKlass com/oracle/truffle/js/builtins/ObjectFunctionBuiltinsFactory$AssignPropertiesNodeGen$Object0Data
instanceKlass com/oracle/truffle/js/nodes/array/JSArrayNextElementIndexNodeGen$NextWithHolesCachedData
instanceKlass com/oracle/truffle/js/nodes/array/JSArrayLastElementIndexNodeGen$WithHolesCachedData
instanceKlass com/oracle/truffle/js/nodes/array/JSArrayFirstElementIndexNodeGen$WithHolesCachedData
instanceKlass com/oracle/truffle/js/builtins/ConstructorBuiltinsFactory$ConstructArrayNodeGen$ConstructWithLengthData
instanceKlass com/oracle/truffle/js/builtins/ConstructorBuiltinsFactory$ConstructMapNodeGen$ConstructMapFromIterableData
instanceKlass com/oracle/truffle/js/nodes/binary/JSAddConstantRightNumberNodeGen$PrimitiveConversionData
instanceKlass com/oracle/truffle/js/nodes/binary/JSBitwiseAndNodeGen$GenericData
instanceKlass com/oracle/truffle/js/nodes/binary/JSBitwiseAndNodeGen$DoubleData
instanceKlass com/oracle/truffle/js/builtins/ConstructorBuiltinsFactory$ConstructSetNodeGen$ConstructSetFromIterableData
instanceKlass com/oracle/truffle/js/nodes/binary/JSSubtractNodeGen$GenericData
instanceKlass com/oracle/truffle/js/nodes/binary/InstanceofNodeGen$ForeignTargetOther0Data
instanceKlass com/oracle/truffle/js/nodes/binary/InstanceofNodeGen$JSObjectData
instanceKlass com/oracle/truffle/js/nodes/unary/JSUnaryMinusNodeGen$GenericData
instanceKlass com/oracle/truffle/js/nodes/access/ObjectLiteralNodeFactory$ComputedObjectLiteralDataMemberNodeGen$NoFieldNoFunctionDef0Data
instanceKlass com/oracle/truffle/js/runtime/builtins/JSArrayObjectGen$InteropLibraryExports$Cached$WriteArrayElementNode_WriteArrayElementData
instanceKlass com/oracle/truffle/js/runtime/builtins/JSArrayObjectGen$InteropLibraryExports$Cached$ReadArrayElementNode_ReadArrayElementData
instanceKlass com/oracle/truffle/js/nodes/binary/JSLessOrEqualNodeGen$GenericData
instanceKlass com/oracle/truffle/js/nodes/binary/JSLessOrEqualNodeGen$OverloadedData
instanceKlass com/oracle/truffle/js/nodes/binary/JSMultiplyNodeGen$GenericData
instanceKlass com/oracle/truffle/js/nodes/access/EnumerateNodeGen$NonObjectData
instanceKlass com/oracle/truffle/js/nodes/access/EnumerateNodeGen$EnumerateTruffleObject1Data
instanceKlass com/oracle/truffle/js/nodes/access/EnumerateNodeGen$EnumerateTruffleObject0Data
instanceKlass com/oracle/truffle/js/nodes/access/JSHasPropertyNodeGen$ForeignObject1Data
instanceKlass com/oracle/truffle/js/nodes/access/JSHasPropertyNodeGen$ForeignObject0Data
instanceKlass com/oracle/truffle/js/nodes/access/JSHasPropertyNodeGen$ArrayStringCachedData
instanceKlass com/oracle/truffle/js/nodes/access/JSHasPropertyNodeGen$ObjectStringCachedData
instanceKlass com/oracle/truffle/js/nodes/access/JSHasPropertyNodeGen$ArrayLongCachedData
instanceKlass com/oracle/truffle/api/strings/TStringInternalNodes$IndexOfCodePointSetNode
instanceKlass com/oracle/truffle/api/strings/TruffleStringFactory$ByteIndexOfCodePointSetNodeGen$IndexOfSpecializedData
instanceKlass com/oracle/truffle/api/strings/IndexOfCodePointSet$IndexOfNode
instanceKlass com/oracle/truffle/js/nodes/array/ArrayLengthNodeFactory$SetArrayLengthOrDeleteNodeGen$CachedData
instanceKlass com/oracle/truffle/host/HostFunctionGen$InteropLibraryExports$Cached$ExecuteNode_ExecuteData
instanceKlass com/oracle/truffle/regex/result/RegexResult$RegexResultGetLastGroupNode
instanceKlass com/oracle/truffle/regex/result/RegexResult$InvokeCacheNode
instanceKlass com/oracle/truffle/regex/runtime/nodes/ToIntNode
instanceKlass com/oracle/truffle/regex/RegexObjectFactory$ExecCompiledRegexNodeGen$DirectCallData
instanceKlass com/oracle/truffle/regex/RegexObject$ExecBooleanCompiledRegexNode
instanceKlass com/oracle/truffle/regex/RegexObject$ExecCompiledRegexNode
instanceKlass com/oracle/truffle/js/runtime/util/TRegexUtilFactory$InvokeExecMethodNodeGen$Exec0Data
instanceKlass com/oracle/truffle/js/runtime/util/TRegexUtil$InvokeExecMethodNode
instanceKlass com/oracle/truffle/js/builtins/helper/JSRegExpExecIntlNodeGen$JSRegExpExecIntlIgnoreLastIndexNodeGen$CachedData
instanceKlass com/oracle/truffle/js/runtime/util/TRegexUtilFactory$InteropReadIntMemberNodeGen$Read0Data
instanceKlass com/oracle/truffle/js/runtime/util/TRegexUtilFactory$InteropToBooleanNodeGen$Coerce0Data
instanceKlass com/oracle/truffle/js/runtime/util/TRegexUtil$InteropToBooleanNode
instanceKlass com/oracle/truffle/js/runtime/util/TRegexUtilFactory$InteropReadBooleanMemberNodeGen$Read0Data
instanceKlass com/oracle/truffle/js/runtime/util/TRegexUtil$InteropReadIntMemberNode
instanceKlass com/oracle/truffle/js/runtime/util/TRegexUtil$InteropReadBooleanMemberNode
instanceKlass com/oracle/truffle/js/builtins/RegExpPrototypeBuiltinsFactory$JSRegExpReplaceNodeGen$ReplaceInternalNodeGen$CachedData
instanceKlass com/oracle/truffle/js/runtime/util/TRegexUtilFactory$InteropToIntNodeGen$Coerce0Data
instanceKlass com/oracle/truffle/js/runtime/util/TRegexUtil$InteropToIntNode
instanceKlass com/oracle/truffle/js/runtime/util/TRegexUtilFactory$InvokeGetGroupBoundariesMethodNodeGen$Exec0Data
instanceKlass com/oracle/truffle/js/runtime/util/TRegexUtil$InvokeGetGroupBoundariesMethodNode
instanceKlass com/oracle/truffle/js/builtins/RegExpPrototypeBuiltinsFactory$JSRegExpReplaceNodeGen$ReplaceStringCachedData
instanceKlass com/oracle/truffle/js/builtins/StringPrototypeBuiltinsFactory$JSStringReplaceNodeGen$ReplaceStringCachedData
instanceKlass com/oracle/truffle/js/builtins/StringPrototypeBuiltinsFactory$JSStringReplaceNodeGen$ReplaceGenericData
instanceKlass com/oracle/truffle/regex/RegexObject$InvokeCacheNode
instanceKlass com/oracle/truffle/regex/runtime/nodes/ToLongNodeGen$Boxed0Data
instanceKlass com/oracle/truffle/regex/runtime/nodes/ToLongNode
instanceKlass com/oracle/truffle/regex/runtime/nodes/ExpectStringNodeGen$BoxedString0Data
instanceKlass com/oracle/truffle/regex/runtime/nodes/ExpectStringNode
instanceKlass com/oracle/truffle/regex/tregex/nodes/input/InputReadNode
instanceKlass com/oracle/truffle/api/strings/TStringOpsNodesFactory$RawIndexOfStringNodeGen$CachedData
instanceKlass com/oracle/truffle/regex/literal/LiteralRegexExecNode$LiteralRegexExecImplNode
instanceKlass com/oracle/truffle/regex/tregex/nodes/TRegexExecutorBaseNode
instanceKlass com/oracle/truffle/regex/tregex/nodes/TRegexExecNode$RunRegexSearchNode
instanceKlass com/oracle/truffle/js/runtime/util/TRegexUtilFactory$InteropReadMemberNodeGen$Read0Data
instanceKlass com/oracle/truffle/js/runtime/util/TRegexUtil$InteropReadMemberNode
instanceKlass com/oracle/truffle/api/strings/TStringOpsNodesFactory$RawLastIndexOfStringNodeGen$CachedLen1Data
instanceKlass com/oracle/truffle/api/strings/TStringInternalNodesFactory$LastIndexOfStringRawNodeGen$FallbackData
instanceKlass com/oracle/truffle/js/nodes/array/ArrayLengthNodeFactory$SetArrayLengthNodeGen$CachedData
instanceKlass com/oracle/truffle/js/nodes/array/JSGetLengthNodeGen$GetLengthForeign0Data
instanceKlass com/oracle/truffle/js/nodes/interop/ForeignObjectPrototypeNodeGen$TruffleObject0Data
instanceKlass com/oracle/truffle/host/HostObjectFactory$WriteFieldNodeGen$CachedData
instanceKlass com/oracle/truffle/host/HostObjectFactory$ReadFieldNodeGen$CachedData
instanceKlass com/oracle/truffle/host/HostExecuteNode$HostMethodProfileNode
instanceKlass com/oracle/truffle/host/HostExecuteNode$TypeCheckNode
instanceKlass com/oracle/truffle/host/HostExecuteNodeGen$OverloadedCachedData
instanceKlass com/oracle/truffle/host/HostExecuteNodeGen$VarArgsData
instanceKlass com/oracle/truffle/host/HostExecuteNodeGen$FixedData
instanceKlass com/oracle/truffle/host/HostObject$WriteFieldNode
instanceKlass com/oracle/truffle/host/HostObject$LookupInnerClassNode
instanceKlass com/oracle/truffle/host/HostObject$ArrayGet
instanceKlass com/oracle/truffle/host/HostObject$ArraySet
instanceKlass com/oracle/truffle/host/HostObject$LookupFunctionalMethodNode
instanceKlass com/oracle/truffle/host/HostObject$LookupMethodNode
instanceKlass com/oracle/truffle/host/HostObject$ReadFieldNode
instanceKlass com/oracle/truffle/host/HostObject$LookupFieldNode
instanceKlass com/oracle/truffle/host/HostObject$ContainsKeyNode
instanceKlass com/oracle/truffle/host/HostExecuteNode
instanceKlass com/oracle/truffle/host/HostObject$LookupConstructorNode
instanceKlass com/oracle/truffle/host/HostContext$ToGuestValueNode
instanceKlass com/oracle/truffle/host/HostObjectGen$InteropLibraryExports$Cached$WriteMemberNode_WriteMemberData
instanceKlass com/oracle/truffle/host/HostObjectGen$InteropLibraryExports$Cached$ReadMemberNode_ReadMemberData
instanceKlass com/oracle/truffle/js/nodes/interop/JSInteropInvokeNodeGen$CachedData
instanceKlass com/oracle/truffle/js/nodes/access/RequireObjectCoercibleNodeGen$ForeignObject0Data
instanceKlass com/oracle/truffle/js/builtins/ArrayIteratorGetLengthNode
instanceKlass com/oracle/truffle/js/nodes/access/EnumerableOwnPropertyNamesNodeGen$EnumerableOwnPropertyNamesForeign1Data
instanceKlass com/oracle/truffle/js/nodes/access/EnumerableOwnPropertyNamesNodeGen$EnumerableOwnPropertyNamesForeign0Data
instanceKlass com/oracle/truffle/js/nodes/access/InitializeInstanceElementsNodeGen$PrivateBrandAddNodeSharedWrapper
instanceKlass com/oracle/truffle/js/builtins/ObjectFunctionBuiltinsFactory$ObjectCreateNodeGen$CreateForeignNullOrInvalidPrototype0Data
instanceKlass com/oracle/truffle/js/nodes/control/DeletePropertyNodeGen$JSObjectData
instanceKlass com/oracle/truffle/js/nodes/unary/IsNullNodeGen$Cached0Data
instanceKlass com/oracle/truffle/js/nodes/binary/JSGreaterOrEqualNodeGen$GenericData
instanceKlass com/oracle/truffle/js/nodes/binary/JSGreaterOrEqualNodeGen$OverloadedData
instanceKlass com/oracle/truffle/js/nodes/binary/JSGreaterThanNodeGen$GenericData
instanceKlass com/oracle/truffle/js/nodes/binary/JSGreaterThanNodeGen$OverloadedData
instanceKlass com/oracle/truffle/js/nodes/access/IteratorValueNodeGen$ForeignObject0Data
instanceKlass com/oracle/truffle/js/nodes/access/IsObjectNodeGen$ForeignObject0Data
instanceKlass com/oracle/truffle/js/nodes/unary/IsConstructorNodeGen$TruffleObject0Data
instanceKlass com/oracle/truffle/js/nodes/binary/JSIdenticalNodeGen$ForeignObject0Data
instanceKlass com/oracle/truffle/js/nodes/cast/JSToBooleanUnaryNodeGen$ForeignObjectData
instanceKlass com/oracle/truffle/js/nodes/access/LocalVarPostfixIncNodeGen$ObjectData
instanceKlass com/oracle/truffle/js/nodes/binary/JSLessThanNodeGen$GenericData
instanceKlass com/oracle/truffle/js/nodes/binary/JSLessThanNodeGen$OverloadedData
instanceKlass com/oracle/truffle/js/nodes/binary/JSTypeofIdenticalNodeGen$ForeignObject0Data
instanceKlass com/oracle/truffle/js/nodes/unary/TypeOfNodeGen$TruffleObject0Data
instanceKlass com/oracle/truffle/js/nodes/binary/JSAddNodeGen$PrimitiveConversionData
instanceKlass com/oracle/truffle/js/nodes/cast/JSToBooleanNodeGen$ForeignObject0Data
instanceKlass com/oracle/truffle/js/nodes/function/JSNewNodeGen$NewForeignObjectData
instanceKlass com/oracle/truffle/js/nodes/unary/JSIsNullOrUndefinedNodeGen$JSValueOrForeign0Data
instanceKlass com/oracle/truffle/js/nodes/access/CachedGetPropertyNodeGen$CachedKeyData
instanceKlass com/oracle/truffle/js/nodes/access/CachedGetPropertyNodeGen$GenericData
instanceKlass com/oracle/truffle/js/nodes/access/CachedGetPropertyNodeGen$ArrayIndexData
instanceKlass com/oracle/truffle/js/nodes/access/ReadElementNodeFactory$ArrayReadElementCacheDispatchNodeGen$DispatchData
instanceKlass com/oracle/truffle/js/nodes/access/ReadElementNodeFactory$ReadElementTypeCacheDispatchNodeGen$OtherData
instanceKlass com/oracle/truffle/js/nodes/cast/ToArrayIndexNodeGen$NonArrayIndex1Data
instanceKlass com/oracle/truffle/js/nodes/cast/ToArrayIndexNodeGen$InteropArrayIndex0Data
instanceKlass com/oracle/truffle/js/nodes/cast/ToArrayIndexNodeGen$NonArrayIndex0Data
instanceKlass com/oracle/truffle/js/nodes/cast/ToArrayIndexNoToPropertyKeyNodeGen$NonArrayIndex0Data
instanceKlass com/oracle/truffle/js/nodes/access/CachedSetPropertyNodeGen$CachedKeyData
instanceKlass com/oracle/truffle/js/nodes/access/CachedSetPropertyNodeGen$GenericData
instanceKlass com/oracle/truffle/js/nodes/access/CachedSetPropertyNodeGen$ArrayIndexData
instanceKlass com/oracle/truffle/js/nodes/access/WriteElementNodeFactory$ArrayWriteElementCacheDispatchNodeGen$DispatchData
instanceKlass com/oracle/truffle/js/nodes/access/WriteElementNodeFactory$WriteElementTypeCacheDispatchNodeGen$OtherData
instanceKlass com/oracle/truffle/js/nodes/interop/KeyInfoNodeGen$CachedOwnPropertyData
instanceKlass com/oracle/truffle/js/runtime/objects/JSObjectGen$InteropLibraryExports$Cached$WriteMemberNode_WriteMemberData
instanceKlass com/oracle/truffle/js/runtime/objects/JSObjectGen$InteropLibraryExports$Cached$InvokeMemberNode_InvokeMemberData
instanceKlass com/oracle/truffle/js/runtime/objects/JSObjectGen$InteropLibraryExports$Cached$ReadMemberNode_ReadMemberData
instanceKlass com/oracle/truffle/js/nodes/unary/IsCallableNodeGen$TruffleObject0Data
instanceKlass com/oracle/truffle/api/object/DynamicObjectLibraryImpl$ResetShapeNode
instanceKlass com/oracle/truffle/api/object/DynamicObjectLibraryImpl$MakeSharedNode
instanceKlass com/oracle/truffle/api/object/DynamicObjectLibraryImpl$SetFlagsNode
instanceKlass com/oracle/truffle/api/object/DynamicObjectLibraryImpl$SetDynamicTypeNode
instanceKlass com/oracle/truffle/api/object/DynamicObjectLibraryImplGen$DynamicObjectLibraryExports$Cached$SetDynamicTypeNode_SetDynamicTypeData
instanceKlass com/oracle/truffle/api/object/DynamicObjectLibraryImplGen$DynamicObjectLibraryExports$Cached$SetShapeFlagsNode_SetShapeFlagsData
instanceKlass com/oracle/truffle/api/object/DynamicObjectLibraryImplGen$DynamicObjectLibraryExports$Cached$MarkSharedNode_MarkSharedData
instanceKlass com/oracle/truffle/api/object/DynamicObjectLibraryImplGen$DynamicObjectLibraryExports$Cached$ResetShapeNode_ResetShapeData
instanceKlass com/oracle/truffle/api/strings/TruffleStringFactory$ConcatNodeGen$ConcatData
instanceKlass com/oracle/truffle/api/object/DynamicObjectLibraryImpl$KeyCacheNode
instanceKlass com/oracle/truffle/js/nodes/cast/JSToObjectNodeGen$ForeignObject0Data
instanceKlass com/oracle/truffle/js/nodes/access/InitErrorObjectNodeFactory$DefineStackPropertyNodeGen$Cached0Data
instanceKlass com/oracle/truffle/js/nodes/JavaScriptBaseNode
instanceKlass com/oracle/truffle/polyglot/PolyglotValueDispatchFactory$InteropValueFactory$GetHashValuesIteratorNodeGen$Cached0Data
instanceKlass com/oracle/truffle/polyglot/PolyglotValueDispatchFactory$InteropValueFactory$GetHashKeysIteratorNodeGen$Cached0Data
instanceKlass com/oracle/truffle/polyglot/PolyglotValueDispatchFactory$InteropValueFactory$GetHashEntriesIteratorNodeGen$Cached0Data
instanceKlass com/oracle/truffle/polyglot/PolyglotValueDispatchFactory$InteropValueFactory$RemoveHashEntryNodeGen$Cached0Data
instanceKlass com/oracle/truffle/polyglot/PolyglotValueDispatchFactory$InteropValueFactory$PutHashEntryNodeGen$Cached0Data
instanceKlass com/oracle/truffle/polyglot/PolyglotValueDispatchFactory$InteropValueFactory$GetHashValueOrDefaultNodeGen$Cached0Data
instanceKlass com/oracle/truffle/polyglot/PolyglotValueDispatchFactory$InteropValueFactory$GetHashValueNodeGen$Cached0Data
instanceKlass com/oracle/truffle/polyglot/PolyglotValueDispatchFactory$InteropValueFactory$HasHashEntryNodeGen$Cached0Data
instanceKlass com/oracle/truffle/polyglot/PolyglotValueDispatchFactory$InteropValueFactory$GetHashSizeNodeGen$Cached0Data
instanceKlass com/oracle/truffle/polyglot/PolyglotValueDispatchFactory$InteropValueFactory$HasHashEntriesNodeGen$Cached0Data
instanceKlass com/oracle/truffle/polyglot/PolyglotValueDispatchFactory$InteropValueFactory$GetIteratorNextElementNodeGen$Cached0Data
instanceKlass com/oracle/truffle/polyglot/PolyglotValueDispatchFactory$InteropValueFactory$HasIteratorNextElementNodeGen$Cached0Data
instanceKlass com/oracle/truffle/polyglot/PolyglotValueDispatchFactory$InteropValueFactory$IsIteratorNodeGen$Cached0Data
instanceKlass com/oracle/truffle/polyglot/PolyglotValueDispatchFactory$InteropValueFactory$GetIteratorNodeGen$Cached0Data
instanceKlass com/oracle/truffle/polyglot/PolyglotValueDispatchFactory$InteropValueFactory$HasIteratorNodeGen$Cached0Data
instanceKlass com/oracle/truffle/polyglot/PolyglotValueDispatchFactory$InteropValueFactory$GetMetaParentsNodeGen$Cached0Data
instanceKlass com/oracle/truffle/polyglot/PolyglotValueDispatchFactory$InteropValueFactory$HasMetaParentsNodeGen$Cached0Data
instanceKlass com/oracle/truffle/polyglot/PolyglotValueDispatchFactory$InteropValueFactory$GetMetaSimpleNameNodeGen$Cached0Data
instanceKlass com/oracle/truffle/polyglot/PolyglotValueDispatchFactory$InteropValueFactory$GetMetaQualifiedNameNodeGen$Cached0Data
instanceKlass com/oracle/truffle/polyglot/PolyglotValueDispatchFactory$InteropValueFactory$IsMetaInstanceNodeGen$Cached0Data
instanceKlass com/oracle/truffle/polyglot/PolyglotValueDispatchFactory$InteropValueFactory$IsMetaObjectNodeGen$Cached0Data
instanceKlass com/oracle/truffle/polyglot/PolyglotValueDispatchFactory$InteropValueFactory$ThrowExceptionNodeGen$Cached0Data
instanceKlass com/oracle/truffle/polyglot/PolyglotValueDispatchFactory$InteropValueFactory$IsExceptionNodeGen$Cached0Data
instanceKlass com/oracle/truffle/polyglot/PolyglotValueDispatchFactory$InteropValueFactory$AsDurationNodeGen$Cached0Data
instanceKlass com/oracle/truffle/polyglot/PolyglotValueDispatchFactory$InteropValueFactory$IsDurationNodeGen$Cached0Data
instanceKlass com/oracle/truffle/polyglot/PolyglotValueDispatchFactory$InteropValueFactory$AsInstantNodeGen$Cached0Data
instanceKlass com/oracle/truffle/polyglot/PolyglotValueDispatchFactory$InteropValueFactory$AsTimeZoneNodeGen$Cached0Data
instanceKlass com/oracle/truffle/polyglot/PolyglotValueDispatchFactory$InteropValueFactory$IsTimeZoneNodeGen$Cached0Data
instanceKlass com/oracle/truffle/polyglot/PolyglotValueDispatchFactory$InteropValueFactory$AsTimeNodeGen$Cached0Data
instanceKlass com/oracle/truffle/polyglot/PolyglotValueDispatchFactory$InteropValueFactory$IsTimeNodeGen$Cached0Data
instanceKlass com/oracle/truffle/polyglot/PolyglotValueDispatchFactory$InteropValueFactory$AsDateNodeGen$Cached0Data
instanceKlass com/oracle/truffle/polyglot/PolyglotValueDispatchFactory$InteropValueFactory$IsDateNodeGen$Cached0Data
instanceKlass com/oracle/truffle/polyglot/PolyglotValueDispatchFactory$InteropValueFactory$GetMemberKeysNodeGen$Cached0Data
instanceKlass com/oracle/truffle/polyglot/PolyglotValueDispatchFactory$InteropValueFactory$HasMembersNodeGen$Cached0Data
instanceKlass com/oracle/truffle/polyglot/PolyglotValueDispatchFactory$InteropValueFactory$SharedInvokeNodeGen$Default0Data
instanceKlass com/oracle/truffle/polyglot/PolyglotValueDispatch$InteropValue$SharedInvokeNode
instanceKlass com/oracle/truffle/polyglot/PolyglotValueDispatchFactory$InteropValueFactory$CanInvokeNodeGen$Cached0Data
instanceKlass com/oracle/truffle/polyglot/PolyglotValueDispatchFactory$InteropValueFactory$CanExecuteNodeGen$Cached0Data
instanceKlass com/oracle/truffle/polyglot/PolyglotValueDispatchFactory$InteropValueFactory$CanInstantiateNodeGen$Cached0Data
instanceKlass com/oracle/truffle/polyglot/PolyglotValueDispatchFactory$InteropValueFactory$NewInstanceNodeGen$Cached0Data
instanceKlass com/oracle/truffle/polyglot/PolyglotLanguageContextFactory$ToGuestValuesNodeGen$CachedData
instanceKlass com/oracle/truffle/polyglot/PolyglotLanguageContext$ToGuestValuesNode
instanceKlass com/oracle/truffle/polyglot/PolyglotValueDispatchFactory$InteropValueFactory$SharedExecuteNodeGen$Default0Data
instanceKlass com/oracle/truffle/polyglot/PolyglotValueDispatch$InteropValue$SharedExecuteNode
instanceKlass com/oracle/truffle/polyglot/PolyglotValueDispatchFactory$InteropValueFactory$IsNullNodeGen$Cached0Data
instanceKlass com/oracle/truffle/polyglot/PolyglotValueDispatchFactory$InteropValueFactory$RemoveMemberNodeGen$Cached0Data
instanceKlass com/oracle/truffle/polyglot/PolyglotValueDispatchFactory$InteropValueFactory$GetMemberNodeGen$Cached0Data
instanceKlass com/oracle/truffle/polyglot/PolyglotValueDispatchFactory$InteropValueFactory$HasMemberNodeGen$Cached0Data
instanceKlass com/oracle/truffle/polyglot/PolyglotValueDispatchFactory$InteropValueFactory$WriteBufferDoubleNodeGen$Cached0Data
instanceKlass com/oracle/truffle/polyglot/PolyglotValueDispatchFactory$InteropValueFactory$ReadBufferDoubleNodeGen$Cached0Data
instanceKlass com/oracle/truffle/polyglot/PolyglotValueDispatchFactory$InteropValueFactory$WriteBufferFloatNodeGen$Cached0Data
instanceKlass com/oracle/truffle/polyglot/PolyglotValueDispatchFactory$InteropValueFactory$ReadBufferFloatNodeGen$Cached0Data
instanceKlass com/oracle/truffle/polyglot/PolyglotValueDispatchFactory$InteropValueFactory$WriteBufferLongNodeGen$Cached0Data
instanceKlass com/oracle/truffle/polyglot/PolyglotValueDispatchFactory$InteropValueFactory$ReadBufferLongNodeGen$Cached0Data
instanceKlass com/oracle/truffle/polyglot/PolyglotValueDispatchFactory$InteropValueFactory$WriteBufferIntNodeGen$Cached0Data
instanceKlass com/oracle/truffle/polyglot/PolyglotValueDispatchFactory$InteropValueFactory$ReadBufferIntNodeGen$Cached0Data
instanceKlass com/oracle/truffle/polyglot/PolyglotValueDispatchFactory$InteropValueFactory$WriteBufferShortNodeGen$Cached0Data
instanceKlass com/oracle/truffle/polyglot/PolyglotValueDispatchFactory$InteropValueFactory$ReadBufferShortNodeGen$Cached0Data
instanceKlass com/oracle/truffle/polyglot/PolyglotValueDispatchFactory$InteropValueFactory$WriteBufferByteNodeGen$Cached0Data
instanceKlass com/oracle/truffle/polyglot/PolyglotValueDispatchFactory$InteropValueFactory$ReadBufferNodeGen$Cached0Data
instanceKlass com/oracle/truffle/polyglot/PolyglotValueDispatchFactory$InteropValueFactory$ReadBufferByteNodeGen$Cached0Data
instanceKlass com/oracle/truffle/polyglot/PolyglotValueDispatchFactory$InteropValueFactory$GetBufferSizeNodeGen$Cached0Data
instanceKlass com/oracle/truffle/polyglot/PolyglotValueDispatchFactory$InteropValueFactory$IsBufferWritableNodeGen$Cached0Data
instanceKlass com/oracle/truffle/polyglot/PolyglotValueDispatchFactory$InteropValueFactory$HasBufferElementsNodeGen$Cached0Data
instanceKlass com/oracle/truffle/polyglot/PolyglotValueDispatchFactory$InteropValueFactory$GetArraySizeNodeGen$Cached0Data
instanceKlass com/oracle/truffle/polyglot/PolyglotValueDispatchFactory$InteropValueFactory$RemoveArrayElementNodeGen$Cached0Data
instanceKlass com/oracle/truffle/polyglot/PolyglotLanguageContext$ToGuestValueNode
instanceKlass com/oracle/truffle/polyglot/PolyglotValueDispatchFactory$InteropValueFactory$SetArrayElementNodeGen$Cached0Data
instanceKlass com/oracle/truffle/polyglot/PolyglotLanguageContext$ToHostValueNode
instanceKlass com/oracle/truffle/polyglot/PolyglotValueDispatchFactory$InteropValueFactory$GetArrayElementNodeGen$Cached0Data
instanceKlass com/oracle/truffle/polyglot/PolyglotValueDispatchFactory$InteropValueFactory$HasArrayElementsNodeGen$Cached0Data
instanceKlass com/oracle/truffle/polyglot/PolyglotValueDispatchFactory$InteropValueFactory$AsNativePointerNodeGen$Cached0Data
instanceKlass com/oracle/truffle/polyglot/PolyglotValueDispatchFactory$InteropValueFactory$IsNativePointerNodeGen$Cached0Data
instanceKlass com/oracle/truffle/host/HostTargetMappingNode$SingleMappingNode
instanceKlass com/oracle/truffle/host/HostTargetMappingNode
instanceKlass com/oracle/truffle/host/HostToTypeNodeGen$CachedData
instanceKlass com/oracle/truffle/polyglot/PolyglotToHostNode
instanceKlass com/oracle/truffle/api/strings/AbstractPublicNode
instanceKlass com/oracle/truffle/api/strings/AbstractInternalNode
instanceKlass com/oracle/truffle/api/nodes/BlockNode
instanceKlass com/oracle/truffle/api/nodes/IndirectCallNode
instanceKlass com/oracle/truffle/api/nodes/DirectCallNode
instanceKlass com/oracle/truffle/api/nodes/LoopNode
instanceKlass com/oracle/truffle/host/HostToTypeNode
instanceKlass com/oracle/truffle/api/nodes/ExecutableNode
instanceKlass com/oracle/truffle/api/library/Library
ciInstanceKlass com/oracle/truffle/api/nodes/Node 1 1 599 10 7 12 1 1 1 8 1 10 7 12 1 1 1 9 7 12 1 1 1 10 12 1 1 10 7 12 1 1 1 100 1 10 9 12 1 1 10 12 1 1 10 12 1 1 8 1 10 7 12 1 1 1 10 7 12 1 1 10 100 12 1 1 1 18 12 1 1 10 12 1 100 1 10 7 12 1 1 1 11 12 1 1 9 100 12 1 1 1 10 12 1 1 10 12 1 1 7 1 10 12 1 10 12 1 1 10 12 1 10 12 1 1 10 12 1 100 1 8 1 10 12 9 7 12 1 1 1 10 100 12 1 1 1 10 12 1 8 1 10 12 1 10 12 1 7 1 10 12 10 12 1 1 9 12 1 1 10 12 1 1 100 1 7 1 18 10 12 1 1 10 100 1 10 12 1 1 18 12 1 10 10 100 12 1 1 1 100 1 10 12 1 100 1 10 7 1 10 12 1 10 12 1 1 8 1 10 12 1 1 8 1 10 12 1 8 1 10 12 1 1 10 12 1 10 12 1 10 12 1 1 10 12 1 1 7 1 11 12 1 1 10 12 1 1 7 1 9 12 1 1 10 7 12 1 1 1 9 7 12 1 1 10 12 1 11 100 12 1 1 10 12 1 100 1 10 12 8 1 10 12 1 1 100 1 10 12 1 10 12 1 1 10 12 1 1 10 12 1 10 12 1 3 8 1 10 12 1 100 1 10 12 1 10 10 12 1 18 10 12 1 1 10 12 1 1 11 100 12 1 1 1 11 100 12 1 1 1 11 100 12 1 1 11 12 1 100 1 8 1 8 1 10 12 1 1 11 12 1 8 1 11 12 1 10 12 1 8 1 8 1 10 12 1 1 10 100 12 1 1 1 10 12 1 10 12 1 1 11 7 12 1 1 11 7 12 1 1 11 12 1 11 100 12 1 1 100 1 100 1 100 1 10 12 1 9 12 1 1 10 12 1 1 11 12 1 10 12 1 8 1 7 1 10 12 1 10 7 12 1 1 1 10 12 1 7 1 10 10 12 1 100 1 100 1 1 1 1 1 1 1 1 1 1 1 1 1 1 1 1 1 1 1 1 1 1 1 1 1 1 1 1 1 1 100 1 1 1 1 1 1 1 1 100 1 1 1 1 1 1 1 1 1 1 1 1 1 1 1 1 1 1 1 1 1 1 1 1 1 1 1 1 1 1 1 1 1 1 1 1 1 1 1 1 1 1 1 1 1 1 1 1 1 1 1 1 1 1 1 1 1 1 1 1 1 1 1 1 1 1 1 1 100 1 100 1 1 8 1 8 1 8 1 8 1 15 10 100 12 1 1 1 100 1 1 1 1 100 1 1 1 1 100 1 1 100 1 1
staticfield com/oracle/truffle/api/nodes/Node SAME_LANGUAGE_CHECK_VISITOR Lcom/oracle/truffle/api/nodes/NodeVisitor; com/oracle/truffle/api/nodes/Node$1
staticfield com/oracle/truffle/api/nodes/Node GIL_LOCK Ljava/util/concurrent/locks/ReentrantLock; java/util/concurrent/locks/ReentrantLock
staticfield com/oracle/truffle/api/nodes/Node $assertionsDisabled Z 1
ciInstanceKlass com/oracle/truffle/api/strings/TruffleString 1 1 857 10 7 12 1 1 1 7 1 8 1 10 7 12 1 1 1 100 1 100 1 100 1 10 12 1 1 10 7 12 1 1 10 12 1 9 12 1 1 10 12 1 1 100 1 10 12 1 9 12 1 9 12 1 10 12 1 1 10 12 1 10 12 1 1 10 12 1 10 12 1 1 10 12 1 100 1 10 100 12 1 1 1 100 1 10 12 1 1 9 12 1 10 100 12 1 1 1 10 100 12 1 1 1 10 12 1 10 12 1 1 10 12 1 1 10 12 10 12 1 1 10 7 12 1 1 10 12 1 10 7 12 1 1 1 7 1 10 12 1 10 7 12 1 1 10 12 1 10 12 1 1 10 12 1 1 10 12 1 7 1 10 12 1 10 12 1 10 7 12 1 1 1 10 12 1 10 7 1 9 7 12 1 1 1 10 100 12 1 1 9 12 1 1 10 12 1 1 10 12 1 10 12 1 10 12 1 10 12 1 10 100 12 1 1 1 10 12 1 10 12 1 1 10 100 12 1 1 1 10 100 12 1 1 1 10 100 12 1 1 10 12 1 18 12 1 1 10 12 1 10 12 1 10 12 1 1 18 12 1 10 12 1 1 18 10 100 12 1 1 10 12 1 10 12 1 10 12 1 1 10 12 1 1 10 12 1 1 10 12 1 10 12 1 10 12 1 10 12 1 10 12 1 10 12 1 9 12 1 1 10 7 12 1 1 100 1 10 12 1 1 10 12 1 9 100 12 1 1 1 11 100 12 1 1 8 1 8 1 10 12 1 1 10 12 1 10 12 10 12 1 1 18 12 1 10 12 1 9 12 1 18 18 11 12 1 8 1 10 100 12 1 1 10 12 1 10 12 1 10 100 12 1 1 10 12 1 10 100 12 1 1 10 12 1 10 12 1 10 12 1 10 100 12 1 1 10 12 1 10 12 1 10 7 12 1 1 10 12 1 10 12 1 10 12 1 1 10 12 1 1 10 100 12 1 1 10 12 1 10 12 1 10 100 12 1 1 10 12 1 10 100 12 1 1 10 100 12 1 1 10 100 12 1 1 1 10 100 12 1 1 1 10 12 1 10 100 12 1 1 10 12 1 10 7 12 1 1 7 1 10 9 12 1 1 10 12 1 1 1 1 3 1 1 1 1 1 1 100 1 1 1 1 1 1 1 1 1 1 1 1 1 1 1 1 1 1 1 1 1 1 1 1 1 1 1 1 1 1 1 1 1 1 1 1 1 1 1 1 100 1 1 1 1 1 1 1 1 1 1 1 1 1 1 1 1 1 1 1 1 1 1 1 1 1 1 1 1 1 1 1 1 1 1 1 1 1 1 1 1 1 1 1 1 1 1 1 1 1 1 1 1 1 1 1 1 1 1 1 1 1 1 100 1 100 1 100 1 100 1 100 1 100 1 100 1 100 1 100 1 100 1 100 1 100 1 100 1 100 1 100 1 100 1 100 1 100 1 100 1 100 1 100 1 100 1 100 1 100 1 100 1 100 1 100 1 100 1 100 1 100 1 100 1 100 1 100 1 100 1 100 1 100 1 100 1 100 1 100 1 100 1 100 1 100 1 100 1 100 1 100 1 100 1 100 1 100 1 100 1 100 1 100 1 100 1 100 1 100 1 100 1 100 1 100 1 100 1 100 1 100 1 100 1 100 1 100 1 100 1 100 1 100 1 1 8 1 8 1 8 1 8 1 8 1 8 1 15 10 100 12 1 1 1 1 1 1 1 1 1 100 1 1 100 1 1 1 1 1 1 1 1 1 1 1 1 1 1 1 1 1 1 1 1 1 1 1 1 1 1 1 1 1 1 1 1 1 1 1 1 1 1 1 1 1 1 1 1 1 1 1 1 1 1 1 1 1 1 1 1 1 1 1 1 1 1 1 1 1 1 1 1 1 1 1 1 1 1 100 1 100 1 1 1 1 1 1
staticfield com/oracle/truffle/api/strings/TruffleString ETERNAL_POINTER Ljava/lang/Object; java/lang/Object
staticfield com/oracle/truffle/api/strings/TruffleString NEXT_UPDATER Ljava/lang/invoke/VarHandle; java/lang/invoke/VarHandleReferences$FieldInstanceReadWrite
staticfield com/oracle/truffle/api/strings/TruffleString $assertionsDisabled Z 1
ciInstanceKlass com/oracle/truffle/api/interop/TruffleObject 1 0 7 100 1 100 1 1 1
ciInstanceKlass com/oracle/truffle/api/Truffle 1 1 317 10 100 12 1 1 1 9 7 12 1 1 1 11 7 12 1 1 1 11 7 12 1 1 1 11 12 1 1 7 1 11 7 1 100 1 11 12 1 1 11 11 12 1 1 100 1 8 1 10 7 12 1 1 1 10 100 12 1 1 1 11 10 12 1 1 11 10 100 12 1 1 1 10 12 1 10 7 12 1 1 8 1 10 7 12 1 1 1 8 1 8 1 100 1 8 1 10 8 1 10 7 12 1 1 1 10 12 1 10 12 1 1 8 1 10 100 12 1 1 1 10 12 1 10 12 1 1 10 12 1 1 10 12 1 1 10 100 12 1 1 1 7 1 7 1 10 12 1 10 12 1 1 10 7 12 1 1 1 10 7 12 1 1 1 11 12 1 1 10 12 1 1 10 12 1 10 12 1 11 10 12 1 11 12 1 1 10 100 12 1 1 8 1 10 12 1 1 10 100 12 1 1 8 1 8 1 8 1 10 12 1 100 1 8 1 10 12 1 1 10 100 12 1 1 1 7 1 10 10 7 12 1 1 1 10 12 1 1 10 12 1 1 11 100 1 10 12 1 1 10 12 1 1 10 12 1 1 1 1 1 1 1 1 1 1 1 1 1 1 1 1 1 1 1 1 1 1 1 1 1 1 1 1 1 1 1 1 1 1 1 1 1 1 1 1 1 1 1 100 1 1 1 1 1 1 1 1 1 1 1 1 1 1 1 1 1
staticfield com/oracle/truffle/api/Truffle RUNTIME Lcom/oracle/truffle/api/TruffleRuntime; com/oracle/truffle/api/impl/DefaultTruffleRuntime
ciInstanceKlass com/oracle/truffle/api/TruffleRuntime 1 1 71 10 7 12 1 1 1 10 7 12 1 1 11 100 12 1 1 1 100 1 10 12 1 1 100 1 1 1 1 1 1 1 1 1 1 1 1 1 1 1 1 1 1 1 1 1 1 1 1 1 1 1 1 1 1 1 1 1 1 1 1 1 1 1 1 1 1 1 1 1 1
ciInstanceKlass com/oracle/truffle/api/impl/DefaultTruffleRuntime 1 1 233 10 7 12 1 1 1 7 1 10 9 7 12 1 1 1 7 1 10 9 12 1 1 7 1 10 12 1 9 12 1 1 9 12 1 1 10 7 12 1 1 1 8 1 7 1 10 12 1 7 1 10 10 12 1 1 10 12 1 1 7 1 10 12 1 10 12 1 1 100 1 8 1 10 10 12 1 1 11 7 12 1 1 1 9 7 12 1 1 1 10 12 1 1 10 12 1 1 10 12 1 10 12 1 1 10 12 1 1 7 1 10 7 12 1 1 1 7 1 10 7 12 1 1 1 11 7 12 1 1 1 11 7 12 1 1 1 11 12 1 100 1 7 1 8 1 7 1 10 12 1 100 1 1 1 1 1 1 1 1 1 1 1 1 1 1 1 1 1 1 1 1 1 1 1 1 1 1 1 1 1 1 1 1 1 1 1 1 1 1 1 1 1 1 1 1 1 1 1 1 1 1 1 1 1 1 1 1 1 1 1 1 1 1 1 1 1 1 1 1 1 1 1 1 1 1 1 100 1 1 1 1 1
ciInstanceKlass com/oracle/truffle/host/HostObject 1 1 1345 10 7 12 1 1 1 9 7 12 1 1 1 9 12 1 1 9 12 1 9 12 1 1 100 1 10 10 12 1 7 1 10 7 12 1 1 1 10 7 12 1 1 1 7 1 10 12 1 1 8 1 10 7 12 1 1 1 10 12 1 10 12 1 1 9 12 1 1 10 100 12 1 1 1 10 12 1 1 10 12 1 1 10 12 1 9 100 12 1 1 1 9 12 1 1 10 100 12 1 1 1 10 12 1 1 10 12 1 10 100 12 1 1 1 10 12 1 10 12 1 10 100 12 1 1 1 100 1 10 12 1 10 7 12 1 1 1 10 7 12 1 1 1 10 7 12 1 1 10 7 12 1 1 7 1 10 12 1 8 1 10 7 12 1 1 10 12 1 1 10 100 12 1 1 10 12 1 8 1 8 1 10 100 12 1 1 10 12 1 1 10 7 12 1 1 10 100 12 1 1 100 1 100 1 10 12 1 1 10 100 12 1 1 10 100 12 1 1 10 7 12 1 1 10 7 12 1 1 10 12 1 9 12 1 1 10 100 12 1 1 10 7 12 1 1 10 12 1 10 12 1 1 10 12 1 10 12 1 9 12 1 1 9 12 1 9 12 1 9 12 1 8 1 10 12 1 10 12 1 1 10 12 1 1 10 12 1 1 9 100 12 1 1 1 10 12 1 1 10 12 1 1 10 12 1 1 10 12 1 1 10 12 1 1 10 12 1 1 10 12 1 1 10 12 1 1 10 100 12 1 1 10 12 1 1 10 12 1 1 10 12 1 1 10 100 12 1 1 1 10 12 1 1 10 12 1 1 10 12 1 1 10 12 1 1 10 12 1 10 7 12 1 1 100 1 100 1 100 1 100 1 7 1 10 12 1 1 10 12 1 10 12 1 1 10 12 1 1 10 12 1 1 100 1 10 12 1 10 12 1 1 10 100 1 10 12 1 10 12 1 10 12 1 1 10 12 1 10 12 1 1 10 12 1 1 10 12 1 10 12 1 1 10 12 10 12 10 7 12 1 1 1 7 1 10 12 1 10 12 1 1 7 1 10 12 1 10 12 1 7 1 7 1 7 1 7 1 7 1 10 12 1 10 12 1 1 9 12 1 1 10 12 1 1 10 10 7 1 10 12 1 1 100 1 100 1 10 12 1 1 10 10 7 1 10 12 1 1 10 100 1 10 12 1 7 1 10 12 1 100 1 9 100 12 1 1 1 9 12 1 10 10 12 1 1 100 1 10 12 1 1 10 100 12 1 1 1 9 100 12 1 1 1 9 12 1 10 100 12 1 1 1 10 12 1 1 10 12 1 1 8 1 10 12 1 10 12 1 1 10 12 1 1 10 12 1 1 10 12 10 12 1 10 12 1 1 10 12 1 10 12 1 10 12 8 10 12 1 1 10 12 1 1 10 12 1 100 1 10 12 10 12 1 10 12 1 10 12 1 1 10 100 12 1 1 8 1 10 100 12 1 1 8 1 100 1 10 10 12 1 1 10 12 1 10 12 1 10 8 1 10 12 1 10 12 1 1 10 12 1 10 12 1 10 12 1 10 12 1 10 12 1 10 100 12 1 1 10 12 1 10 100 12 1 1 1 10 12 1 10 12 1 1 10 100 12 1 1 10 100 12 1 1 10 12 1 1 10 12 1 10 12 1 1 10 12 1 100 1 10 12 1 10 12 1 8 1 10 7 12 1 1 1 18 12 1 1 10 12 10 12 1 18 12 1 10 12 1 100 1 10 12 1 10 12 1 10 12 1 1 10 12 1 100 1 10 12 1 100 1 10 12 1 100 1 100 1 10 12 1 10 12 1 1 10 12 1 1 10 12 1 8 10 12 1 1 9 12 1 100 1 1 1 1 3 1 1 1 1 1 1 1 1 1 1 1 1 1 1 1 1 1 1 1 1 1 1 1 1 1 1 1 1 1 1 1 1 1 1 1 1 1 1 1 1 1 1 1 1 1 1 1 1 1 1 1 1 1 1 1 1 1 1 1 1 1 1 1 1 1 1 1 1 1 100 1 100 1 1 1 1 1 1 1 1 1 1 1 1 1 1 1 1 1 1 1 1 1 1 100 1 1 1 1 1 1 1 1 1 1 1 1 1 1 1 1 1 1 1 1 1 1 1 1 1 1 1 1 1 1 1 1 1 1 1 1 1 1 1 1 1 1 1 1 1 1 1 1 1 1 1 1 1 1 1 1 1 1 1 1 1 1 1 1 1 1 1 1 1 1 1 1 1 1 1 1 1 1 1 1 1 1 1 1 1 1 1 1 1 1 1 1 1 1 1 1 1 1 1 1 1 1 1 1 1 1 1 1 1 1 1 1 1 1 1 1 1 1 1 1 1 1 1 1 1 1 1 1 1 1 1 1 1 1 1 1 1 1 1 1 1 1 1 1 1 1 1 1 1 1 1 1 1 1 1 1 1 1 1 1 1 1 1 1 1 100 100 1 1 1 1 1 1 1 1 1 1 1 1 1 1 1 1 1 1 1 1 1 100 1 100 1 100 1 100 1 100 1 100 1 100 1 100 1 100 1 100 1 100 1 100 1 100 1 100 1 100 1 100 1 100 1 100 1 100 1 100 1 100 1 100 1 100 1 100 1 100 1 100 1 100 1 100 1 100 1 100 1 100 1 100 1 100 1 100 1 100 1 100 1 100 1 100 1 100 1 100 1 100 1 100 1 100 1 100 1 100 1 100 1 100 1 100 1 100 1 100 1 100 1 100 1 100 1 100 1 100 1 100 1 100 1 100 1 100 1 100 1 100 1 100 1 100 1 100 1 100 1 1 8 1 8 1 15 10 100 12 1 1 1 100 1 1 1 1 1 1 1 1 1 1 100 1 1 1 1 1 1 1 1 1 1 1 1 1 1 1 1 1 1 1 1 1 1 1 1 1 1 1 1 1 1 1 1 1 1 1 1 1 1 1 1 1 1 1 1 1 1 1 1 1 1 1 1 1 1 1 1 1 1 1 1 1 1 1 1 1 1 1 1 1 100 1 100 1 1 100 1 1 100 1 100 1 1
staticfield com/oracle/truffle/host/HostObject HEAP_BYTE_BUFFER_CLASS Ljava/lang/Class; java/lang/Class
staticfield com/oracle/truffle/host/HostObject HEAP_BYTE_BUFFER_R_CLASS Ljava/lang/Class; java/lang/Class
staticfield com/oracle/truffle/host/HostObject DIRECT_BYTE_BUFFER_CLASS Ljava/lang/Class; java/lang/Class
staticfield com/oracle/truffle/host/HostObject DIRECT_BYTE_BUFFER_R_CLASS Ljava/lang/Class; java/lang/Class
staticfield com/oracle/truffle/host/HostObject UTC Ljava/time/ZoneId; java/time/ZoneRegion
staticfield com/oracle/truffle/host/HostObject NULL Lcom/oracle/truffle/host/HostObject; com/oracle/truffle/host/HostObject
staticfield com/oracle/truffle/host/HostObject $assertionsDisabled Z 1
ciInstanceKlass com/oracle/truffle/api/dsl/UnsupportedSpecializationException 0 0 127 10 100 12 1 1 1 8 1 10 100 12 1 1 1 100 1 8 1 10 12 1 9 100 12 1 1 1 9 12 1 1 9 12 1 10 100 12 1 1 100 1 10 10 12 1 1 8 1 10 12 1 1 10 12 1 8 1 10 100 12 1 1 1 8 1 8 1 8 1 8 1 10 100 12 1 1 1 10 100 12 1 1 1 8 1 10 12 100 1 1 1 1 5 0 1 1 1 1 1 1 1 100 100 1 1 1 1 1 1 1 1 1 100 1 1 1 1 1 1 1 1 100 1 100 1 1
ciInstanceKlass com/oracle/truffle/api/CompilerDirectives 1 1 179 7 1 10 7 12 1 1 1 10 7 12 1 1 1 11 7 12 1 1 10 12 1 1 11 100 12 1 1 11 100 12 1 1 1 9 12 1 1 100 1 10 10 7 12 1 1 1 10 12 1 1 100 1 10 10 12 1 10 12 1 1 100 1 10 12 1 10 7 12 1 1 1 1 1 6 0 1 6 0 1 6 0 1 6 0 1 1 1 1 1 1 1 1 1 1 1 1 1 1 1 1 1 1 1 1 1 1 1 1 1 100 1 1 1 1 1 1 1 1 1 1 1 1 1 1 1 1 1 1 1 1 1 1 1 1 1 1 1 1 1 1 1 1 1 1 1 1 1 1 1 1 1 1 1 1 1 1 1 1 1 1 1 1 1 1 1 1 100 1 100 1 100 1 1 1 1 1 1
staticfield com/oracle/truffle/api/CompilerDirectives $assertionsDisabled Z 1
instanceKlass com/oracle/truffle/js/runtime/objects/Nullish
instanceKlass com/oracle/truffle/js/runtime/objects/JSObject
ciInstanceKlass com/oracle/truffle/js/runtime/objects/JSDynamicObject 1 1 387 10 7 12 1 1 1 10 100 12 1 1 1 10 7 12 1 1 1 10 100 12 1 1 1 10 12 1 1 100 1 10 12 1 1 10 100 12 1 1 1 10 12 1 10 12 1 1 10 12 1 10 100 12 1 1 10 12 1 1 10 12 1 10 12 1 1 9 100 12 1 1 1 10 12 1 100 1 10 100 12 1 1 1 9 12 1 1 100 1 10 12 1 10 12 1 10 12 1 1 11 7 12 1 1 1 11 100 12 1 1 11 12 1 1 10 12 1 1 10 100 12 1 1 10 12 1 10 12 1 10 12 1 1 11 100 1 10 12 1 9 100 12 1 1 1 9 12 1 10 12 1 1 10 7 12 1 1 1 10 12 1 1 10 12 1 1 10 7 12 1 10 7 12 1 1 10 12 1 7 1 11 12 1 1 7 1 10 12 1 1 10 12 1 10 12 1 1 10 12 1 1 10 12 1 1 10 10 12 1 1 11 100 12 1 1 1 10 12 1 1 10 12 1 1 10 100 12 1 1 1 10 7 12 1 1 100 1 1 1 1 1 1 1 1 1 1 1 1 1 1 1 1 1 1 1 1 1 1 1 1 1 1 1 1 1 1 1 1 1 1 1 1 1 1 1 1 1 1 1 1 1 1 1 1 1 1 1 1 1 1 1 1 1 1 1 1 1 1 1 1 1 1 1 1 1 1 1 1 1 1 1 1 1 1 1 1 1 1 1 1 1 1 1 1 1 1 1 1 1 1 1 1 1 1 1 1 1 1 1 1 1 1 1 1 1 1 1 1 1 1 1 1 1 1 1 1 1 100 1 100 1 100 1 100 1 1 100 1 100 1 1 1 1 1 1 1 100 1 100 1 1 100 1 100 1 1
staticfield com/oracle/truffle/js/runtime/objects/JSDynamicObject $assertionsDisabled Z 1
ciInstanceKlass com/oracle/truffle/js/runtime/JSException 1 1 386 10 7 12 1 1 1 8 1 10 7 12 1 1 1 9 7 12 1 1 1 9 12 1 1 10 7 12 1 1 1 7 1 9 12 1 1 9 12 1 1 10 12 1 10 12 1 10 12 1 10 12 1 10 12 1 1 10 12 1 1 9 100 12 1 1 1 10 12 1 1 100 1 10 12 1 1 10 12 1 10 12 1 10 12 1 1 10 12 1 10 100 12 1 1 1 10 12 1 10 12 1 1 10 7 12 1 1 1 9 100 12 1 1 10 12 1 1 10 100 12 1 1 1 9 100 12 1 1 1 100 1 10 12 1 1 10 12 1 1 10 12 1 1 10 100 12 1 1 1 100 1 10 12 1 1 100 1 5 0 10 100 12 1 1 1 10 12 1 10 12 1 10 12 1 1 10 12 1 10 12 1 1 10 12 1 1 10 12 1 10 12 1 1 10 12 1 8 1 10 12 1 1 9 12 1 9 100 12 1 1 1 9 12 1 10 12 1 1 10 100 12 1 1 1 10 12 1 1 10 12 1 10 12 1 10 12 1 10 12 1 10 12 1 10 12 1 10 12 1 1 10 12 1 1 10 12 1 1 10 12 1 1 10 12 1 10 12 1 7 1 10 7 12 1 1 10 12 1 1 7 1 7 1 1 1 1 1 1 1 1 1 1 1 1 1 1 1 1 1 1 1 1 1 1 1 1 1 1 1 1 1 1 1 1 1 1 1 1 100 1 1 100 1 100 1 1 1 1 1 1 1 1 1 1 1 1 1 1 1 1 1 100 1 1 1 1 1 1 1 1 100 1 1 1 100 1 1 1 1 1 100 1 1 1 1 1 100 1 1 1 1 1 1 1 1 100 1 100 1 1 100 1 100 1 1
ciInstanceKlass com/oracle/truffle/js/runtime/Strings 1 1 2747 10 100 12 1 1 1 7 1 10 7 12 1 1 1 9 7 12 1 1 1 10 12 1 1 10 7 12 1 1 1 10 12 1 10 12 1 1 10 7 12 1 1 10 12 1 1 10 12 1 10 12 1 10 12 1 1 10 7 12 1 1 10 12 1 1 10 12 1 10 100 12 1 1 10 100 1 10 7 12 1 1 10 12 1 1 100 1 10 12 1 10 12 1 1 10 7 12 1 1 10 12 1 10 7 12 1 1 10 12 1 10 12 1 1 10 7 12 1 1 10 12 1 10 12 1 1 10 12 1 10 12 1 10 7 12 1 1 1 10 7 12 1 1 1 9 12 1 1 10 12 1 10 12 1 1 10 7 12 1 1 10 12 1 10 12 1 1 10 12 1 10 12 1 1 10 12 1 1 10 12 1 1 10 100 12 1 1 10 12 1 10 7 12 1 1 10 12 1 10 12 1 10 12 1 10 7 12 1 1 10 12 1 10 7 12 1 1 1 10 12 1 10 12 1 10 7 1 10 100 12 1 1 10 12 1 1 10 10 7 12 1 1 10 12 1 1 10 12 1 10 12 1 10 12 1 1 10 12 1 10 12 1 1 10 100 12 1 1 10 12 1 10 7 12 1 1 10 12 1 1 10 12 1 10 12 1 10 12 1 1 10 100 12 1 1 1 10 12 1 10 12 1 10 12 1 1 10 100 12 1 1 10 12 1 10 12 1 10 7 12 1 1 10 12 1 1 10 12 1 9 12 1 1 100 1 10 10 100 12 1 1 9 12 1 9 12 1 10 12 1 10 12 1 1 10 12 1 100 1 10 100 12 1 1 1 10 12 1 1 100 1 10 12 1 1 100 1 10 12 1 1 10 12 1 1 10 100 12 1 1 1 10 100 12 1 1 1 10 12 1 10 12 1 1 10 12 10 12 1 1 10 100 12 1 1 10 12 1 10 100 12 1 1 10 100 12 1 1 10 12 1 1 10 12 1 10 100 12 1 1 10 12 1 1 10 12 1 1 10 12 1 10 12 1 1 100 1 8 10 100 12 1 1 1 10 12 1 10 12 1 100 1 10 12 1 10 7 12 1 1 1 10 12 10 100 12 1 1 10 12 1 10 100 12 1 1 10 12 1 10 100 12 1 1 10 10 100 12 1 1 10 12 1 10 100 12 1 1 10 12 10 12 1 10 12 1 10 12 1 10 12 1 10 100 12 1 1 10 12 1 10 12 1 10 7 12 1 9 12 1 9 12 1 10 12 1 1 9 100 12 1 1 1 10 12 1 1 10 12 1 1 100 1 10 10 12 1 10 12 1 1 100 1 10 7 12 1 1 10 12 1 1 8 1 10 12 1 9 12 1 8 1 9 12 1 8 1 9 12 1 8 1 9 12 1 8 1 9 12 1 8 1 9 12 1 8 1 9 12 1 8 9 12 1 8 9 12 1 8 1 9 12 1 8 1 9 12 1 8 1 9 12 1 8 1 9 12 1 8 1 9 12 1 8 1 9 12 8 1 9 12 8 1 9 12 1 8 1 9 12 1 8 1 9 12 1 8 1 9 12 1 8 1 9 12 1 8 1 9 12 1 8 1 9 12 1 8 1 9 12 1 8 1 9 12 1 8 1 9 12 1 8 1 9 12 1 8 1 9 12 1 8 1 9 12 1 8 1 9 12 1 8 1 8 1 9 12 1 8 1 8 1 9 12 1 8 1 9 12 1 8 1 9 12 1 8 1 9 12 1 8 1 9 12 1 8 1 9 12 1 8 1 9 12 1 8 1 9 12 1 8 1 9 12 1 8 1 9 12 1 8 1 9 12 1 8 1 9 12 1 8 1 9 12 1 8 1 9 12 1 8 1 9 12 1 8 1 9 12 1 8 1 9 12 1 8 1 9 12 1 8 1 9 12 1 8 1 9 12 1 8 1 9 12 1 8 1 9 12 1 8 1 9 12 1 8 1 9 12 1 8 1 9 12 1 8 1 9 12 1 8 1 9 12 1 8 1 9 12 1 9 12 1 8 1 9 12 1 8 1 9 12 1 8 1 9 12 1 8 1 9 12 1 8 1 9 12 1 8 1 9 12 1 8 1 9 12 1 8 1 9 12 1 8 1 9 12 1 8 1 9 12 1 8 1 9 12 1 8 9 12 1 8 1 9 12 1 8 1 9 12 1 8 1 9 12 1 8 1 9 12 1 8 1 9 12 1 8 1 9 12 1 8 1 9 12 1 8 1 9 12 1 8 1 9 12 1 8 1 9 12 1 8 1 9 12 1 8 1 9 12 1 8 1 9 12 1 8 1 9 12 1 8 1 9 12 1 8 1 9 12 1 8 1 9 12 1 8 1 9 12 1 8 1 9 12 1 8 1 9 12 1 8 1 9 12 1 8 9 12 1 8 1 9 12 1 8 1 9 12 1 8 1 9 12 1 8 1 9 12 1 8 1 9 12 1 8 1 9 12 1 8 1 9 12 1 9 12 1 1 8 1 9 12 1 8 1 9 12 1 8 1 9 12 1 8 1 9 12 1 8 9 12 1 8 1 9 12 1 8 1 9 12 1 8 1 9 12 1 8 1 9 12 1 8 1 9 12 1 8 1 9 12 1 8 1 9 12 1 8 1 9 12 1 8 1 9 12 1 8 1 9 12 1 8 1 9 12 1 8 1 9 12 1 8 1 9 12 1 8 1 9 12 1 8 1 9 12 1 8 1 9 12 1 8 1 9 12 1 8 1 9 12 1 8 1 9 12 1 8 1 9 12 1 8 1 9 12 1 8 1 9 12 1 8 1 9 12 1 8 1 9 12 1 8 1 9 12 1 8 1 9 12 1 8 1 9 12 1 8 1 9 12 1 8 1 9 12 1 8 1 9 12 1 8 1 9 12 1 8 1 9 12 1 8 1 9 12 1 8 1 9 12 1 8 1 9 12 1 8 1 9 12 1 8 1 9 12 1 8 1 9 12 1 8 1 9 12 1 8 1 9 12 1 8 1 9 12 1 8 1 9 12 1 8 1 9 12 1 8 1 9 12 1 8 1 9 12 1 8 1 9 12 1 8 1 9 12 1 8 1 9 12 1 8 1 9 12 1 8 1 9 12 1 8 1 9 12 1 8 1 9 12 1 8 1 9 12 1 8 1 9 12 1 8 1 9 12 1 8 1 9 12 1 8 1 9 12 1 8 1 9 12 1 8 1 9 12 1 8 9 12 1 8 1 9 12 1 8 1 9 12 1 8 9 12 1 8 1 9 12 1 8 1 9 12 1 8 1 9 12 1 8 1 9 12 1 8 1 9 12 1 8 1 9 12 1 8 1 9 12 1 8 1 9 12 1 8 1 9 12 1 8 1 9 12 1 8 1 9 12 1 8 1 9 12 1 8 1 9 12 1 8 1 9 12 1 8 1 9 12 1 8 1 9 12 1 8 1 9 12 1 8 1 9 12 1 8 1 9 12 1 8 1 9 12 1 8 1 9 12 1 8 1 9 12 1 8 1 9 12 1 8 1 9 12 1 9 12 1 8 1 9 12 1 9 12 1 8 1 9 12 1 8 1 9 12 1 8 1 9 12 1 8 1 9 12 1 8 1 9 12 1 8 1 9 12 1 8 1 9 12 1 8 1 9 12 1 8 1 8 1 8 1 9 12 1 8 1 9 12 1 8 1 9 12 1 8 1 9 12 1 8 1 9 12 1 8 1 9 12 1 8 1 9 12 1 8 1 9 12 8 1 9 12 8 1 9 12 8 1 9 12 8 1 9 12 1 8 1 9 12 1 8 1 9 12 1 8 1 9 12 1 8 1 9 12 1 8 1 9 12 1 8 1 9 12 1 8 1 9 12 1 8 1 9 12 1 8 1 9 12 1 8 1 9 12 1 8 1 9 12 1 8 1 9 12 1 8 1 9 12 1 8 1 9 12 1 8 1 9 12 1 8 1 9 12 1 8 1 9 12 1 8 1 9 12 1 8 1 9 12 1 8 1 9 12 1 8 1 9 12 1 8 1 9 12 1 8 1 9 12 1 8 1 9 12 1 8 1 9 12 1 8 1 9 12 1 8 1 9 12 1 8 1 9 12 1 8 1 9 12 1 8 1 9 12 1 8 1 9 12 1 8 1 9 12 1 8 1 9 12 1 9 12 1 9 12 1 8 1 9 12 1 8 1 9 12 1 9 12 1 8 1 9 12 1 8 1 9 12 1 9 12 1 8 1 9 12 1 8 1 9 12 1 8 1 9 12 1 8 1 9 12 1 8 1 9 12 1 9 12 1 8 1 9 12 1 8 1 9 12 1 8 1 9 12 1 8 1 9 12 1 8 1 9 12 1 8 1 9 12 1 8 1 9 12 1 8 1 9 12 1 8 1 9 12 1 8 1 9 12 1 8 1 9 12 1 8 1 9 12 1 8 1 9 12 1 8 1 9 12 1 8 1 9 12 1 8 1 9 12 1 8 1 9 12 1 8 1 9 12 1 8 1 9 12 1 8 1 9 12 1 8 1 9 12 1 8 1 9 12 1 8 1 9 12 1 8 1 9 12 1 8 1 9 12 1 8 1 9 12 1 8 1 9 12 1 8 1 9 12 1 8 1 9 12 1 8 1 9 12 1 8 1 9 12 1 8 1 9 12 1 8 1 9 12 1 8 1 9 12 1 8 1 9 12 1 8 1 9 12 1 8 1 9 12 1 8 1 9 12 1 8 1 9 12 1 8 1 9 12 1 8 1 9 12 1 8 1 9 12 1 8 1 9 12 1 8 1 9 12 1 8 1 9 12 1 8 1 9 12 1 8 1 9 12 1 8 1 9 12 1 8 1 9 12 1 8 1 9 12 1 8 1 9 12 1 8 1 9 12 1 8 1 9 12 1 8 1 9 12 1 8 1 9 12 1 8 1 9 12 1 8 1 9 12 1 8 1 9 12 1 8 1 9 12 1 8 1 9 12 1 8 1 9 12 1 8 1 9 12 1 8 1 9 12 1 8 1 9 12 1 8 1 9 12 1 8 1 9 12 1 8 1 9 12 1 8 1 9 12 1 8 1 9 12 1 8 1 9 12 1 8 1 9 12 1 8 1 9 12 1 8 1 9 12 1 8 1 9 12 1 8 1 9 12 1 8 1 9 12 1 8 1 9 12 1 8 1 9 12 1 8 1 9 12 1 8 1 9 12 1 8 1 9 12 1 8 1 9 12 1 8 1 9 12 1 8 1 9 12 1 8 1 9 12 1 8 1 9 12 1 8 1 9 12 1 8 1 9 12 1 8 1 9 12 1 8 1 9 12 1 8 1 9 12 1 8 1 9 12 1 8 1 9 12 1 8 1 9 12 1 8 1 9 12 1 8 1 9 12 1 8 1 9 12 1 8 1 9 12 1 8 1 9 12 1 8 1 9 12 1 8 9 12 1 8 1 9 12 8 1 9 12 1 8 1 9 12 1 8 1 9 12 1 8 1 9 12 1 8 1 9 12 1 8 1 9 12 1 8 1 9 12 1 8 1 9 12 1 8 1 9 12 1 8 1 9 12 1 8 1 9 12 1 8 1 9 12 1 8 1 9 12 1 8 1 9 12 1 8 1 9 12 1 8 1 9 12 1 8 1 9 12 1 8 1 9 12 1 8 1 9 12 1 8 1 9 12 1 8 1 9 12 1 8 1 9 12 1 8 1 9 12 1 8 1 9 12 1 8 1 9 12 1 8 1 9 12 1 1 1 1 1 1 1 1 1 1 1 1 1 1 1 1 1 1 1 1 1 1 1 1 1 1 1 1 1 1 1 1 1 1 1 1 1 1 1 1 1 1 1 1 1 1 1 1 1 1 1 1 1 1 1 1 1 1 1 1 1 1 1 1 1 1 1 1 1 1 1 1 1 1 1 1 1 1 1 1 1 1 1 1 1 1 1 1 1 1 1 1 1 1 1 1 100 1 1 1 1 1 1 1 1 1 1 1 1 1 1 1 1 1 1 1 1 1 1 1 1 1 1 1 1 1 1 1 1 1 1 1 1 1 1 1 1 1 1 1 1 1 1 1 1 1 1 1 1 1 1 1 1 1 1 1 1 1 1 1 1 1 1 1 1 1 1 1 1 1 1 1 1 1 1 1 1 1 1 1 1 1 1 1 1 1 1 1 1 1 1 1 1 1 1 1 1 1 1 1 1 1 1 1 1 1 1 1 1 1 1 1 100 1 1 1
staticfield com/oracle/truffle/js/runtime/Strings EMPTY_STRING Lcom/oracle/truffle/api/strings/TruffleString; com/oracle/truffle/api/strings/TruffleString
staticfield com/oracle/truffle/js/runtime/Strings LINE_SEPARATOR Lcom/oracle/truffle/api/strings/TruffleString; com/oracle/truffle/api/strings/TruffleString
staticfield com/oracle/truffle/js/runtime/Strings ZERO Lcom/oracle/truffle/api/strings/TruffleString; com/oracle/truffle/api/strings/TruffleString
staticfield com/oracle/truffle/js/runtime/Strings NEGATIVE_ZERO Lcom/oracle/truffle/api/strings/TruffleString; com/oracle/truffle/api/strings/TruffleString
staticfield com/oracle/truffle/js/runtime/Strings INFINITY Lcom/oracle/truffle/api/strings/TruffleString; com/oracle/truffle/api/strings/TruffleString
staticfield com/oracle/truffle/js/runtime/Strings NEGATIVE_INFINITY Lcom/oracle/truffle/api/strings/TruffleString; com/oracle/truffle/api/strings/TruffleString
staticfield com/oracle/truffle/js/runtime/Strings POSITIVE_INFINITY Lcom/oracle/truffle/api/strings/TruffleString; com/oracle/truffle/api/strings/TruffleString
staticfield com/oracle/truffle/js/runtime/Strings NAN Lcom/oracle/truffle/api/strings/TruffleString; com/oracle/truffle/api/strings/TruffleString
staticfield com/oracle/truffle/js/runtime/Strings CAPS_POSITIVE_INFINITY Lcom/oracle/truffle/api/strings/TruffleString; com/oracle/truffle/api/strings/TruffleString
staticfield com/oracle/truffle/js/runtime/Strings CAPS_NEGATIVE_INFINITY Lcom/oracle/truffle/api/strings/TruffleString; com/oracle/truffle/api/strings/TruffleString
staticfield com/oracle/truffle/js/runtime/Strings CAPS_MAX_VALUE Lcom/oracle/truffle/api/strings/TruffleString; com/oracle/truffle/api/strings/TruffleString
staticfield com/oracle/truffle/js/runtime/Strings CAPS_MIN_VALUE Lcom/oracle/truffle/api/strings/TruffleString; com/oracle/truffle/api/strings/TruffleString
staticfield com/oracle/truffle/js/runtime/Strings CAPS_EPSILON Lcom/oracle/truffle/api/strings/TruffleString; com/oracle/truffle/api/strings/TruffleString
staticfield com/oracle/truffle/js/runtime/Strings CAPS_MAX_SAFE_INTEGER Lcom/oracle/truffle/api/strings/TruffleString; com/oracle/truffle/api/strings/TruffleString
staticfield com/oracle/truffle/js/runtime/Strings CAPS_MIN_SAFE_INTEGER Lcom/oracle/truffle/api/strings/TruffleString; com/oracle/truffle/api/strings/TruffleString
staticfield com/oracle/truffle/js/runtime/Strings E Lcom/oracle/truffle/api/strings/TruffleString; com/oracle/truffle/api/strings/TruffleString
staticfield com/oracle/truffle/js/runtime/Strings PI Lcom/oracle/truffle/api/strings/TruffleString; com/oracle/truffle/api/strings/TruffleString
staticfield com/oracle/truffle/js/runtime/Strings LN_10 Lcom/oracle/truffle/api/strings/TruffleString; com/oracle/truffle/api/strings/TruffleString
staticfield com/oracle/truffle/js/runtime/Strings LN_2 Lcom/oracle/truffle/api/strings/TruffleString; com/oracle/truffle/api/strings/TruffleString
staticfield com/oracle/truffle/js/runtime/Strings LOG_2_E Lcom/oracle/truffle/api/strings/TruffleString; com/oracle/truffle/api/strings/TruffleString
staticfield com/oracle/truffle/js/runtime/Strings LOG_10_E Lcom/oracle/truffle/api/strings/TruffleString; com/oracle/truffle/api/strings/TruffleString
staticfield com/oracle/truffle/js/runtime/Strings SQRT_1_2 Lcom/oracle/truffle/api/strings/TruffleString; com/oracle/truffle/api/strings/TruffleString
staticfield com/oracle/truffle/js/runtime/Strings SQRT_2 Lcom/oracle/truffle/api/strings/TruffleString; com/oracle/truffle/api/strings/TruffleString
staticfield com/oracle/truffle/js/runtime/Strings ANGLE_BRACKET_OPEN Lcom/oracle/truffle/api/strings/TruffleString; com/oracle/truffle/api/strings/TruffleString
staticfield com/oracle/truffle/js/runtime/Strings ANGLE_BRACKET_OPEN_2 Lcom/oracle/truffle/api/strings/TruffleString; com/oracle/truffle/api/strings/TruffleString
staticfield com/oracle/truffle/js/runtime/Strings ANGLE_BRACKET_CLOSE Lcom/oracle/truffle/api/strings/TruffleString; com/oracle/truffle/api/strings/TruffleString
staticfield com/oracle/truffle/js/runtime/Strings ANGLE_BRACKET_CLOSE_2 Lcom/oracle/truffle/api/strings/TruffleString; com/oracle/truffle/api/strings/TruffleString
staticfield com/oracle/truffle/js/runtime/Strings ANGLE_BRACKET_CLOSE_3 Lcom/oracle/truffle/api/strings/TruffleString; com/oracle/truffle/api/strings/TruffleString
staticfield com/oracle/truffle/js/runtime/Strings ANGLE_BRACKET_OPEN_SLASH Lcom/oracle/truffle/api/strings/TruffleString; com/oracle/truffle/api/strings/TruffleString
staticfield com/oracle/truffle/js/runtime/Strings BACKSLASH Lcom/oracle/truffle/api/strings/TruffleString; com/oracle/truffle/api/strings/TruffleString
staticfield com/oracle/truffle/js/runtime/Strings BIG_ARROW_SPACES Lcom/oracle/truffle/api/strings/TruffleString; com/oracle/truffle/api/strings/TruffleString
staticfield com/oracle/truffle/js/runtime/Strings BRACKET_OPEN Lcom/oracle/truffle/api/strings/TruffleString; com/oracle/truffle/api/strings/TruffleString
staticfield com/oracle/truffle/js/runtime/Strings BRACKET_OPEN_2 Lcom/oracle/truffle/api/strings/TruffleString; com/oracle/truffle/api/strings/TruffleString
staticfield com/oracle/truffle/js/runtime/Strings BRACKET_CLOSE Lcom/oracle/truffle/api/strings/TruffleString; com/oracle/truffle/api/strings/TruffleString
staticfield com/oracle/truffle/js/runtime/Strings BRACKET_CLOSE_2_COLON Lcom/oracle/truffle/api/strings/TruffleString; com/oracle/truffle/api/strings/TruffleString
staticfield com/oracle/truffle/js/runtime/Strings COMMA Lcom/oracle/truffle/api/strings/TruffleString; com/oracle/truffle/api/strings/TruffleString
staticfield com/oracle/truffle/js/runtime/Strings COMMA_SPC Lcom/oracle/truffle/api/strings/TruffleString; com/oracle/truffle/api/strings/TruffleString
staticfield com/oracle/truffle/js/runtime/Strings COMMA_NEWLINE Lcom/oracle/truffle/api/strings/TruffleString; com/oracle/truffle/api/strings/TruffleString
staticfield com/oracle/truffle/js/runtime/Strings COLON Lcom/oracle/truffle/api/strings/TruffleString; com/oracle/truffle/api/strings/TruffleString
staticfield com/oracle/truffle/js/runtime/Strings COLON_SPACE Lcom/oracle/truffle/api/strings/TruffleString; com/oracle/truffle/api/strings/TruffleString
staticfield com/oracle/truffle/js/runtime/Strings DASH Lcom/oracle/truffle/api/strings/TruffleString; com/oracle/truffle/api/strings/TruffleString
staticfield com/oracle/truffle/js/runtime/Strings DOUBLE_QUOTE Lcom/oracle/truffle/api/strings/TruffleString; com/oracle/truffle/api/strings/TruffleString
staticfield com/oracle/truffle/js/runtime/Strings DOT Lcom/oracle/truffle/api/strings/TruffleString; com/oracle/truffle/api/strings/TruffleString
staticfield com/oracle/truffle/js/runtime/Strings DOT_SLASH Lcom/oracle/truffle/api/strings/TruffleString; com/oracle/truffle/api/strings/TruffleString
staticfield com/oracle/truffle/js/runtime/Strings DOT_DOT_SLASH Lcom/oracle/truffle/api/strings/TruffleString; com/oracle/truffle/api/strings/TruffleString
staticfield com/oracle/truffle/js/runtime/Strings DOT_DOT_DOT Lcom/oracle/truffle/api/strings/TruffleString; com/oracle/truffle/api/strings/TruffleString
staticfield com/oracle/truffle/js/runtime/Strings EMPTY_ARRAY Lcom/oracle/truffle/api/strings/TruffleString; com/oracle/truffle/api/strings/TruffleString
staticfield com/oracle/truffle/js/runtime/Strings EMPTY_ARRAY_DOTS Lcom/oracle/truffle/api/strings/TruffleString; com/oracle/truffle/api/strings/TruffleString
staticfield com/oracle/truffle/js/runtime/Strings EMPTY_OBJECT Lcom/oracle/truffle/api/strings/TruffleString; com/oracle/truffle/api/strings/TruffleString
staticfield com/oracle/truffle/js/runtime/Strings EMPTY_OBJECT_DOTS Lcom/oracle/truffle/api/strings/TruffleString; com/oracle/truffle/api/strings/TruffleString
staticfield com/oracle/truffle/js/runtime/Strings EQUALS_DOUBLE_QUOTE Lcom/oracle/truffle/api/strings/TruffleString; com/oracle/truffle/api/strings/TruffleString
staticfield com/oracle/truffle/js/runtime/Strings EXCLAMATION_MARK Lcom/oracle/truffle/api/strings/TruffleString; com/oracle/truffle/api/strings/TruffleString
staticfield com/oracle/truffle/js/runtime/Strings GET_DOLLAR_UNDERSCORE Lcom/oracle/truffle/api/strings/TruffleString; com/oracle/truffle/api/strings/TruffleString
staticfield com/oracle/truffle/js/runtime/Strings PAREN_OPEN Lcom/oracle/truffle/api/strings/TruffleString; com/oracle/truffle/api/strings/TruffleString
staticfield com/oracle/truffle/js/runtime/Strings PAREN_CLOSE Lcom/oracle/truffle/api/strings/TruffleString; com/oracle/truffle/api/strings/TruffleString
staticfield com/oracle/truffle/js/runtime/Strings UNDERSCORE Lcom/oracle/truffle/api/strings/TruffleString; com/oracle/truffle/api/strings/TruffleString
staticfield com/oracle/truffle/js/runtime/Strings UNDERSCORE_2 Lcom/oracle/truffle/api/strings/TruffleString; com/oracle/truffle/api/strings/TruffleString
staticfield com/oracle/truffle/js/runtime/Strings SLASH Lcom/oracle/truffle/api/strings/TruffleString; com/oracle/truffle/api/strings/TruffleString
staticfield com/oracle/truffle/js/runtime/Strings SPACE Lcom/oracle/truffle/api/strings/TruffleString; com/oracle/truffle/api/strings/TruffleString
staticfield com/oracle/truffle/js/runtime/Strings SINGLE_QUOTE Lcom/oracle/truffle/api/strings/TruffleString; com/oracle/truffle/api/strings/TruffleString
staticfield com/oracle/truffle/js/runtime/Strings SYMBOL_PLUS Lcom/oracle/truffle/api/strings/TruffleString; com/oracle/truffle/api/strings/TruffleString
staticfield com/oracle/truffle/js/runtime/Strings SYMBOL_PLUS_PLUS Lcom/oracle/truffle/api/strings/TruffleString; com/oracle/truffle/api/strings/TruffleString
staticfield com/oracle/truffle/js/runtime/Strings SYMBOL_MINUS Lcom/oracle/truffle/api/strings/TruffleString; com/oracle/truffle/api/strings/TruffleString
staticfield com/oracle/truffle/js/runtime/Strings SYMBOL_MINUS_MINUS Lcom/oracle/truffle/api/strings/TruffleString; com/oracle/truffle/api/strings/TruffleString
staticfield com/oracle/truffle/js/runtime/Strings SYMBOL_AMPERSAND Lcom/oracle/truffle/api/strings/TruffleString; com/oracle/truffle/api/strings/TruffleString
staticfield com/oracle/truffle/js/runtime/Strings SYMBOL_PIPE Lcom/oracle/truffle/api/strings/TruffleString; com/oracle/truffle/api/strings/TruffleString
staticfield com/oracle/truffle/js/runtime/Strings SYMBOL_PERCENT Lcom/oracle/truffle/api/strings/TruffleString; com/oracle/truffle/api/strings/TruffleString
staticfield com/oracle/truffle/js/runtime/Strings SYMBOL_CARET Lcom/oracle/truffle/api/strings/TruffleString; com/oracle/truffle/api/strings/TruffleString
staticfield com/oracle/truffle/js/runtime/Strings SYMBOL_TILDE Lcom/oracle/truffle/api/strings/TruffleString; com/oracle/truffle/api/strings/TruffleString
staticfield com/oracle/truffle/js/runtime/Strings SYMBOL_EQUALS_EQUALS Lcom/oracle/truffle/api/strings/TruffleString; com/oracle/truffle/api/strings/TruffleString
staticfield com/oracle/truffle/js/runtime/Strings SYMBOL_STAR Lcom/oracle/truffle/api/strings/TruffleString; com/oracle/truffle/api/strings/TruffleString
staticfield com/oracle/truffle/js/runtime/Strings SYMBOL_STAR_STAR Lcom/oracle/truffle/api/strings/TruffleString; com/oracle/truffle/api/strings/TruffleString
staticfield com/oracle/truffle/js/runtime/Strings BRACKET_SYMBOL_DOT Lcom/oracle/truffle/api/strings/TruffleString; com/oracle/truffle/api/strings/TruffleString
staticfield com/oracle/truffle/js/runtime/Strings ACCESSOR Lcom/oracle/truffle/api/strings/TruffleString; com/oracle/truffle/api/strings/TruffleString
staticfield com/oracle/truffle/js/runtime/Strings ADD Lcom/oracle/truffle/api/strings/TruffleString; com/oracle/truffle/api/strings/TruffleString
staticfield com/oracle/truffle/js/runtime/Strings ALL Lcom/oracle/truffle/api/strings/TruffleString; com/oracle/truffle/api/strings/TruffleString
staticfield com/oracle/truffle/js/runtime/Strings ALPHABET Lcom/oracle/truffle/api/strings/TruffleString; com/oracle/truffle/api/strings/TruffleString
staticfield com/oracle/truffle/js/runtime/Strings ANY Lcom/oracle/truffle/api/strings/TruffleString; com/oracle/truffle/api/strings/TruffleString
staticfield com/oracle/truffle/js/runtime/Strings APPLY Lcom/oracle/truffle/api/strings/TruffleString; com/oracle/truffle/api/strings/TruffleString
staticfield com/oracle/truffle/js/runtime/Strings ARGUMENTS Lcom/oracle/truffle/api/strings/TruffleString; com/oracle/truffle/api/strings/TruffleString
staticfield com/oracle/truffle/js/runtime/Strings BOUND Lcom/oracle/truffle/api/strings/TruffleString; com/oracle/truffle/api/strings/TruffleString
staticfield com/oracle/truffle/js/runtime/Strings CALL Lcom/oracle/truffle/api/strings/TruffleString; com/oracle/truffle/api/strings/TruffleString
staticfield com/oracle/truffle/js/runtime/Strings CALLEE Lcom/oracle/truffle/api/strings/TruffleString; com/oracle/truffle/api/strings/TruffleString
staticfield com/oracle/truffle/js/runtime/Strings CALLER Lcom/oracle/truffle/api/strings/TruffleString; com/oracle/truffle/api/strings/TruffleString
staticfield com/oracle/truffle/js/runtime/Strings CAUSE Lcom/oracle/truffle/api/strings/TruffleString; com/oracle/truffle/api/strings/TruffleString
staticfield com/oracle/truffle/js/runtime/Strings COMPARE Lcom/oracle/truffle/api/strings/TruffleString; com/oracle/truffle/api/strings/TruffleString
staticfield com/oracle/truffle/js/runtime/Strings CONSTRUCT Lcom/oracle/truffle/api/strings/TruffleString; com/oracle/truffle/api/strings/TruffleString
staticfield com/oracle/truffle/js/runtime/Strings DEFAULT Lcom/oracle/truffle/api/strings/TruffleString; com/oracle/truffle/api/strings/TruffleString
staticfield com/oracle/truffle/js/runtime/Strings DEFAULT_VALUE Lcom/oracle/truffle/api/strings/TruffleString; com/oracle/truffle/api/strings/TruffleString
staticfield com/oracle/truffle/js/runtime/Strings DELETE Lcom/oracle/truffle/api/strings/TruffleString; com/oracle/truffle/api/strings/TruffleString
staticfield com/oracle/truffle/js/runtime/Strings DONE Lcom/oracle/truffle/api/strings/TruffleString; com/oracle/truffle/api/strings/TruffleString
staticfield com/oracle/truffle/js/runtime/Strings EMPTY Lcom/oracle/truffle/api/strings/TruffleString; com/oracle/truffle/api/strings/TruffleString
staticfield com/oracle/truffle/js/runtime/Strings EMPTY_X Lcom/oracle/truffle/api/strings/TruffleString; com/oracle/truffle/api/strings/TruffleString
staticfield com/oracle/truffle/js/runtime/Strings ENTRIES Lcom/oracle/truffle/api/strings/TruffleString; com/oracle/truffle/api/strings/TruffleString
staticfield com/oracle/truffle/js/runtime/Strings UC_ERROR Lcom/oracle/truffle/api/strings/TruffleString; com/oracle/truffle/api/strings/TruffleString
staticfield com/oracle/truffle/js/runtime/Strings FILE Lcom/oracle/truffle/api/strings/TruffleString; com/oracle/truffle/api/strings/TruffleString
staticfield com/oracle/truffle/js/runtime/Strings FORMAT Lcom/oracle/truffle/api/strings/TruffleString; com/oracle/truffle/api/strings/TruffleString
staticfield com/oracle/truffle/js/runtime/Strings FUNCTION Lcom/oracle/truffle/api/strings/TruffleString; com/oracle/truffle/api/strings/TruffleString
staticfield com/oracle/truffle/js/runtime/Strings GLOBAL Lcom/oracle/truffle/api/strings/TruffleString; com/oracle/truffle/api/strings/TruffleString
staticfield com/oracle/truffle/js/runtime/Strings HAS Lcom/oracle/truffle/api/strings/TruffleString; com/oracle/truffle/api/strings/TruffleString
staticfield com/oracle/truffle/js/runtime/Strings INDEX Lcom/oracle/truffle/api/strings/TruffleString; com/oracle/truffle/api/strings/TruffleString
staticfield com/oracle/truffle/js/runtime/Strings INPUT Lcom/oracle/truffle/api/strings/TruffleString; com/oracle/truffle/api/strings/TruffleString
staticfield com/oracle/truffle/js/runtime/Strings INSTANCE Lcom/oracle/truffle/api/strings/TruffleString; com/oracle/truffle/api/strings/TruffleString
staticfield com/oracle/truffle/js/runtime/Strings JOIN Lcom/oracle/truffle/api/strings/TruffleString; com/oracle/truffle/api/strings/TruffleString
staticfield com/oracle/truffle/js/runtime/Strings JOIN_JLS Ljava/lang/String; "join"staticfield com/oracle/truffle/js/runtime/Strings JSON Lcom/oracle/truffle/api/strings/TruffleString; com/oracle/truffle/api/strings/TruffleString
staticfield com/oracle/truffle/js/runtime/Strings KEY Lcom/oracle/truffle/api/strings/TruffleString; com/oracle/truffle/api/strings/TruffleString
staticfield com/oracle/truffle/js/runtime/Strings KEYS Lcom/oracle/truffle/api/strings/TruffleString; com/oracle/truffle/api/strings/TruffleString
staticfield com/oracle/truffle/js/runtime/Strings LAST_CHUNK_HANDLING Lcom/oracle/truffle/api/strings/TruffleString; com/oracle/truffle/api/strings/TruffleString
staticfield com/oracle/truffle/js/runtime/Strings LENGTH Lcom/oracle/truffle/api/strings/TruffleString; com/oracle/truffle/api/strings/TruffleString
staticfield com/oracle/truffle/js/runtime/Strings MESSAGE Lcom/oracle/truffle/api/strings/TruffleString; com/oracle/truffle/api/strings/TruffleString
staticfield com/oracle/truffle/js/runtime/Strings MODULE Lcom/oracle/truffle/api/strings/TruffleString; com/oracle/truffle/api/strings/TruffleString
staticfield com/oracle/truffle/js/runtime/Strings NAME Lcom/oracle/truffle/api/strings/TruffleString; com/oracle/truffle/api/strings/TruffleString
staticfield com/oracle/truffle/js/runtime/Strings NATIVE Lcom/oracle/truffle/api/strings/TruffleString; com/oracle/truffle/api/strings/TruffleString
staticfield com/oracle/truffle/js/runtime/Strings NEG Lcom/oracle/truffle/api/strings/TruffleString; com/oracle/truffle/api/strings/TruffleString
staticfield com/oracle/truffle/js/runtime/Strings NEXT Lcom/oracle/truffle/api/strings/TruffleString; com/oracle/truffle/api/strings/TruffleString
staticfield com/oracle/truffle/js/runtime/Strings NOW Lcom/oracle/truffle/api/strings/TruffleString; com/oracle/truffle/api/strings/TruffleString
staticfield com/oracle/truffle/js/runtime/Strings NULL Lcom/oracle/truffle/api/strings/TruffleString; com/oracle/truffle/api/strings/TruffleString
staticfield com/oracle/truffle/js/runtime/Strings UC_NUMBER Lcom/oracle/truffle/api/strings/TruffleString; com/oracle/truffle/api/strings/TruffleString
staticfield com/oracle/truffle/js/runtime/Strings OBJECT Lcom/oracle/truffle/api/strings/TruffleString; com/oracle/truffle/api/strings/TruffleString
staticfield com/oracle/truffle/js/runtime/Strings OMIT_PADDING Lcom/oracle/truffle/api/strings/TruffleString; com/oracle/truffle/api/strings/TruffleString
staticfield com/oracle/truffle/js/runtime/Strings PARSE Lcom/oracle/truffle/api/strings/TruffleString; com/oracle/truffle/api/strings/TruffleString
staticfield com/oracle/truffle/js/runtime/Strings POS Lcom/oracle/truffle/api/strings/TruffleString; com/oracle/truffle/api/strings/TruffleString
staticfield com/oracle/truffle/js/runtime/Strings PRIMITIVE_VALUE Lcom/oracle/truffle/api/strings/TruffleString; com/oracle/truffle/api/strings/TruffleString
staticfield com/oracle/truffle/js/runtime/Strings PROMISE Lcom/oracle/truffle/api/strings/TruffleString; com/oracle/truffle/api/strings/TruffleString
staticfield com/oracle/truffle/js/runtime/Strings RAW Lcom/oracle/truffle/api/strings/TruffleString; com/oracle/truffle/api/strings/TruffleString
staticfield com/oracle/truffle/js/runtime/Strings RAW_JSON Lcom/oracle/truffle/api/strings/TruffleString; com/oracle/truffle/api/strings/TruffleString
staticfield com/oracle/truffle/js/runtime/Strings READ Lcom/oracle/truffle/api/strings/TruffleString; com/oracle/truffle/api/strings/TruffleString
staticfield com/oracle/truffle/js/runtime/Strings REJECT Lcom/oracle/truffle/api/strings/TruffleString; com/oracle/truffle/api/strings/TruffleString
staticfield com/oracle/truffle/js/runtime/Strings RESOLVE Lcom/oracle/truffle/api/strings/TruffleString; com/oracle/truffle/api/strings/TruffleString
staticfield com/oracle/truffle/js/runtime/Strings RETURN Lcom/oracle/truffle/api/strings/TruffleString; com/oracle/truffle/api/strings/TruffleString
staticfield com/oracle/truffle/js/runtime/Strings SCRIPT Lcom/oracle/truffle/api/strings/TruffleString; com/oracle/truffle/api/strings/TruffleString
staticfield com/oracle/truffle/js/runtime/Strings SOURCE Lcom/oracle/truffle/api/strings/TruffleString; com/oracle/truffle/api/strings/TruffleString
staticfield com/oracle/truffle/js/runtime/Strings STRING Lcom/oracle/truffle/api/strings/TruffleString; com/oracle/truffle/api/strings/TruffleString
staticfield com/oracle/truffle/js/runtime/Strings UC_STRING Lcom/oracle/truffle/api/strings/TruffleString; com/oracle/truffle/api/strings/TruffleString
staticfield com/oracle/truffle/js/runtime/Strings SUPER Lcom/oracle/truffle/api/strings/TruffleString; com/oracle/truffle/api/strings/TruffleString
staticfield com/oracle/truffle/js/runtime/Strings SWITCH Lcom/oracle/truffle/api/strings/TruffleString; com/oracle/truffle/api/strings/TruffleString
staticfield com/oracle/truffle/js/runtime/Strings SYMBOL Lcom/oracle/truffle/api/strings/TruffleString; com/oracle/truffle/api/strings/TruffleString
staticfield com/oracle/truffle/js/runtime/Strings UC_SYMBOL Lcom/oracle/truffle/api/strings/TruffleString; com/oracle/truffle/api/strings/TruffleString
staticfield com/oracle/truffle/js/runtime/Strings THEN Lcom/oracle/truffle/api/strings/TruffleString; com/oracle/truffle/api/strings/TruffleString
staticfield com/oracle/truffle/js/runtime/Strings THIS Lcom/oracle/truffle/api/strings/TruffleString; com/oracle/truffle/api/strings/TruffleString
staticfield com/oracle/truffle/js/runtime/Strings THROW Lcom/oracle/truffle/api/strings/TruffleString; com/oracle/truffle/api/strings/TruffleString
staticfield com/oracle/truffle/js/runtime/Strings TYPE Lcom/oracle/truffle/api/strings/TruffleString; com/oracle/truffle/api/strings/TruffleString
staticfield com/oracle/truffle/js/runtime/Strings UNDEFINED Lcom/oracle/truffle/api/strings/TruffleString; com/oracle/truffle/api/strings/TruffleString
staticfield com/oracle/truffle/js/runtime/Strings UNKNOWN Lcom/oracle/truffle/api/strings/TruffleString; com/oracle/truffle/api/strings/TruffleString
staticfield com/oracle/truffle/js/runtime/Strings URL Lcom/oracle/truffle/api/strings/TruffleString; com/oracle/truffle/api/strings/TruffleString
staticfield com/oracle/truffle/js/runtime/Strings VALUE Lcom/oracle/truffle/api/strings/TruffleString; com/oracle/truffle/api/strings/TruffleString
staticfield com/oracle/truffle/js/runtime/Strings VALUES Lcom/oracle/truffle/api/strings/TruffleString; com/oracle/truffle/api/strings/TruffleString
staticfield com/oracle/truffle/js/runtime/Strings WITH Lcom/oracle/truffle/api/strings/TruffleString; com/oracle/truffle/api/strings/TruffleString
staticfield com/oracle/truffle/js/runtime/Strings WRITTEN Lcom/oracle/truffle/api/strings/TruffleString; com/oracle/truffle/api/strings/TruffleString
staticfield com/oracle/truffle/js/runtime/Strings AT Lcom/oracle/truffle/api/strings/TruffleString; com/oracle/truffle/api/strings/TruffleString
staticfield com/oracle/truffle/js/runtime/Strings COPY_WITHIN Lcom/oracle/truffle/api/strings/TruffleString; com/oracle/truffle/api/strings/TruffleString
staticfield com/oracle/truffle/js/runtime/Strings EVAL_FILE Lcom/oracle/truffle/api/strings/TruffleString; com/oracle/truffle/api/strings/TruffleString
staticfield com/oracle/truffle/js/runtime/Strings FILL Lcom/oracle/truffle/api/strings/TruffleString; com/oracle/truffle/api/strings/TruffleString
staticfield com/oracle/truffle/js/runtime/Strings FIND Lcom/oracle/truffle/api/strings/TruffleString; com/oracle/truffle/api/strings/TruffleString
staticfield com/oracle/truffle/js/runtime/Strings FIND_INDEX Lcom/oracle/truffle/api/strings/TruffleString; com/oracle/truffle/api/strings/TruffleString
staticfield com/oracle/truffle/js/runtime/Strings FIND_LAST Lcom/oracle/truffle/api/strings/TruffleString; com/oracle/truffle/api/strings/TruffleString
staticfield com/oracle/truffle/js/runtime/Strings FIND_LAST_INDEX Lcom/oracle/truffle/api/strings/TruffleString; com/oracle/truffle/api/strings/TruffleString
staticfield com/oracle/truffle/js/runtime/Strings FLAT Lcom/oracle/truffle/api/strings/TruffleString; com/oracle/truffle/api/strings/TruffleString
staticfield com/oracle/truffle/js/runtime/Strings FLAT_MAP Lcom/oracle/truffle/api/strings/TruffleString; com/oracle/truffle/api/strings/TruffleString
staticfield com/oracle/truffle/js/runtime/Strings INCLUDES Lcom/oracle/truffle/api/strings/TruffleString; com/oracle/truffle/api/strings/TruffleString
staticfield com/oracle/truffle/js/runtime/Strings IS_VIEW Lcom/oracle/truffle/api/strings/TruffleString; com/oracle/truffle/api/strings/TruffleString
staticfield com/oracle/truffle/js/runtime/Strings PARSE_INT Lcom/oracle/truffle/api/strings/TruffleString; com/oracle/truffle/api/strings/TruffleString
staticfield com/oracle/truffle/js/runtime/Strings PARSE_FLOAT Lcom/oracle/truffle/api/strings/TruffleString; com/oracle/truffle/api/strings/TruffleString
staticfield com/oracle/truffle/js/runtime/Strings SLICE Lcom/oracle/truffle/api/strings/TruffleString; com/oracle/truffle/api/strings/TruffleString
staticfield com/oracle/truffle/js/runtime/Strings STRING_MAX_LENGTH Lcom/oracle/truffle/api/strings/TruffleString; com/oracle/truffle/api/strings/TruffleString
staticfield com/oracle/truffle/js/runtime/Strings TO_JSON Lcom/oracle/truffle/api/strings/TruffleString; com/oracle/truffle/api/strings/TruffleString
staticfield com/oracle/truffle/js/runtime/Strings TO_ISO_STRING Lcom/oracle/truffle/api/strings/TruffleString; com/oracle/truffle/api/strings/TruffleString
staticfield com/oracle/truffle/js/runtime/Strings TO_LOCALE_STRING Lcom/oracle/truffle/api/strings/TruffleString; com/oracle/truffle/api/strings/TruffleString
staticfield com/oracle/truffle/js/runtime/Strings TO_STRING Lcom/oracle/truffle/api/strings/TruffleString; com/oracle/truffle/api/strings/TruffleString
staticfield com/oracle/truffle/js/runtime/Strings TO_UTC_STRING Lcom/oracle/truffle/api/strings/TruffleString; com/oracle/truffle/api/strings/TruffleString
staticfield com/oracle/truffle/js/runtime/Strings TO_GMT_STRING Lcom/oracle/truffle/api/strings/TruffleString; com/oracle/truffle/api/strings/TruffleString
staticfield com/oracle/truffle/js/runtime/Strings VALUE_OF Lcom/oracle/truffle/api/strings/TruffleString; com/oracle/truffle/api/strings/TruffleString
staticfield com/oracle/truffle/js/runtime/Strings IMPORT_SCRIPT_ENGINE_GLOBAL_BINDINGS Lcom/oracle/truffle/api/strings/TruffleString; com/oracle/truffle/api/strings/TruffleString
staticfield com/oracle/truffle/js/runtime/Strings HAS_INSTANCE Lcom/oracle/truffle/api/strings/TruffleString; com/oracle/truffle/api/strings/TruffleString
staticfield com/oracle/truffle/js/runtime/Strings IS_CONCAT_SPREADABLE Lcom/oracle/truffle/api/strings/TruffleString; com/oracle/truffle/api/strings/TruffleString
staticfield com/oracle/truffle/js/runtime/Strings ITERATOR Lcom/oracle/truffle/api/strings/TruffleString; com/oracle/truffle/api/strings/TruffleString
staticfield com/oracle/truffle/js/runtime/Strings ASYNC_ITERATOR Lcom/oracle/truffle/api/strings/TruffleString; com/oracle/truffle/api/strings/TruffleString
staticfield com/oracle/truffle/js/runtime/Strings MATCH Lcom/oracle/truffle/api/strings/TruffleString; com/oracle/truffle/api/strings/TruffleString
staticfield com/oracle/truffle/js/runtime/Strings MATCH_ALL Lcom/oracle/truffle/api/strings/TruffleString; com/oracle/truffle/api/strings/TruffleString
staticfield com/oracle/truffle/js/runtime/Strings REPLACE Lcom/oracle/truffle/api/strings/TruffleString; com/oracle/truffle/api/strings/TruffleString
staticfield com/oracle/truffle/js/runtime/Strings SEARCH Lcom/oracle/truffle/api/strings/TruffleString; com/oracle/truffle/api/strings/TruffleString
staticfield com/oracle/truffle/js/runtime/Strings SPECIES Lcom/oracle/truffle/api/strings/TruffleString; com/oracle/truffle/api/strings/TruffleString
staticfield com/oracle/truffle/js/runtime/Strings SPLIT Lcom/oracle/truffle/api/strings/TruffleString; com/oracle/truffle/api/strings/TruffleString
staticfield com/oracle/truffle/js/runtime/Strings TO_STRING_TAG Lcom/oracle/truffle/api/strings/TruffleString; com/oracle/truffle/api/strings/TruffleString
staticfield com/oracle/truffle/js/runtime/Strings TO_PRIMITIVE Lcom/oracle/truffle/api/strings/TruffleString; com/oracle/truffle/api/strings/TruffleString
staticfield com/oracle/truffle/js/runtime/Strings UNSCOPABLES Lcom/oracle/truffle/api/strings/TruffleString; com/oracle/truffle/api/strings/TruffleString
staticfield com/oracle/truffle/js/runtime/Strings TO_REVERSED Lcom/oracle/truffle/api/strings/TruffleString; com/oracle/truffle/api/strings/TruffleString
staticfield com/oracle/truffle/js/runtime/Strings TO_SORTED Lcom/oracle/truffle/api/strings/TruffleString; com/oracle/truffle/api/strings/TruffleString
staticfield com/oracle/truffle/js/runtime/Strings TO_SPLICED Lcom/oracle/truffle/api/strings/TruffleString; com/oracle/truffle/api/strings/TruffleString
staticfield com/oracle/truffle/js/runtime/Strings TO_TEMPORAL_INSTANT Lcom/oracle/truffle/api/strings/TruffleString; com/oracle/truffle/api/strings/TruffleString
staticfield com/oracle/truffle/js/runtime/Strings UC_ARRAY Lcom/oracle/truffle/api/strings/TruffleString; com/oracle/truffle/api/strings/TruffleString
staticfield com/oracle/truffle/js/runtime/Strings UC_OBJECT Lcom/oracle/truffle/api/strings/TruffleString; com/oracle/truffle/api/strings/TruffleString
staticfield com/oracle/truffle/js/runtime/Strings UC_MODULE Lcom/oracle/truffle/api/strings/TruffleString; com/oracle/truffle/api/strings/TruffleString
staticfield com/oracle/truffle/js/runtime/Strings CAPS_ID Lcom/oracle/truffle/api/strings/TruffleString; com/oracle/truffle/api/strings/TruffleString
staticfield com/oracle/truffle/js/runtime/Strings CAPS_PWD Lcom/oracle/truffle/api/strings/TruffleString; com/oracle/truffle/api/strings/TruffleString
staticfield com/oracle/truffle/js/runtime/Strings DOLLAR_ENV Lcom/oracle/truffle/api/strings/TruffleString; com/oracle/truffle/api/strings/TruffleString
staticfield com/oracle/truffle/js/runtime/Strings HINT_STRING Lcom/oracle/truffle/api/strings/TruffleString; com/oracle/truffle/api/strings/TruffleString
staticfield com/oracle/truffle/js/runtime/Strings HINT_NUMBER Lcom/oracle/truffle/api/strings/TruffleString; com/oracle/truffle/api/strings/TruffleString
staticfield com/oracle/truffle/js/runtime/Strings HINT_DEFAULT Lcom/oracle/truffle/api/strings/TruffleString; com/oracle/truffle/api/strings/TruffleString
staticfield com/oracle/truffle/js/runtime/Strings HTML_QUOT Lcom/oracle/truffle/api/strings/TruffleString; com/oracle/truffle/api/strings/TruffleString
staticfield com/oracle/truffle/js/runtime/Strings UC_0X Lcom/oracle/truffle/api/strings/TruffleString; com/oracle/truffle/api/strings/TruffleString
staticfield com/oracle/truffle/js/runtime/Strings LC_0X Lcom/oracle/truffle/api/strings/TruffleString; com/oracle/truffle/api/strings/TruffleString
staticfield com/oracle/truffle/js/runtime/Strings PARENS_THIS Lcom/oracle/truffle/api/strings/TruffleString; com/oracle/truffle/api/strings/TruffleString
staticfield com/oracle/truffle/js/runtime/Strings SYMBOL_PAREN_OPEN Lcom/oracle/truffle/api/strings/TruffleString; com/oracle/truffle/api/strings/TruffleString
staticfield com/oracle/truffle/js/runtime/Strings LC_BOOLEAN Lcom/oracle/truffle/api/strings/TruffleString; com/oracle/truffle/api/strings/TruffleString
staticfield com/oracle/truffle/js/runtime/Strings UC_BOOLEAN Lcom/oracle/truffle/api/strings/TruffleString; com/oracle/truffle/api/strings/TruffleString
staticfield com/oracle/truffle/js/runtime/Strings BOOLEAN_PROTOTYPE Lcom/oracle/truffle/api/strings/TruffleString; com/oracle/truffle/api/strings/TruffleString
staticfield com/oracle/truffle/js/runtime/Strings TRUE Lcom/oracle/truffle/api/strings/TruffleString; com/oracle/truffle/api/strings/TruffleString
staticfield com/oracle/truffle/js/runtime/Strings FALSE Lcom/oracle/truffle/api/strings/TruffleString; com/oracle/truffle/api/strings/TruffleString
staticfield com/oracle/truffle/js/runtime/Strings GET Lcom/oracle/truffle/api/strings/TruffleString; com/oracle/truffle/api/strings/TruffleString
staticfield com/oracle/truffle/js/runtime/Strings SET Lcom/oracle/truffle/api/strings/TruffleString; com/oracle/truffle/api/strings/TruffleString
staticfield com/oracle/truffle/js/runtime/Strings GET_SPC Lcom/oracle/truffle/api/strings/TruffleString; com/oracle/truffle/api/strings/TruffleString
staticfield com/oracle/truffle/js/runtime/Strings SET_SPC Lcom/oracle/truffle/api/strings/TruffleString; com/oracle/truffle/api/strings/TruffleString
staticfield com/oracle/truffle/js/runtime/Strings IS Lcom/oracle/truffle/api/strings/TruffleString; com/oracle/truffle/api/strings/TruffleString
staticfield com/oracle/truffle/js/runtime/Strings G Lcom/oracle/truffle/api/strings/TruffleString; com/oracle/truffle/api/strings/TruffleString
staticfield com/oracle/truffle/js/runtime/Strings N Lcom/oracle/truffle/api/strings/TruffleString; com/oracle/truffle/api/strings/TruffleString
staticfield com/oracle/truffle/js/runtime/Strings NFC Lcom/oracle/truffle/api/strings/TruffleString; com/oracle/truffle/api/strings/TruffleString
staticfield com/oracle/truffle/js/runtime/Strings NFD Lcom/oracle/truffle/api/strings/TruffleString; com/oracle/truffle/api/strings/TruffleString
staticfield com/oracle/truffle/js/runtime/Strings NFKC Lcom/oracle/truffle/api/strings/TruffleString; com/oracle/truffle/api/strings/TruffleString
staticfield com/oracle/truffle/js/runtime/Strings NFKD Lcom/oracle/truffle/api/strings/TruffleString; com/oracle/truffle/api/strings/TruffleString
staticfield com/oracle/truffle/js/runtime/Strings MS Lcom/oracle/truffle/api/strings/TruffleString; com/oracle/truffle/api/strings/TruffleString
staticfield com/oracle/truffle/js/runtime/Strings Y Lcom/oracle/truffle/api/strings/TruffleString; com/oracle/truffle/api/strings/TruffleString
staticfield com/oracle/truffle/js/runtime/Strings OK Lcom/oracle/truffle/api/strings/TruffleString; com/oracle/truffle/api/strings/TruffleString
staticfield com/oracle/truffle/js/runtime/Strings NOT_EQUAL Lcom/oracle/truffle/api/strings/TruffleString; com/oracle/truffle/api/strings/TruffleString
staticfield com/oracle/truffle/js/runtime/Strings TIMED_OUT Lcom/oracle/truffle/api/strings/TruffleString; com/oracle/truffle/api/strings/TruffleString
staticfield com/oracle/truffle/js/runtime/Strings ARRAY_PAREN_OPEN Lcom/oracle/truffle/api/strings/TruffleString; com/oracle/truffle/api/strings/TruffleString
staticfield com/oracle/truffle/js/runtime/Strings BOUND_SPC Lcom/oracle/truffle/api/strings/TruffleString; com/oracle/truffle/api/strings/TruffleString
staticfield com/oracle/truffle/js/runtime/Strings BRACKET_OBJECT_SPC Lcom/oracle/truffle/api/strings/TruffleString; com/oracle/truffle/api/strings/TruffleString
staticfield com/oracle/truffle/js/runtime/Strings BRACKET_BOOLEAN_SPC Lcom/oracle/truffle/api/strings/TruffleString; com/oracle/truffle/api/strings/TruffleString
staticfield com/oracle/truffle/js/runtime/Strings BRACKET_DATE_SPC Lcom/oracle/truffle/api/strings/TruffleString; com/oracle/truffle/api/strings/TruffleString
staticfield com/oracle/truffle/js/runtime/Strings COMMA_ANONYMOUS_BRACKETS Lcom/oracle/truffle/api/strings/TruffleString; com/oracle/truffle/api/strings/TruffleString
staticfield com/oracle/truffle/js/runtime/Strings FUNCTION_NATIVE_CODE_BODY Lcom/oracle/truffle/api/strings/TruffleString; com/oracle/truffle/api/strings/TruffleString
staticfield com/oracle/truffle/js/runtime/Strings FUNCTION_BODY_DOTS Lcom/oracle/truffle/api/strings/TruffleString; com/oracle/truffle/api/strings/TruffleString
staticfield com/oracle/truffle/js/runtime/Strings FUNCTION_BODY_OMITTED Lcom/oracle/truffle/api/strings/TruffleString; com/oracle/truffle/api/strings/TruffleString
staticfield com/oracle/truffle/js/runtime/Strings FUNCTION_SPC Lcom/oracle/truffle/api/strings/TruffleString; com/oracle/truffle/api/strings/TruffleString
staticfield com/oracle/truffle/js/runtime/Strings FUNCTION_NATIVE_CODE Lcom/oracle/truffle/api/strings/TruffleString; com/oracle/truffle/api/strings/TruffleString
staticfield com/oracle/truffle/js/runtime/Strings PROXY_PAREN Lcom/oracle/truffle/api/strings/TruffleString; com/oracle/truffle/api/strings/TruffleString
staticfield com/oracle/truffle/js/runtime/Strings ASYNC_SPC Lcom/oracle/truffle/api/strings/TruffleString; com/oracle/truffle/api/strings/TruffleString
staticfield com/oracle/truffle/js/runtime/Strings ASYNC_PROMISE_ALL_BEGIN Lcom/oracle/truffle/api/strings/TruffleString; com/oracle/truffle/api/strings/TruffleString
staticfield com/oracle/truffle/js/runtime/Strings SPACE_PAREN_OPEN Lcom/oracle/truffle/api/strings/TruffleString; com/oracle/truffle/api/strings/TruffleString
staticfield com/oracle/truffle/js/runtime/Strings NEW_SPACE Lcom/oracle/truffle/api/strings/TruffleString; com/oracle/truffle/api/strings/TruffleString
staticfield com/oracle/truffle/js/runtime/Strings BACKSLASH_U Lcom/oracle/truffle/api/strings/TruffleString; com/oracle/truffle/api/strings/TruffleString
staticfield com/oracle/truffle/js/runtime/Strings BACKSLASH_U00 Lcom/oracle/truffle/api/strings/TruffleString; com/oracle/truffle/api/strings/TruffleString
staticfield com/oracle/truffle/js/runtime/Strings BACKSLASH_UD Lcom/oracle/truffle/api/strings/TruffleString; com/oracle/truffle/api/strings/TruffleString
staticfield com/oracle/truffle/js/runtime/Strings BACKSLASH_B Lcom/oracle/truffle/api/strings/TruffleString; com/oracle/truffle/api/strings/TruffleString
staticfield com/oracle/truffle/js/runtime/Strings BACKSLASH_F Lcom/oracle/truffle/api/strings/TruffleString; com/oracle/truffle/api/strings/TruffleString
staticfield com/oracle/truffle/js/runtime/Strings BACKSLASH_N Lcom/oracle/truffle/api/strings/TruffleString; com/oracle/truffle/api/strings/TruffleString
staticfield com/oracle/truffle/js/runtime/Strings BACKSLASH_R Lcom/oracle/truffle/api/strings/TruffleString; com/oracle/truffle/api/strings/TruffleString
staticfield com/oracle/truffle/js/runtime/Strings BACKSLASH_T Lcom/oracle/truffle/api/strings/TruffleString; com/oracle/truffle/api/strings/TruffleString
staticfield com/oracle/truffle/js/runtime/Strings BACKSLASH_BACKSLASH Lcom/oracle/truffle/api/strings/TruffleString; com/oracle/truffle/api/strings/TruffleString
staticfield com/oracle/truffle/js/runtime/Strings BACKSLASH_DOUBLE_QUOTE Lcom/oracle/truffle/api/strings/TruffleString; com/oracle/truffle/api/strings/TruffleString
staticfield com/oracle/truffle/js/runtime/Strings PROXY Lcom/oracle/truffle/api/strings/TruffleString; com/oracle/truffle/api/strings/TruffleString
staticfield com/oracle/truffle/js/runtime/Strings REVOKE Lcom/oracle/truffle/api/strings/TruffleString; com/oracle/truffle/api/strings/TruffleString
staticfield com/oracle/truffle/js/runtime/Strings REVOCABLE Lcom/oracle/truffle/api/strings/TruffleString; com/oracle/truffle/api/strings/TruffleString
staticfield com/oracle/truffle/js/runtime/Strings EVAL_OBJ_FILE_NAME Lcom/oracle/truffle/api/strings/TruffleString; com/oracle/truffle/api/strings/TruffleString
staticfield com/oracle/truffle/js/runtime/Strings EVAL_OBJ_SOURCE Lcom/oracle/truffle/api/strings/TruffleString; com/oracle/truffle/api/strings/TruffleString
staticfield com/oracle/truffle/js/runtime/Strings FILENAME_VAR_NAME Lcom/oracle/truffle/api/strings/TruffleString; com/oracle/truffle/api/strings/TruffleString
staticfield com/oracle/truffle/js/runtime/Strings DIRNAME_VAR_NAME Lcom/oracle/truffle/api/strings/TruffleString; com/oracle/truffle/api/strings/TruffleString
staticfield com/oracle/truffle/js/runtime/Strings MODULE_PROPERTY_NAME Lcom/oracle/truffle/api/strings/TruffleString; com/oracle/truffle/api/strings/TruffleString
staticfield com/oracle/truffle/js/runtime/Strings EXPORTS_PROPERTY_NAME Lcom/oracle/truffle/api/strings/TruffleString; com/oracle/truffle/api/strings/TruffleString
staticfield com/oracle/truffle/js/runtime/Strings REQUIRE_PROPERTY_NAME Lcom/oracle/truffle/api/strings/TruffleString; com/oracle/truffle/api/strings/TruffleString
staticfield com/oracle/truffle/js/runtime/Strings RESOLVE_PROPERTY_NAME Lcom/oracle/truffle/api/strings/TruffleString; com/oracle/truffle/api/strings/TruffleString
staticfield com/oracle/truffle/js/runtime/Strings LOADED_PROPERTY_NAME Lcom/oracle/truffle/api/strings/TruffleString; com/oracle/truffle/api/strings/TruffleString
staticfield com/oracle/truffle/js/runtime/Strings FILENAME_PROPERTY_NAME Lcom/oracle/truffle/api/strings/TruffleString; com/oracle/truffle/api/strings/TruffleString
staticfield com/oracle/truffle/js/runtime/Strings ID_PROPERTY_NAME Lcom/oracle/truffle/api/strings/TruffleString; com/oracle/truffle/api/strings/TruffleString
staticfield com/oracle/truffle/js/runtime/Strings ENV_PROPERTY_NAME Lcom/oracle/truffle/api/strings/TruffleString; com/oracle/truffle/api/strings/TruffleString
staticfield com/oracle/truffle/js/runtime/Strings PACKAGE_JSON_MAIN_PROPERTY_NAME Lcom/oracle/truffle/api/strings/TruffleString; com/oracle/truffle/api/strings/TruffleString
staticfield com/oracle/truffle/js/runtime/Strings PACKAGE_JSON_TYPE_PROPERTY_NAME Lcom/oracle/truffle/api/strings/TruffleString; com/oracle/truffle/api/strings/TruffleString
staticfield com/oracle/truffle/js/runtime/Strings CREATE_REALM Lcom/oracle/truffle/api/strings/TruffleString; com/oracle/truffle/api/strings/TruffleString
staticfield com/oracle/truffle/js/runtime/Strings DETACH_ARRAY_BUFFER Lcom/oracle/truffle/api/strings/TruffleString; com/oracle/truffle/api/strings/TruffleString
staticfield com/oracle/truffle/js/runtime/Strings EVAL_SCRIPT Lcom/oracle/truffle/api/strings/TruffleString; com/oracle/truffle/api/strings/TruffleString
staticfield com/oracle/truffle/js/runtime/Strings GC Lcom/oracle/truffle/api/strings/TruffleString; com/oracle/truffle/api/strings/TruffleString
staticfield com/oracle/truffle/js/runtime/Strings AGENT Lcom/oracle/truffle/api/strings/TruffleString; com/oracle/truffle/api/strings/TruffleString
staticfield com/oracle/truffle/js/runtime/Strings START Lcom/oracle/truffle/api/strings/TruffleString; com/oracle/truffle/api/strings/TruffleString
staticfield com/oracle/truffle/js/runtime/Strings BROADCAST Lcom/oracle/truffle/api/strings/TruffleString; com/oracle/truffle/api/strings/TruffleString
staticfield com/oracle/truffle/js/runtime/Strings GET_REPORT Lcom/oracle/truffle/api/strings/TruffleString; com/oracle/truffle/api/strings/TruffleString
staticfield com/oracle/truffle/js/runtime/Strings SLEEP Lcom/oracle/truffle/api/strings/TruffleString; com/oracle/truffle/api/strings/TruffleString
staticfield com/oracle/truffle/js/runtime/Strings MONOTONIC_NOW Lcom/oracle/truffle/api/strings/TruffleString; com/oracle/truffle/api/strings/TruffleString
staticfield com/oracle/truffle/js/runtime/Strings RECEIVE_BROADCAST Lcom/oracle/truffle/api/strings/TruffleString; com/oracle/truffle/api/strings/TruffleString
staticfield com/oracle/truffle/js/runtime/Strings REPORT Lcom/oracle/truffle/api/strings/TruffleString; com/oracle/truffle/api/strings/TruffleString
staticfield com/oracle/truffle/js/runtime/Strings LEAVING Lcom/oracle/truffle/api/strings/TruffleString; com/oracle/truffle/api/strings/TruffleString
staticfield com/oracle/truffle/js/runtime/Strings AGENT_START Lcom/oracle/truffle/api/strings/TruffleString; com/oracle/truffle/api/strings/TruffleString
staticfield com/oracle/truffle/js/runtime/Strings AGENT_BROADCAST Lcom/oracle/truffle/api/strings/TruffleString; com/oracle/truffle/api/strings/TruffleString
staticfield com/oracle/truffle/js/runtime/Strings AGENT_GET_REPORT Lcom/oracle/truffle/api/strings/TruffleString; com/oracle/truffle/api/strings/TruffleString
staticfield com/oracle/truffle/js/runtime/Strings AGENT_SLEEP Lcom/oracle/truffle/api/strings/TruffleString; com/oracle/truffle/api/strings/TruffleString
staticfield com/oracle/truffle/js/runtime/Strings AGENT_RECEIVE_BROADCAST Lcom/oracle/truffle/api/strings/TruffleString; com/oracle/truffle/api/strings/TruffleString
staticfield com/oracle/truffle/js/runtime/Strings AGENT_REPORT Lcom/oracle/truffle/api/strings/TruffleString; com/oracle/truffle/api/strings/TruffleString
staticfield com/oracle/truffle/js/runtime/Strings AGENT_LEAVING Lcom/oracle/truffle/api/strings/TruffleString; com/oracle/truffle/api/strings/TruffleString
staticfield com/oracle/truffle/js/runtime/Strings LOAD Lcom/oracle/truffle/api/strings/TruffleString; com/oracle/truffle/api/strings/TruffleString
staticfield com/oracle/truffle/js/runtime/Strings LOAD_WITH_NEW_GLOBAL Lcom/oracle/truffle/api/strings/TruffleString; com/oracle/truffle/api/strings/TruffleString
staticfield com/oracle/truffle/js/runtime/Strings GLOBAL_THIS Lcom/oracle/truffle/api/strings/TruffleString; com/oracle/truffle/api/strings/TruffleString
staticfield com/oracle/truffle/js/runtime/Strings EXIT Lcom/oracle/truffle/api/strings/TruffleString; com/oracle/truffle/api/strings/TruffleString
staticfield com/oracle/truffle/js/runtime/Strings QUIT Lcom/oracle/truffle/api/strings/TruffleString; com/oracle/truffle/api/strings/TruffleString
staticfield com/oracle/truffle/js/runtime/Strings PARSE_TO_JSON Lcom/oracle/truffle/api/strings/TruffleString; com/oracle/truffle/api/strings/TruffleString
staticfield com/oracle/truffle/js/runtime/Strings CLOSE Lcom/oracle/truffle/api/strings/TruffleString; com/oracle/truffle/api/strings/TruffleString
staticfield com/oracle/truffle/js/runtime/Strings POST_MESSAGE Lcom/oracle/truffle/api/strings/TruffleString; com/oracle/truffle/api/strings/TruffleString
staticfield com/oracle/truffle/js/runtime/Strings ONMESSAGE Lcom/oracle/truffle/api/strings/TruffleString; com/oracle/truffle/api/strings/TruffleString
staticfield com/oracle/truffle/js/runtime/Strings PRINT Lcom/oracle/truffle/api/strings/TruffleString; com/oracle/truffle/api/strings/TruffleString
staticfield com/oracle/truffle/js/runtime/Strings PRINT_ERR Lcom/oracle/truffle/api/strings/TruffleString; com/oracle/truffle/api/strings/TruffleString
staticfield com/oracle/truffle/js/runtime/Strings GRAAL Lcom/oracle/truffle/api/strings/TruffleString; com/oracle/truffle/api/strings/TruffleString
staticfield com/oracle/truffle/js/runtime/Strings LANGUAGE Lcom/oracle/truffle/api/strings/TruffleString; com/oracle/truffle/api/strings/TruffleString
staticfield com/oracle/truffle/js/runtime/Strings VERSION_GRAAL_VM Lcom/oracle/truffle/api/strings/TruffleString; com/oracle/truffle/api/strings/TruffleString
staticfield com/oracle/truffle/js/runtime/Strings VERSION_ECMA_SCRIPT Lcom/oracle/truffle/api/strings/TruffleString; com/oracle/truffle/api/strings/TruffleString
staticfield com/oracle/truffle/js/runtime/Strings IS_GRAAL_RUNTIME Lcom/oracle/truffle/api/strings/TruffleString; com/oracle/truffle/api/strings/TruffleString
staticfield com/oracle/truffle/js/runtime/Strings SET_UNHANDLED_PROMISE_REJECTION_HANDLER Lcom/oracle/truffle/api/strings/TruffleString; com/oracle/truffle/api/strings/TruffleString
staticfield com/oracle/truffle/js/runtime/Strings UC_PACKAGES Lcom/oracle/truffle/api/strings/TruffleString; com/oracle/truffle/api/strings/TruffleString
staticfield com/oracle/truffle/js/runtime/Strings JAVA Lcom/oracle/truffle/api/strings/TruffleString; com/oracle/truffle/api/strings/TruffleString
staticfield com/oracle/truffle/js/runtime/Strings JAVAFX Lcom/oracle/truffle/api/strings/TruffleString; com/oracle/truffle/api/strings/TruffleString
staticfield com/oracle/truffle/js/runtime/Strings JAVAX Lcom/oracle/truffle/api/strings/TruffleString; com/oracle/truffle/api/strings/TruffleString
staticfield com/oracle/truffle/js/runtime/Strings COM Lcom/oracle/truffle/api/strings/TruffleString; com/oracle/truffle/api/strings/TruffleString
staticfield com/oracle/truffle/js/runtime/Strings ORG Lcom/oracle/truffle/api/strings/TruffleString; com/oracle/truffle/api/strings/TruffleString
staticfield com/oracle/truffle/js/runtime/Strings EDU Lcom/oracle/truffle/api/strings/TruffleString; com/oracle/truffle/api/strings/TruffleString
staticfield com/oracle/truffle/js/runtime/Strings CONSOLE Lcom/oracle/truffle/api/strings/TruffleString; com/oracle/truffle/api/strings/TruffleString
staticfield com/oracle/truffle/js/runtime/Strings EXEC Lcom/oracle/truffle/api/strings/TruffleString; com/oracle/truffle/api/strings/TruffleString
staticfield com/oracle/truffle/js/runtime/Strings READ_FULLY Lcom/oracle/truffle/api/strings/TruffleString; com/oracle/truffle/api/strings/TruffleString
staticfield com/oracle/truffle/js/runtime/Strings READ_LINE Lcom/oracle/truffle/api/strings/TruffleString; com/oracle/truffle/api/strings/TruffleString
staticfield com/oracle/truffle/js/runtime/Strings $_EXEC Lcom/oracle/truffle/api/strings/TruffleString; com/oracle/truffle/api/strings/TruffleString
staticfield com/oracle/truffle/js/runtime/Strings $_EXIT Lcom/oracle/truffle/api/strings/TruffleString; com/oracle/truffle/api/strings/TruffleString
staticfield com/oracle/truffle/js/runtime/Strings $_OUT Lcom/oracle/truffle/api/strings/TruffleString; com/oracle/truffle/api/strings/TruffleString
staticfield com/oracle/truffle/js/runtime/Strings $_ERR Lcom/oracle/truffle/api/strings/TruffleString; com/oracle/truffle/api/strings/TruffleString
staticfield com/oracle/truffle/js/runtime/Strings GLOBAL__LINE__ Lcom/oracle/truffle/api/strings/TruffleString; com/oracle/truffle/api/strings/TruffleString
staticfield com/oracle/truffle/js/runtime/Strings GLOBAL__FILE__ Lcom/oracle/truffle/api/strings/TruffleString; com/oracle/truffle/api/strings/TruffleString
staticfield com/oracle/truffle/js/runtime/Strings GLOBAL__DIR__ Lcom/oracle/truffle/api/strings/TruffleString; com/oracle/truffle/api/strings/TruffleString
staticfield com/oracle/truffle/js/runtime/Strings _TIMEZONE Lcom/oracle/truffle/api/strings/TruffleString; com/oracle/truffle/api/strings/TruffleString
staticfield com/oracle/truffle/js/runtime/Strings _SCRIPTING Lcom/oracle/truffle/api/strings/TruffleString; com/oracle/truffle/api/strings/TruffleString
staticfield com/oracle/truffle/js/runtime/Strings _COMPILE_ONLY Lcom/oracle/truffle/api/strings/TruffleString; com/oracle/truffle/api/strings/TruffleString
staticfield com/oracle/truffle/js/runtime/Strings $_OPTIONS Lcom/oracle/truffle/api/strings/TruffleString; com/oracle/truffle/api/strings/TruffleString
staticfield com/oracle/truffle/js/runtime/Strings $_ARG Lcom/oracle/truffle/api/strings/TruffleString; com/oracle/truffle/api/strings/TruffleString
staticfield com/oracle/truffle/js/runtime/Strings MEMORY Lcom/oracle/truffle/api/strings/TruffleString; com/oracle/truffle/api/strings/TruffleString
staticfield com/oracle/truffle/js/runtime/Strings TABLE Lcom/oracle/truffle/api/strings/TruffleString; com/oracle/truffle/api/strings/TruffleString
staticfield com/oracle/truffle/js/runtime/Strings STATUS Lcom/oracle/truffle/api/strings/TruffleString; com/oracle/truffle/api/strings/TruffleString
staticfield com/oracle/truffle/js/runtime/Strings REASON Lcom/oracle/truffle/api/strings/TruffleString; com/oracle/truffle/api/strings/TruffleString
staticfield com/oracle/truffle/js/runtime/Strings DOT_PROTOTYPE Lcom/oracle/truffle/api/strings/TruffleString; com/oracle/truffle/api/strings/TruffleString
staticfield com/oracle/truffle/js/runtime/Strings EVAL Lcom/oracle/truffle/api/strings/TruffleString; com/oracle/truffle/api/strings/TruffleString
staticfield com/oracle/truffle/js/runtime/Strings A Lcom/oracle/truffle/api/strings/TruffleString; com/oracle/truffle/api/strings/TruffleString
staticfield com/oracle/truffle/js/runtime/Strings BIG Lcom/oracle/truffle/api/strings/TruffleString; com/oracle/truffle/api/strings/TruffleString
staticfield com/oracle/truffle/js/runtime/Strings BLINK Lcom/oracle/truffle/api/strings/TruffleString; com/oracle/truffle/api/strings/TruffleString
staticfield com/oracle/truffle/js/runtime/Strings B Lcom/oracle/truffle/api/strings/TruffleString; com/oracle/truffle/api/strings/TruffleString
staticfield com/oracle/truffle/js/runtime/Strings TT Lcom/oracle/truffle/api/strings/TruffleString; com/oracle/truffle/api/strings/TruffleString
staticfield com/oracle/truffle/js/runtime/Strings FONT Lcom/oracle/truffle/api/strings/TruffleString; com/oracle/truffle/api/strings/TruffleString
staticfield com/oracle/truffle/js/runtime/Strings COLOR Lcom/oracle/truffle/api/strings/TruffleString; com/oracle/truffle/api/strings/TruffleString
staticfield com/oracle/truffle/js/runtime/Strings I Lcom/oracle/truffle/api/strings/TruffleString; com/oracle/truffle/api/strings/TruffleString
staticfield com/oracle/truffle/js/runtime/Strings HREF Lcom/oracle/truffle/api/strings/TruffleString; com/oracle/truffle/api/strings/TruffleString
staticfield com/oracle/truffle/js/runtime/Strings SIZE Lcom/oracle/truffle/api/strings/TruffleString; com/oracle/truffle/api/strings/TruffleString
staticfield com/oracle/truffle/js/runtime/Strings SMALL Lcom/oracle/truffle/api/strings/TruffleString; com/oracle/truffle/api/strings/TruffleString
staticfield com/oracle/truffle/js/runtime/Strings STRIKE Lcom/oracle/truffle/api/strings/TruffleString; com/oracle/truffle/api/strings/TruffleString
staticfield com/oracle/truffle/js/runtime/Strings SUB Lcom/oracle/truffle/api/strings/TruffleString; com/oracle/truffle/api/strings/TruffleString
staticfield com/oracle/truffle/js/runtime/Strings SUP Lcom/oracle/truffle/api/strings/TruffleString; com/oracle/truffle/api/strings/TruffleString
staticfield com/oracle/truffle/js/runtime/Strings TO_STRING_VALUE_NULL Lcom/oracle/truffle/api/strings/TruffleString; com/oracle/truffle/api/strings/TruffleString
staticfield com/oracle/truffle/js/runtime/Strings TO_STRING_VALUE_UNDEFINED Lcom/oracle/truffle/api/strings/TruffleString; com/oracle/truffle/api/strings/TruffleString
staticfield com/oracle/truffle/js/runtime/Strings TO_STRING_VALUE_ARRAY Lcom/oracle/truffle/api/strings/TruffleString; com/oracle/truffle/api/strings/TruffleString
staticfield com/oracle/truffle/js/runtime/Strings TO_STRING_VALUE_FUNCTION Lcom/oracle/truffle/api/strings/TruffleString; com/oracle/truffle/api/strings/TruffleString
staticfield com/oracle/truffle/js/runtime/Strings TO_STRING_VALUE_DATE Lcom/oracle/truffle/api/strings/TruffleString; com/oracle/truffle/api/strings/TruffleString
staticfield com/oracle/truffle/js/runtime/Strings TO_STRING_VALUE_OBJECT Lcom/oracle/truffle/api/strings/TruffleString; com/oracle/truffle/api/strings/TruffleString
staticfield com/oracle/truffle/js/runtime/Strings FULFILLED Lcom/oracle/truffle/api/strings/TruffleString; com/oracle/truffle/api/strings/TruffleString
staticfield com/oracle/truffle/js/runtime/Strings REJECTED Lcom/oracle/truffle/api/strings/TruffleString; com/oracle/truffle/api/strings/TruffleString
staticfield com/oracle/truffle/js/runtime/Strings JAVA_CLASS_BRACKET Lcom/oracle/truffle/api/strings/TruffleString; com/oracle/truffle/api/strings/TruffleString
staticfield com/oracle/truffle/js/runtime/Strings JAVA_OBJECT_BRACKET Lcom/oracle/truffle/api/strings/TruffleString; com/oracle/truffle/api/strings/TruffleString
staticfield com/oracle/truffle/js/runtime/Strings RESOLVED Lcom/oracle/truffle/api/strings/TruffleString; com/oracle/truffle/api/strings/TruffleString
staticfield com/oracle/truffle/js/runtime/Strings PENDING Lcom/oracle/truffle/api/strings/TruffleString; com/oracle/truffle/api/strings/TruffleString
staticfield com/oracle/truffle/js/runtime/Strings PROMISE_STATUS Lcom/oracle/truffle/api/strings/TruffleString; com/oracle/truffle/api/strings/TruffleString
staticfield com/oracle/truffle/js/runtime/Strings PROMISE_VALUE Lcom/oracle/truffle/api/strings/TruffleString; com/oracle/truffle/api/strings/TruffleString
staticfield com/oracle/truffle/js/runtime/Strings TEST Lcom/oracle/truffle/api/strings/TruffleString; com/oracle/truffle/api/strings/TruffleString
staticfield com/oracle/truffle/js/runtime/Strings UNKNOWN_FILENAME Lcom/oracle/truffle/api/strings/TruffleString; com/oracle/truffle/api/strings/TruffleString
staticfield com/oracle/truffle/js/runtime/Strings DYNAMIC_FUNCTION_NAME Lcom/oracle/truffle/api/strings/TruffleString; com/oracle/truffle/api/strings/TruffleString
staticfield com/oracle/truffle/js/runtime/Strings ASYNC Lcom/oracle/truffle/api/strings/TruffleString; com/oracle/truffle/api/strings/TruffleString
staticfield com/oracle/truffle/js/runtime/Strings UC_M Lcom/oracle/truffle/api/strings/TruffleString; com/oracle/truffle/api/strings/TruffleString
staticfield com/oracle/truffle/js/runtime/Strings UC_M0 Lcom/oracle/truffle/api/strings/TruffleString; com/oracle/truffle/api/strings/TruffleString
staticfield com/oracle/truffle/js/runtime/Strings UC_Z Lcom/oracle/truffle/api/strings/TruffleString; com/oracle/truffle/api/strings/TruffleString
staticfield com/oracle/truffle/js/runtime/Strings Z Lcom/oracle/truffle/api/strings/TruffleString; com/oracle/truffle/api/strings/TruffleString
staticfield com/oracle/truffle/js/runtime/Strings UC_ETC Lcom/oracle/truffle/api/strings/TruffleString; com/oracle/truffle/api/strings/TruffleString
staticfield com/oracle/truffle/js/runtime/Strings MUTABLE Lcom/oracle/truffle/api/strings/TruffleString; com/oracle/truffle/api/strings/TruffleString
staticfield com/oracle/truffle/js/runtime/Strings ELEMENT Lcom/oracle/truffle/api/strings/TruffleString; com/oracle/truffle/api/strings/TruffleString
staticfield com/oracle/truffle/js/runtime/Strings INITIAL Lcom/oracle/truffle/api/strings/TruffleString; com/oracle/truffle/api/strings/TruffleString
staticfield com/oracle/truffle/js/runtime/Strings MAXIMUM Lcom/oracle/truffle/api/strings/TruffleString; com/oracle/truffle/api/strings/TruffleString
staticfield com/oracle/truffle/js/runtime/Strings SHARED Lcom/oracle/truffle/api/strings/TruffleString; com/oracle/truffle/api/strings/TruffleString
staticfield com/oracle/truffle/js/runtime/Strings STATIC Lcom/oracle/truffle/api/strings/TruffleString; com/oracle/truffle/api/strings/TruffleString
staticfield com/oracle/truffle/js/runtime/Strings PRIVATE Lcom/oracle/truffle/api/strings/TruffleString; com/oracle/truffle/api/strings/TruffleString
staticfield com/oracle/truffle/js/runtime/Strings INIT Lcom/oracle/truffle/api/strings/TruffleString; com/oracle/truffle/api/strings/TruffleString
staticfield com/oracle/truffle/js/runtime/Strings CALENDAR Lcom/oracle/truffle/api/strings/TruffleString; com/oracle/truffle/api/strings/TruffleString
staticfield com/oracle/truffle/js/runtime/Strings ERA Lcom/oracle/truffle/api/strings/TruffleString; com/oracle/truffle/api/strings/TruffleString
staticfield com/oracle/truffle/js/runtime/Strings YEAR Lcom/oracle/truffle/api/strings/TruffleString; com/oracle/truffle/api/strings/TruffleString
staticfield com/oracle/truffle/js/runtime/Strings MONTH Lcom/oracle/truffle/api/strings/TruffleString; com/oracle/truffle/api/strings/TruffleString
staticfield com/oracle/truffle/js/runtime/Strings DAY Lcom/oracle/truffle/api/strings/TruffleString; com/oracle/truffle/api/strings/TruffleString
staticfield com/oracle/truffle/js/runtime/Strings HOUR Lcom/oracle/truffle/api/strings/TruffleString; com/oracle/truffle/api/strings/TruffleString
staticfield com/oracle/truffle/js/runtime/Strings MINUTE Lcom/oracle/truffle/api/strings/TruffleString; com/oracle/truffle/api/strings/TruffleString
staticfield com/oracle/truffle/js/runtime/Strings SECOND Lcom/oracle/truffle/api/strings/TruffleString; com/oracle/truffle/api/strings/TruffleString
staticfield com/oracle/truffle/js/runtime/Strings UNIT Lcom/oracle/truffle/api/strings/TruffleString; com/oracle/truffle/api/strings/TruffleString
staticfield com/oracle/truffle/js/runtime/Strings FRACTIONAL_SECOND_DIGITS Lcom/oracle/truffle/api/strings/TruffleString; com/oracle/truffle/api/strings/TruffleString
staticfield com/oracle/truffle/js/runtime/Strings ROUNDING_INCREMENT Lcom/oracle/truffle/api/strings/TruffleString; com/oracle/truffle/api/strings/TruffleString
staticfield com/oracle/truffle/js/runtime/Strings ROUNDING_MODE Lcom/oracle/truffle/api/strings/TruffleString; com/oracle/truffle/api/strings/TruffleString
staticfield com/oracle/truffle/js/runtime/Strings TIME_ZONE Lcom/oracle/truffle/api/strings/TruffleString; com/oracle/truffle/api/strings/TruffleString
staticfield com/oracle/truffle/js/runtime/Strings TIME_ZONE_NAME Lcom/oracle/truffle/api/strings/TruffleString; com/oracle/truffle/api/strings/TruffleString
staticfield com/oracle/truffle/js/runtime/Strings UND Lcom/oracle/truffle/api/strings/TruffleString; com/oracle/truffle/api/strings/TruffleString
staticfield com/oracle/truffle/js/runtime/Strings REGEXP_SYNTAX_CHARS_WITH_SOLIDUS Lcom/oracle/truffle/api/strings/TruffleString; com/oracle/truffle/api/strings/TruffleString
staticfield com/oracle/truffle/js/runtime/Strings REGEXP_OTHER_PUNCTUATORS Lcom/oracle/truffle/api/strings/TruffleString; com/oracle/truffle/api/strings/TruffleString
staticfield com/oracle/truffle/js/runtime/Strings $assertionsDisabled Z 1
ciInstanceKlass com/oracle/truffle/js/runtime/Errors 1 1 1005 10 100 12 1 1 1 10 100 12 1 1 1 10 12 1 1 10 100 12 1 1 9 7 12 1 1 1 10 100 12 1 1 1 10 100 12 1 1 1 10 12 1 1 9 12 1 1 9 12 1 1 10 100 12 1 1 1 10 7 12 1 1 1 10 12 1 1 10 7 12 1 1 1 9 12 1 10 12 1 9 12 1 9 12 1 10 12 1 9 100 12 1 1 1 10 100 12 1 1 1 9 12 1 9 12 1 10 12 1 8 1 10 12 1 1 8 1 10 100 12 1 1 1 10 12 1 8 1 10 12 1 1 9 12 1 1 10 100 12 1 1 1 100 1 10 8 1 10 12 1 1 10 100 12 1 1 1 8 1 8 1 8 1 10 12 1 1 8 1 10 12 1 8 1 8 1 8 1 8 1 8 1 9 100 12 1 1 1 9 12 1 9 100 1 9 12 1 10 12 1 100 1 10 12 1 1 10 12 1 10 12 1 10 12 1 8 1 10 12 1 1 10 12 1 8 1 10 12 1 10 100 12 1 1 1 10 12 1 9 12 1 10 12 1 10 12 1 1 18 12 1 1 10 12 1 9 12 1 10 12 1 8 1 10 12 1 8 1 10 12 1 1 18 8 1 10 12 1 18 18 18 18 18 18 10 12 1 8 1 8 1 10 12 1 8 1 8 1 10 12 1 18 10 12 1 18 10 12 1 1 18 12 1 18 10 100 12 1 1 1 10 12 1 10 12 1 1 18 8 1 18 10 12 1 18 10 12 1 18 10 12 1 1 10 12 1 1 8 1 18 18 18 8 1 18 10 100 12 1 18 8 1 8 1 8 1 10 100 12 1 1 10 12 1 1 8 1 18 18 8 1 8 1 8 1 18 9 12 1 18 18 18 18 8 1 10 12 1 8 1 8 1 10 12 1 1 8 1 8 1 8 1 8 1 8 1 8 1 8 1 8 1 8 1 8 1 8 1 8 1 8 1 8 1 8 1 8 1 8 1 8 1 8 1 8 1 8 1 8 1 8 1 8 1 18 18 18 8 1 8 1 8 1 10 12 1 8 1 10 12 8 1 10 12 1 1 8 1 8 1 8 1 8 1 8 1 8 1 8 1 10 100 12 1 1 100 1 10 12 1 18 100 1 8 1 10 18 10 12 1 18 10 12 1 1 100 1 10 8 1 8 1 8 1 18 8 1 8 1 10 12 1 8 1 18 8 1 18 8 1 10 12 1 1 8 1 10 18 12 1 10 12 1 1 10 100 1 10 12 1 1 10 7 12 1 1 10 12 1 8 1 18 10 100 12 1 1 10 100 12 1 1 1 10 12 1 1 10 12 1 100 1 8 1 8 1 10 12 1 18 18 18 8 1 18 10 100 1 10 10 12 18 8 1 18 10 12 1 1 8 1 10 12 1 18 8 1 8 1 8 1 8 1 9 12 1 9 12 1 9 12 1 10 12 1 8 1 18 10 12 1 1 1 1 1 1 1 1 1 1 1 1 1 1 1 1 1 1 1 1 1 100 1 1 1 1 1 1 1 1 1 1 1 1 1 1 1 1 1 1 1 1 1 1 1 1 1 1 1 1 1 1 1 1 1 1 1 1 1 1 1 1 1 1 1 1 1 1 1 1 1 1 1 1 1 1 1 1 1 1 1 1 1 1 1 1 1 1 1 1 1 1 100 1 1 1 1 1 1 1 1 1 1 1 1 1 1 1 1 1 1 1 1 1 1 1 1 1 1 1 1 1 1 1 1 1 1 1 1 1 1 1 1 1 1 1 1 1 1 1 1 1 1 1 1 1 1 1 1 1 1 1 1 1 1 1 1 1 1 1 1 1 1 1 1 1 1 1 1 1 1 1 1 1 1 1 1 1 1 1 1 1 1 1 1 1 1 1 1 1 1 1 1 1 1 1 1 1 1 1 1 1 1 1 1 1 1 1 1 1 1 1 1 1 1 1 1 1 1 1 1 1 1 1 1 1 1 1 1 1 1 1 1 1 1 1 1 1 1 1 1 1 1 1 1 8 1 8 1 8 1 8 1 8 1 8 1 8 1 8 1 8 1 8 1 8 1 8 1 8 1 8 1 8 1 8 1 8 1 8 1 8 1 8 1 8 1 8 1 8 1 8 1 8 1 8 1 8 1 8 1 8 1 8 1 8 1 8 1 8 1 8 1 8 1 8 1 8 1 8 1 8 1 8 1 8 1 8 1 8 1 8 1 8 1 8 1 8 1 15 10 100 12 1 1 1 100 1 1 100 1 100 1 1
staticfield com/oracle/truffle/js/runtime/Errors $assertionsDisabled Z 1
instanceKlass com/oracle/truffle/js/nodes/cast/JSStringToNumberNoTrimNode
instanceKlass com/oracle/truffle/js/nodes/access/IsPrimitiveNode
instanceKlass com/oracle/truffle/js/nodes/array/TestArrayNode
instanceKlass com/oracle/truffle/js/nodes/access/ReadElementNode$ReadElementArrayDispatchNode
instanceKlass com/oracle/truffle/js/nodes/cast/JSToIntegerAsLongNode
instanceKlass com/oracle/truffle/js/nodes/access/ForEachIndexCallNode$MaybeResultNode
instanceKlass com/oracle/truffle/js/nodes/access/ForEachIndexCallNode$CallbackNode
instanceKlass com/oracle/truffle/js/nodes/access/ForEachIndexCallNode
instanceKlass com/oracle/truffle/js/nodes/cast/JSToObjectArrayNode
instanceKlass com/oracle/truffle/js/nodes/array/JSArrayDeleteRangeNode
instanceKlass com/oracle/truffle/js/nodes/array/JSArrayToDenseObjectArrayNode
instanceKlass com/oracle/truffle/js/nodes/cast/IsNumberNode
instanceKlass com/oracle/truffle/js/nodes/cast/JSNumericToNumberNode
instanceKlass com/oracle/truffle/js/nodes/cast/JSToNumericNode$PrimitiveToNumericOrNullNode
instanceKlass com/oracle/truffle/js/nodes/cast/OrdinaryToPrimitiveNode
instanceKlass com/oracle/truffle/js/builtins/helper/JSCollectionsNormalizeNode
instanceKlass com/oracle/truffle/js/nodes/array/JSArrayGetOwnPropertyNode
instanceKlass com/oracle/truffle/js/nodes/access/JSGetOwnPropertyNode$GetPropertyProxyValueNode
instanceKlass com/oracle/truffle/js/builtins/ObjectFunctionBuiltins$AssignPropertiesNode
instanceKlass com/oracle/truffle/js/nodes/cast/ToArrayLengthNode
instanceKlass com/oracle/truffle/js/nodes/access/IteratorStepNode
instanceKlass com/oracle/truffle/js/nodes/interop/ArrayElementInfoNode
instanceKlass com/oracle/truffle/js/nodes/access/PropertyGetNode$GetPropertyFromJSObjectNode
instanceKlass com/oracle/truffle/js/builtins/ArrayPrototypeBuiltins$DeleteAndSetLengthNode
instanceKlass com/oracle/truffle/js/builtins/StringPrototypeBuiltins$JSStringSplitNode$Splitter
instanceKlass com/oracle/truffle/js/nodes/access/InstallErrorCauseNode
instanceKlass com/oracle/truffle/js/nodes/access/InitErrorObjectNode
instanceKlass com/oracle/truffle/js/nodes/access/HasHiddenKeyCacheNode
instanceKlass com/oracle/truffle/js/builtins/RegExpPrototypeBuiltins$AdvanceStringIndexNode
instanceKlass com/oracle/truffle/js/builtins/RegExpPrototypeBuiltins$JSRegExpReplaceNode$ReplaceAccordingToSpecNode
instanceKlass com/oracle/truffle/js/builtins/RegExpPrototypeBuiltins$JSRegExpReplaceNode$ReplaceInternalNode
instanceKlass com/oracle/truffle/js/builtins/helper/IsPristineObjectNode
instanceKlass com/oracle/truffle/js/builtins/helper/JSRegExpExecIntlNode
instanceKlass com/oracle/truffle/js/builtins/helper/JSRegExpExecIntlNode$JSRegExpExecIntlIgnoreLastIndexNode
instanceKlass com/oracle/truffle/js/nodes/cast/JSNumberToDoubleNode
instanceKlass com/oracle/truffle/js/nodes/access/IsRegExpNode
instanceKlass com/oracle/truffle/js/nodes/cast/JSToNumberNode
instanceKlass com/oracle/truffle/js/nodes/cast/JSToUInt32Node
instanceKlass com/oracle/truffle/js/nodes/cast/JSToLengthNode
instanceKlass com/oracle/truffle/js/nodes/array/JSSetLengthNode
instanceKlass com/oracle/truffle/js/nodes/array/ArrayCreateNode
instanceKlass com/oracle/truffle/js/nodes/array/JSArrayElementIndexNode
instanceKlass com/oracle/truffle/js/builtins/ArrayPrototypeBuiltins$ArraySpeciesConstructorNode
instanceKlass com/oracle/truffle/js/nodes/cast/JSTrimWhitespaceNode
instanceKlass com/oracle/truffle/js/nodes/cast/JSToIntegerAsIntNode
instanceKlass com/oracle/truffle/js/nodes/array/ArrayLengthNode
instanceKlass com/oracle/truffle/js/builtins/FunctionPrototypeBuiltins$CopyFunctionNameAndLengthNode
instanceKlass com/oracle/truffle/js/nodes/unary/JSIsArrayNode
instanceKlass com/oracle/truffle/js/nodes/access/CreateDataPropertyNode
instanceKlass com/oracle/truffle/js/nodes/array/ArrayBufferByteLengthNode
instanceKlass com/oracle/truffle/js/nodes/array/TypedArrayLengthNode
instanceKlass com/oracle/truffle/js/nodes/array/JSGetLengthNode
instanceKlass com/oracle/truffle/js/nodes/cast/LongToIntOrDoubleNode
instanceKlass com/oracle/truffle/js/nodes/access/CreateIterResultObjectNode
instanceKlass com/oracle/truffle/js/nodes/access/HasOnlyShapePropertiesNode
instanceKlass com/oracle/truffle/js/builtins/helper/ListGetNode
instanceKlass com/oracle/truffle/js/builtins/helper/ListSizeNode
instanceKlass com/oracle/truffle/js/nodes/access/JSGetOwnPropertyNode
instanceKlass com/oracle/truffle/js/nodes/access/EnumerableOwnPropertyNamesNode
instanceKlass com/oracle/truffle/js/nodes/function/SpecializedNewObjectNode
instanceKlass com/oracle/truffle/js/nodes/access/InitializeInstanceElementsNode$InitializeFieldOrAccessorNode
instanceKlass com/oracle/truffle/js/nodes/access/PrivateFieldAddNode
instanceKlass com/oracle/truffle/js/nodes/access/ToPropertyDescriptorNode
instanceKlass com/oracle/truffle/js/nodes/access/JSProxyHasPropertyNode
instanceKlass com/oracle/truffle/js/nodes/access/JSHasPropertyNode
instanceKlass com/oracle/truffle/js/nodes/array/JSArrayDeleteIndexNode
instanceKlass com/oracle/truffle/js/nodes/cast/JSToDoubleNode
instanceKlass com/oracle/truffle/js/nodes/cast/JSToInt32Node
instanceKlass com/oracle/truffle/js/nodes/access/IteratorValueNode
instanceKlass com/oracle/truffle/js/nodes/access/IteratorCompleteNode
instanceKlass com/oracle/truffle/js/nodes/access/IteratorCloseNode
instanceKlass com/oracle/truffle/js/nodes/access/GetIteratorDirectNode
instanceKlass com/oracle/truffle/js/nodes/access/GetIteratorFromMethodNode
instanceKlass com/oracle/truffle/js/nodes/access/GetMethodNode
instanceKlass com/oracle/truffle/js/nodes/access/GetIteratorNode
instanceKlass com/oracle/truffle/js/nodes/function/SetFunctionNameNode
instanceKlass com/oracle/truffle/js/decorators/ApplyDecoratorsToElementDefinition
instanceKlass com/oracle/truffle/js/nodes/unary/IsConstructorNode
instanceKlass com/oracle/truffle/js/nodes/function/DefineMethodNode$FunctionCreateNode
instanceKlass com/oracle/truffle/js/nodes/function/DefineMethodNode
instanceKlass com/oracle/truffle/js/nodes/function/CreateMethodPropertyNode
instanceKlass com/oracle/truffle/js/decorators/ApplyDecoratorsToClassDefinitionNode
instanceKlass com/oracle/truffle/js/nodes/unary/JSOverloadedUnaryNode
instanceKlass com/oracle/truffle/js/nodes/cast/JSToStringOrNumberNode
instanceKlass com/oracle/truffle/js/nodes/cast/JSStringToNumberNode
instanceKlass com/oracle/truffle/js/nodes/intl/CreateRegExpNode
instanceKlass com/oracle/truffle/js/nodes/cast/JSToStringNode
instanceKlass com/oracle/truffle/js/nodes/cast/JSToNumericNode
instanceKlass com/oracle/truffle/js/nodes/cast/ToPrimitiveBaseNode
instanceKlass com/oracle/truffle/js/nodes/binary/JSOverloadedBinaryNode
instanceKlass com/oracle/truffle/js/nodes/cast/JSDoubleToStringNode
instanceKlass com/oracle/truffle/js/nodes/binary/JSConcatStringsNode
instanceKlass com/oracle/truffle/js/nodes/cast/JSToBooleanNode
instanceKlass com/oracle/truffle/js/nodes/access/ErrorStackTraceLimitNode
instanceKlass com/oracle/truffle/js/nodes/function/AbstractFunctionArgumentsNode
instanceKlass com/oracle/truffle/js/nodes/access/GlobalScopeLookupNode
instanceKlass com/oracle/truffle/js/nodes/interop/ExportArgumentsNode
instanceKlass com/oracle/truffle/js/nodes/function/JSFunctionCallNode$AbstractCacheNode
instanceKlass com/oracle/truffle/js/nodes/access/RequireObjectCoercibleNode
instanceKlass com/oracle/truffle/js/nodes/access/JSProxyPropertyGetNode
instanceKlass com/oracle/truffle/js/nodes/access/CachedGetPropertyNode
instanceKlass com/oracle/truffle/js/nodes/access/ReadElementNode$ArrayReadElementCacheDispatchNode
instanceKlass com/oracle/truffle/js/nodes/access/ReadElementNode$JSObjectReadElementNonArrayTypeCacheNode
instanceKlass com/oracle/truffle/js/nodes/access/ReadElementNode$JSObjectReadElementTypeCacheNode
instanceKlass com/oracle/truffle/js/nodes/access/ReadElementNode$GuardedReadElementTypeCacheNode
instanceKlass com/oracle/truffle/js/nodes/access/ReadElementNode$ReadElementTypeCacheDispatchNode
instanceKlass com/oracle/truffle/js/nodes/access/ReadElementNode$ArrayReadElementCacheNode
instanceKlass com/oracle/truffle/js/nodes/access/CreateObjectNode
instanceKlass com/oracle/truffle/js/nodes/access/ObjectLiteralNode$ObjectLiteralMemberNode
instanceKlass com/oracle/truffle/js/nodes/access/ScopeFrameNode
instanceKlass com/oracle/truffle/js/nodes/cast/JSToPropertyKeyNode
instanceKlass com/oracle/truffle/js/nodes/cast/ToArrayIndexNoToPropertyKeyNode
instanceKlass com/oracle/truffle/js/nodes/access/FrequencyBasedPolymorphicAccessNode
instanceKlass com/oracle/truffle/js/nodes/access/JSProxyPropertySetNode
instanceKlass com/oracle/truffle/js/nodes/access/IsArrayNode
instanceKlass com/oracle/truffle/js/nodes/access/WriteElementNode$ArrayWriteElementCacheDispatchNode
instanceKlass com/oracle/truffle/js/nodes/cast/ToArrayIndexNode
instanceKlass com/oracle/truffle/js/nodes/access/CachedSetPropertyNode
instanceKlass com/oracle/truffle/js/nodes/access/IsJSDynamicObjectNode
instanceKlass com/oracle/truffle/js/nodes/access/WriteElementNode$GuardedWriteElementTypeCacheNode
instanceKlass com/oracle/truffle/js/nodes/access/WriteElementNode$ArrayWriteElementCacheNode
instanceKlass com/oracle/truffle/js/nodes/access/WriteElementNode$WriteElementTypeCacheNode
instanceKlass com/oracle/truffle/js/nodes/access/IsExtensibleNode
instanceKlass com/oracle/truffle/js/nodes/interop/ImportValueNode
instanceKlass com/oracle/truffle/js/nodes/interop/KeyInfoNode
instanceKlass com/oracle/truffle/js/nodes/interop/JSInteropCallNode
instanceKlass com/oracle/truffle/js/nodes/interop/ExportValueNode
instanceKlass com/oracle/truffle/js/nodes/access/PropertyCacheNode$CacheNode
instanceKlass com/oracle/truffle/js/nodes/access/PropertyCacheNode$ReceiverCheckNode
instanceKlass com/oracle/truffle/js/nodes/access/PropertyCacheNode
instanceKlass com/oracle/truffle/js/nodes/unary/IsCallableNode
instanceKlass com/oracle/truffle/js/nodes/interop/ForeignObjectPrototypeNode
instanceKlass com/oracle/truffle/js/nodes/access/IsObjectNode
instanceKlass com/oracle/truffle/js/nodes/access/IsJSObjectNode
instanceKlass com/oracle/truffle/js/nodes/binary/InstanceofNode$OrdinaryHasInstanceNode
instanceKlass com/oracle/truffle/js/nodes/promise/PerformPromiseCombinatorNode
instanceKlass com/oracle/truffle/js/nodes/function/InitFunctionNode
instanceKlass com/oracle/truffle/js/nodes/access/GetPrototypeNode
instanceKlass com/oracle/truffle/js/nodes/cast/JSToObjectNode
instanceKlass com/oracle/truffle/js/nodes/access/DeclareGlobalNode
instanceKlass com/oracle/truffle/js/nodes/JavaScriptNode
instanceKlass com/oracle/truffle/js/nodes/control/TryCatchNode$GetErrorObjectNode
instanceKlass com/oracle/truffle/js/nodes/access/InitErrorObjectNode$DefineStackPropertyNode
ciInstanceKlass com/oracle/truffle/js/nodes/JavaScriptBaseNode 1 1 141 10 7 12 1 1 1 9 7 12 1 1 1 10 7 12 1 1 10 12 1 1 7 1 10 12 1 1 9 12 1 10 7 12 1 1 1 10 7 12 1 1 10 12 1 1 10 12 1 1 10 10 100 12 1 1 1 9 12 1 1 10 7 12 1 1 1 10 10 100 12 1 1 1 100 1 10 10 7 12 1 1 10 7 12 1 1 1 100 1 5 0 3 10 12 1 10 7 12 1 1 1 1 1 1 1 1 1 1 1 1 1 1 1 1 1 1 1 1 1 1 1 1 1 1 1 1 1 1 1 1 1 1 1 1 1 3 1 3 1 1
staticfield com/oracle/truffle/js/nodes/JavaScriptBaseNode $assertionsDisabled Z 1
ciInstanceKlass com/oracle/truffle/js/runtime/JSRuntime 1 1 2425 7 1 7 1 10 100 12 1 1 1 10 12 1 1 10 12 1 1 10 12 1 1 10 12 1 10 7 12 1 1 1 9 12 1 1 9 12 1 10 12 10 7 12 1 1 1 10 12 1 5 0 5 0 5 0 5 0 10 12 1 1 10 12 1 9 7 12 1 1 1 9 12 1 1 9 100 1 9 10 7 12 1 1 1 9 100 1 10 12 1 9 100 1 10 12 1 9 100 1 100 1 9 7 1 7 1 9 100 1 10 7 12 1 1 10 7 12 1 1 10 12 1 1 10 12 1 1 10 7 12 1 1 9 9 100 1 7 1 9 12 1 1 100 1 10 10 100 12 1 1 1 10 12 1 1 10 100 12 1 1 1 10 12 1 1 10 100 12 1 1 10 100 12 1 1 1 10 12 1 10 12 1 10 10 12 1 10 12 1 100 1 10 12 1 1 10 7 12 1 1 1 18 12 1 1 10 12 1 7 1 10 12 1 10 12 1 9 100 12 1 1 1 10 12 1 1 10 100 12 1 1 10 12 1 10 100 12 1 1 10 12 1 10 12 1 1 10 12 1 10 12 1 10 12 1 1 7 1 10 12 1 10 10 10 7 12 1 1 7 1 6 0 10 12 1 10 12 1 1 7 1 10 12 1 1 8 1 10 100 12 1 1 1 8 1 10 12 1 1 10 12 1 18 10 12 1 10 12 1 10 12 1 1 7 1 10 100 12 1 1 10 12 1 10 12 1 1 10 12 1 1 10 12 1 1 9 12 1 10 12 1 1 10 12 1 1 10 12 1 1 10 12 1 9 12 1 10 12 1 9 12 1 10 12 1 10 12 1 1 10 12 1 1 10 12 1 1 10 12 1 10 12 1 10 12 1 1 100 1 10 12 1 6 0 10 12 1 1 10 12 1 10 12 1 6 0 6 0 10 12 1 10 12 1 1 10 12 1 10 12 1 10 12 1 1 9 12 1 1 9 12 1 10 12 1 1 10 12 1 10 12 1 5 0 10 12 1 10 12 1 1 10 12 1 1 10 12 10 12 1 10 12 10 12 1 10 12 1 1 10 12 1 10 12 1 10 12 1 10 100 12 1 1 10 12 1 10 12 1 10 10 10 12 1 10 10 12 1 6 0 10 7 12 1 1 10 12 1 10 12 1 9 12 1 9 10 12 1 1 10 12 1 1 10 12 1 10 12 1 1 10 12 1 10 12 1 10 12 1 10 100 12 1 1 1 10 12 1 1 10 12 1 1 10 12 1 1 9 12 1 10 12 1 10 12 1 100 1 10 12 1 1 10 12 1 10 12 1 1 10 9 12 1 10 12 1 1 9 12 1 100 1 10 12 1 1 10 12 1 1 10 12 1 10 12 1 1 10 12 1 1 10 12 1 10 12 1 1 10 12 1 1 5 0 10 100 12 1 1 10 12 1 1 100 1 10 12 1 10 12 1 10 12 1 1 10 12 1 10 12 1 9 12 1 9 12 1 10 12 1 9 12 1 10 12 1 1 5 0 10 12 1 9 12 1 10 12 1 10 12 1 1 11 100 12 1 1 1 11 100 12 1 1 11 12 1 1 9 100 12 1 1 10 12 1 10 7 12 1 1 1 10 100 12 1 1 1 10 100 12 1 1 1 10 12 1 1 9 12 1 10 10 12 1 10 12 1 8 1 8 1 10 12 1 9 12 1 10 12 1 1 8 1 9 12 1 10 12 1 1 8 1 10 7 12 1 1 10 12 1 10 12 1 10 12 1 9 12 1 9 12 1 9 12 1 9 12 1 9 12 1 10 12 1 10 12 1 10 12 1 1 10 12 10 12 1 10 12 1 9 12 1 10 12 1 10 12 1 1 10 12 1 10 12 1 10 12 1 10 12 1 1 10 100 12 1 1 10 12 1 10 12 1 1 10 12 1 10 12 1 10 12 1 10 12 1 10 12 1 100 1 9 12 1 9 12 1 9 12 1 10 12 1 1 10 12 1 9 12 1 10 12 1 1 10 100 12 1 1 10 12 1 9 12 1 9 12 1 10 12 1 1 10 12 1 1 8 10 12 1 1 10 12 1 1 10 12 1 9 12 1 10 12 1 10 12 1 1 9 12 1 9 12 1 10 100 12 1 1 10 100 12 1 1 10 100 12 1 1 10 12 1 10 12 1 1 11 100 12 1 1 11 12 1 9 12 1 11 8 1 10 12 1 10 12 1 1 9 12 1 9 12 1 10 12 1 1 10 10 12 1 1 10 12 18 12 1 10 12 1 10 12 1 10 10 12 1 1 9 12 1 9 12 1 9 12 1 10 12 1 1 10 12 1 10 7 12 1 1 10 12 1 1 10 12 1 10 12 1 10 100 12 1 1 1 10 7 12 1 1 10 12 10 12 1 1 10 10 12 1 1 10 12 1 10 12 1 10 12 10 12 1 1 10 12 1 1 10 12 1 1 10 12 1 10 100 12 1 1 10 12 10 12 1 10 100 12 1 1 10 10 100 12 1 1 10 12 1 10 12 1 1 10 12 1 1 10 12 10 12 10 12 1 100 1 10 12 1 10 12 9 12 1 10 100 12 1 1 1 10 12 1 1 10 12 1 10 12 1 10 12 1 1 10 12 1 1 100 1 10 12 1 1 10 12 1 10 12 1 1 9 100 12 1 1 10 12 1 10 12 1 10 12 1 1 9 12 1 10 12 1 9 12 1 10 12 1 9 12 1 10 12 1 9 12 1 10 12 1 8 1 10 12 1 10 12 1 9 12 1 8 1 10 12 1 8 1 10 12 1 1 10 12 1 10 7 12 1 1 10 12 1 1 10 12 1 5 0 10 12 1 1 10 12 1 9 12 1 10 12 1 10 12 1 10 12 1 10 12 10 12 1 10 12 10 12 10 12 1 10 12 1 10 12 1 10 12 1 10 12 1 100 1 10 10 12 1 10 10 10 12 1 10 12 1 1 10 10 12 1 1 10 10 10 10 12 1 1 10 12 1 10 12 1 1 10 12 1 10 12 1 10 12 1 10 12 1 10 12 1 10 12 1 10 12 1 10 12 1 10 12 1 10 12 1 10 12 1 10 7 12 1 1 1 10 12 1 10 12 1 10 12 10 12 1 1 10 12 1 100 1 5 0 10 12 1 1 10 12 1 1 10 12 1 1 10 12 1 8 1 10 12 1 1 10 12 1 10 12 1 1 10 12 1 1 10 12 1 1 10 7 1 10 12 1 1 10 100 12 1 1 1 10 12 1 1 10 12 1 1 10 12 1 10 12 1 10 12 1 10 12 1 10 12 1 1 10 12 1 10 12 1 7 1 10 12 1 10 12 1 10 100 12 1 1 10 12 1 10 100 12 1 1 1 10 12 1 10 12 1 10 12 1 1 10 12 1 10 12 1 10 12 10 12 1 10 12 10 12 1 1 10 12 1 1 10 12 1 10 12 1 1 9 12 1 1 10 12 1 1 10 12 1 9 12 1 9 10 12 10 12 1 9 12 1 9 9 9 9 10 12 1 1 10 100 12 1 1 100 1 10 12 1 9 12 1 9 12 1 100 1 10 12 1 10 12 1 1 10 12 1 1 100 1 10 12 1 10 12 1 10 10 12 1 1 10 12 1 10 12 9 100 1 10 12 10 12 8 1 10 12 1 100 1 10 10 12 1 8 1 10 12 1 1 10 12 10 12 1 100 1 10 12 1 10 12 1 1 10 12 1 8 1 10 12 1 8 1 8 1 8 1 8 1 8 1 10 12 1 1 8 1 8 1 10 10 12 1 10 12 1 9 12 1 9 12 1 9 12 1 9 12 1 9 12 1 9 12 1 9 12 1 9 12 1 10 100 12 1 1 10 12 1 10 100 12 1 1 10 10 12 1 10 100 12 1 1 10 12 1 3 3 100 1 100 1 10 12 1 1 100 1 10 12 1 100 1 10 12 1 1 10 100 12 1 1 10 100 12 1 1 10 100 12 1 1 10 12 1 9 12 1 10 12 1 1 10 12 1 10 100 12 1 1 10 9 12 1 10 100 12 1 1 10 12 1 10 12 1 10 12 1 9 12 1 9 9 12 1 10 12 1 10 12 1 1 10 12 1 1 10 12 1 10 10 12 1 10 12 1 11 10 11 12 1 10 12 1 1 10 12 1 1 10 12 1 1 10 12 1 1 10 12 1 10 12 1 5 0 5 0 5 0 10 100 12 1 1 10 12 1 1 100 1 10 12 1 10 12 1 1 10 10 9 100 12 1 1 1 10 100 12 1 1 10 100 12 1 1 10 100 12 1 1 1 10 12 1 10 12 1 10 12 1 1 10 12 1 1 10 12 1 1 10 12 1 1 10 12 1 1 10 100 1 10 12 1 1 10 12 1 10 12 1 10 12 1 1 10 12 1 10 12 1 10 10 12 1 1 10 12 1 10 12 1 1 10 12 10 12 1 1 10 12 1 1 10 12 1 6 0 6 0 10 12 1 1 7 1 8 1 10 9 12 1 1 1 1 1 1 1 1 3 1 1 3 1 1 1 1 1 3 1 3 1 3 1 1 1 1 1 1 1 1 1 1 1 1 1 1 1 1 1 1 1 1 1 1 1 1 1 1 1 1 1 1 1 1 1 1 1 1 1 1 1 1 1 1 1 1 1 1 1 1 1 1 1 1 1 1 1 1 1 1 1 1 1 1 1 1 1 1 1 1 1 1 1 1 1 1 1 1 1 1 1 1 1 1 1 1 1 1 1 1 1 1 1 1 1 1 1 1 1 1 1 100 1 100 100 1 1 1 1 1 1 1 1 1 1 1 1 1 1 1 1 1 1 1 1 1 1 1 1 1 1 1 1 1 1 1 1 1 1 1 1 1 1 1 1 1 1 1 1 1 1 1 1 1 1 1 1 1 1 1 1 1 1 1 1 1 1 1 1 1 1 1 1 1 1 1 1 1 1 1 1 1 1 1 1 1 1 1 1 1 1 1 1 1 1 1 1 1 1 1 1 1 1 1 1 1 1 1 1 1 1 1 1 1 1 1 1 1 100 1 1 1 1 1 1 1 1 1 1 1 1 1 1 1 1 1 1 1 1 1 1 1 1 1 1 1 1 1 1 1 1 1 1 1 1 1 1 1 1 1 1 1 1 1 1 1 1 100 1 1 1 1 1 1 1 1 1 1 1 1 1 1 1 1 1 1 1 1 1 1 1 1 1 1 1 1 1 1 1 1 1 1 1 1 1 1 1 1 1 1 1 1 1 1 1 1 1 1 1 1 1 1 1 1 1 1 1 1 1 1 1 1 1 1 1 1 1 1 1 1 1 1 1 1 1 1 1 1 1 1 1 1 1 1 1 1 1 1 1 1 1 1 1 1 1 1 1 1 1 1 1 1 1 1 1 1 1 1 1 1 1 1 1 1 1 8 1 8 1 8 1 15 10 100 12 1 1 1 100 1 1 1 1 1 100 1 1 1 1 100 1 1 100 1 1 100 1 100 1 1
staticfield com/oracle/truffle/js/runtime/JSRuntime NEGATIVE_ZERO_DOUBLE_BITS J -9223372036854775808
staticfield com/oracle/truffle/js/runtime/JSRuntime POSITIVE_INFINITY_DOUBLE_BITS J 9218868437227405312
staticfield com/oracle/truffle/js/runtime/JSRuntime MAX_SAFE_INTEGER D 4845873199050653695
staticfield com/oracle/truffle/js/runtime/JSRuntime MIN_SAFE_INTEGER D -4377498837804122113
staticfield com/oracle/truffle/js/runtime/JSRuntime MAX_SAFE_INTEGER_LONG J 9007199254740991
staticfield com/oracle/truffle/js/runtime/JSRuntime MIN_SAFE_INTEGER_LONG J -9007199254740991
staticfield com/oracle/truffle/js/runtime/JSRuntime ENUMERATE_ITERATOR_ID Lcom/oracle/truffle/api/object/HiddenKey; com/oracle/truffle/api/object/HiddenKey
staticfield com/oracle/truffle/js/runtime/JSRuntime $assertionsDisabled Z 1
ciInstanceKlass com/oracle/truffle/js/runtime/builtins/JSGlobalObject 1 1 29 10 7 12 1 1 1 9 100 12 1 1 1 100 1 1 1 1 1 1 1 1 1 1 1 1 1 1 1
ciInstanceKlass com/oracle/truffle/js/runtime/Symbol 1 1 257 10 7 12 1 1 1 9 7 12 1 1 1 9 12 1 1 9 12 1 10 12 1 10 100 12 1 1 1 10 12 1 1 10 100 12 1 1 1 10 7 12 1 1 1 10 12 1 1 10 100 12 1 1 1 7 1 9 100 12 1 1 1 9 7 12 1 1 10 12 1 1 10 12 1 1 9 12 1 10 12 1 9 12 1 10 12 1 1 9 12 1 9 12 1 10 12 1 1 10 12 1 1 9 100 12 1 1 1 9 12 1 1 9 12 1 100 1 10 10 7 12 1 1 1 8 1 10 12 1 1 10 12 1 1 9 12 1 1 8 1 9 12 1 8 1 9 12 1 8 1 9 12 1 8 1 9 12 1 8 1 9 12 1 8 1 9 12 1 8 1 9 12 1 8 1 9 12 1 8 1 9 12 1 8 1 9 12 1 8 1 9 12 1 8 1 9 12 1 100 1 1 1 1 1 1 1 1 1 1 1 1 1 1 1 1 1 1 1 1 1 1 1 1 1 1 1 1 1 1 1 1 1 1 1 1 1 1 1 1 1 1 1 1 1 1 1 1 100 1 1 1 100 1 100 1 1
staticfield com/oracle/truffle/js/runtime/Symbol SYMBOL_HAS_INSTANCE Lcom/oracle/truffle/js/runtime/Symbol; com/oracle/truffle/js/runtime/Symbol
staticfield com/oracle/truffle/js/runtime/Symbol SYMBOL_IS_CONCAT_SPREADABLE Lcom/oracle/truffle/js/runtime/Symbol; com/oracle/truffle/js/runtime/Symbol
staticfield com/oracle/truffle/js/runtime/Symbol SYMBOL_ITERATOR Lcom/oracle/truffle/js/runtime/Symbol; com/oracle/truffle/js/runtime/Symbol
staticfield com/oracle/truffle/js/runtime/Symbol SYMBOL_ASYNC_ITERATOR Lcom/oracle/truffle/js/runtime/Symbol; com/oracle/truffle/js/runtime/Symbol
staticfield com/oracle/truffle/js/runtime/Symbol SYMBOL_MATCH Lcom/oracle/truffle/js/runtime/Symbol; com/oracle/truffle/js/runtime/Symbol
staticfield com/oracle/truffle/js/runtime/Symbol SYMBOL_MATCH_ALL Lcom/oracle/truffle/js/runtime/Symbol; com/oracle/truffle/js/runtime/Symbol
staticfield com/oracle/truffle/js/runtime/Symbol SYMBOL_REPLACE Lcom/oracle/truffle/js/runtime/Symbol; com/oracle/truffle/js/runtime/Symbol
staticfield com/oracle/truffle/js/runtime/Symbol SYMBOL_SEARCH Lcom/oracle/truffle/js/runtime/Symbol; com/oracle/truffle/js/runtime/Symbol
staticfield com/oracle/truffle/js/runtime/Symbol SYMBOL_SPECIES Lcom/oracle/truffle/js/runtime/Symbol; com/oracle/truffle/js/runtime/Symbol
staticfield com/oracle/truffle/js/runtime/Symbol SYMBOL_SPLIT Lcom/oracle/truffle/js/runtime/Symbol; com/oracle/truffle/js/runtime/Symbol
staticfield com/oracle/truffle/js/runtime/Symbol SYMBOL_TO_PRIMITIVE Lcom/oracle/truffle/js/runtime/Symbol; com/oracle/truffle/js/runtime/Symbol
staticfield com/oracle/truffle/js/runtime/Symbol SYMBOL_TO_STRING_TAG Lcom/oracle/truffle/js/runtime/Symbol; com/oracle/truffle/js/runtime/Symbol
staticfield com/oracle/truffle/js/runtime/Symbol SYMBOL_UNSCOPABLES Lcom/oracle/truffle/js/runtime/Symbol; com/oracle/truffle/js/runtime/Symbol
staticfield com/oracle/truffle/js/runtime/Symbol $assertionsDisabled Z 1
ciInstanceKlass com/oracle/truffle/js/runtime/objects/Undefined 1 1 36 10 100 12 1 1 1 9 7 12 1 1 1 9 7 12 1 1 9 12 1 7 1 10 9 12 1 1 1 1 1 1 1 1 1 1
staticfield com/oracle/truffle/js/runtime/objects/Undefined NAME Lcom/oracle/truffle/api/strings/TruffleString; com/oracle/truffle/api/strings/TruffleString
staticfield com/oracle/truffle/js/runtime/objects/Undefined TYPE_NAME Lcom/oracle/truffle/api/strings/TruffleString; com/oracle/truffle/api/strings/TruffleString
staticfield com/oracle/truffle/js/runtime/objects/Undefined instance Lcom/oracle/truffle/js/runtime/objects/JSDynamicObject; com/oracle/truffle/js/runtime/objects/Nullish
ciInstanceKlass com/oracle/truffle/js/runtime/builtins/JSFunctionObject$Unbound 1 1 64 10 7 12 1 1 1 9 7 12 1 1 1 10 100 12 1 1 1 100 1 10 12 1 10 7 12 1 1 1 1 1 1 1 1 1 1 1 1 1 1 1 1 1 1 1 1 100 1 100 1 100 1 100 1 100 1 1 1 1 1 1 1 1
staticfield com/oracle/truffle/js/runtime/builtins/JSFunctionObject$Unbound $assertionsDisabled Z 1
ciInstanceKlass com/oracle/truffle/js/nodes/JSGuards 1 1 480 10 7 12 1 1 1 10 7 12 1 1 1 10 7 12 1 1 7 1 10 7 12 1 1 10 12 1 9 7 12 1 1 1 9 7 1 10 7 12 1 1 10 7 12 1 1 1 9 12 1 1 10 12 1 10 12 1 1 10 100 12 1 1 10 100 12 1 1 10 100 12 1 1 10 100 12 1 1 10 100 12 1 1 10 7 12 1 1 10 7 12 1 1 10 100 12 1 1 10 7 12 1 1 10 100 12 1 1 10 100 12 1 1 10 100 12 1 1 10 100 12 1 1 10 100 12 1 1 10 100 12 1 1 10 100 12 1 1 10 12 1 10 12 1 10 100 12 1 1 10 100 12 1 1 10 12 1 10 12 1 100 1 100 1 100 1 7 1 10 12 1 1 10 12 1 1 7 1 7 1 10 100 12 1 1 10 12 1 10 12 1 10 100 12 1 1 10 100 12 1 1 10 12 1 10 7 12 1 1 10 12 1 10 7 12 1 1 10 100 12 1 1 10 100 12 1 1 10 100 12 1 1 10 100 12 1 1 10 100 12 1 1 10 100 12 1 1 10 100 12 1 1 10 100 12 1 1 10 100 12 1 1 100 1 10 100 12 1 1 10 100 12 1 1 10 100 12 1 1 10 100 12 1 1 10 100 12 1 1 10 100 12 1 1 10 100 12 1 1 10 7 12 1 1 10 100 12 1 1 10 7 12 1 1 10 12 1 10 100 12 1 1 7 1 7 1 9 12 1 1 10 12 10 12 1 1 6 0 6 0 10 7 12 1 1 1 6 0 10 12 1 1 10 12 1 1 10 12 1 10 12 1 1 10 12 10 12 1 1 10 12 1 1 10 100 12 1 1 10 12 1 1 10 10 12 1 10 10 12 1 100 1 10 12 1 10 7 12 1 1 1 1 1 1 1 1 1 1 1 1 1 1 1 1 1 1 1 1 1 1 1 1 1 1 1 1 1 1 1 1 1 1 1 1 1 1 1 1 1 1 1 1 1 1 1 1 1 1 1 1 1 1 1 1 1 1 1 1 1 1 1 1 1 1 1 1 1 1 1 1 1 1 1 1 1 1 100 1 1
ciInstanceKlass com/oracle/truffle/js/runtime/BigInt 0 0 424 10 100 12 1 1 1 10 100 12 1 1 9 12 1 1 9 12 1 1 9 100 12 1 1 10 12 1 1 9 12 1 9 12 1 9 12 10 12 1 10 12 1 1 10 12 1 1 9 12 1 10 12 1 1 10 100 12 1 1 1 10 12 1 1 10 12 1 1 10 12 1 1 10 100 12 1 1 1 10 12 1 1 10 12 1 10 12 1 1 10 12 1 10 12 1 1 10 12 1 1 10 12 1 10 12 1 1 10 12 1 1 9 12 1 10 100 12 1 1 1 100 1 8 1 10 12 1 6 0 6 0 10 12 1 10 12 1 100 1 10 10 12 1 10 12 1 10 12 1 10 12 1 10 12 1 10 12 1 1 10 100 12 1 1 1 10 12 1 1 10 12 1 1 10 12 1 10 12 1 10 12 1 1 10 12 1 10 12 1 10 12 1 10 12 1 10 12 1 10 12 1 10 12 1 1 10 12 1 10 12 1 10 12 1 10 12 1 100 1 100 1 100 1 100 1 10 12 1 10 12 1 10 12 1 1 10 100 12 1 1 10 12 1 1 100 1 10 100 12 1 1 1 10 12 1 1 10 12 1 10 10 12 1 10 12 1 100 1 10 12 18 12 1 1 9 100 12 1 1 1 10 12 1 1 10 12 1 10 100 12 1 1 5 0 9 12 1 5 0 9 12 1 5 0 9 12 1 100 1 100 1 1 1 1 1 1 1 1 1 1 1 1 1 1 1 1 1 1 1 1 1 1 1 1 1 1 1 1 1 1 1 1 1 1 1 1 1 1 1 1 1 1 1 1 3 1 1 1 1 1 1 1 1 1 1 1 1 1 1 1 1 1 1 1 1 1 1 1 1 1 1 1 1 1 1 1 1 1 1 1 1 1 1 1 1 1 1 1 1 1 1 8 1 15 10 100 12 1 1 1 100 1 100 1 1 100 1 1 100 1 100 1 1
instanceKlass com/oracle/truffle/js/nodes/JSTypesGen
ciInstanceKlass com/oracle/truffle/js/nodes/JSTypes 1 1 37 10 100 12 1 1 1 10 7 12 1 1 1 100 1 1 1 1 1 1 1 1 1 1 1 1 1 1 1 1 1 1 1 1 1 1 1
ciInstanceKlass com/oracle/truffle/js/nodes/JSTypesGen 1 1 141 10 100 12 1 1 1 7 1 9 7 12 1 1 1 100 1 8 1 10 12 1 10 12 1 1 10 7 12 1 1 7 1 10 7 1 8 1 10 12 1 1 7 1 8 1 10 12 1 1 100 1 8 1 10 12 1 1 7 1 8 1 100 1 8 1 10 12 1 1 10 12 1 1 10 7 12 1 1 10 12 1 1 100 1 8 1 10 12 1 10 7 12 1 1 1 1 1 1 1 1 1 1 1 1 1 1 1 1 1 1 1 1 1 1 1 1 1 1 1 1 1 1 1 1 1 1 1 1 1 1 1 1 1 1 1 1 1 1 1 1
staticfield com/oracle/truffle/js/nodes/JSTypesGen $assertionsDisabled Z 1
ciInstanceKlass com/oracle/truffle/js/runtime/SafeInteger 1 1 145 10 7 12 1 1 1 9 7 12 1 1 1 10 12 1 10 7 12 1 1 1 10 100 12 1 1 100 1 8 1 10 12 1 10 12 1 1 10 100 12 1 1 1 10 100 12 1 1 1 9 12 1 100 1 10 10 12 1 9 12 1 100 1 10 12 1 1 9 100 12 1 1 1 10 12 1 1 100 1 100 1 1 1 5 0 1 1 1 1 1 1 1 1 1 1 1 1 1 1 1 1 1 1 1 1 1 1 1 1 1 1 1 1 1 1 1 1 1 1 1 1 1 1 1 1 1 1 1 1 1 1 1 1 1 1 1 1 1 100 1 1 100 1 1
instanceKlass com/oracle/truffle/js/nodes/cast/JSDoubleToStringNodeGen$Uncached
instanceKlass com/oracle/truffle/js/nodes/cast/JSDoubleToStringNodeGen
ciInstanceKlass com/oracle/truffle/js/nodes/cast/JSDoubleToStringNode 1 1 115 10 7 12 1 1 1 10 7 12 1 1 1 10 7 12 1 1 1 9 12 1 1 10 7 12 1 1 1 10 7 12 1 1 1 10 7 12 1 1 1 9 12 1 6 0 9 12 1 6 0 9 12 1 10 12 1 1 10 12 1 1 1 1 1 1 1 1 1 1 1 1 1 1 1 1 1 1 1 1 1 1 1 1 1 1 1 1 1 1 1 1 1 1 1 1 1 100 1 100 1 1 1 1 1 1 100 1 1 1 100 1 100 1 1
instanceKlass com/oracle/truffle/js/nodes/cast/JSToPrimitiveNodeGen$Uncached
instanceKlass com/oracle/truffle/js/nodes/cast/JSToPrimitiveNodeGen
ciInstanceKlass com/oracle/truffle/js/nodes/cast/JSToPrimitiveNode 1 1 376 10 7 12 1 1 1 9 7 12 1 1 1 10 7 12 1 1 1 9 12 1 9 12 1 9 7 12 1 1 1 10 12 1 1 10 7 12 1 1 1 10 7 12 1 1 1 10 12 1 1 10 100 12 1 1 1 10 100 12 1 1 1 10 12 1 1 10 7 1 9 12 1 1 10 100 12 1 1 1 10 12 1 100 1 10 12 1 10 7 12 1 1 10 7 12 1 1 1 10 7 12 1 1 10 12 1 1 10 7 12 1 1 1 10 12 1 1 10 7 12 1 1 10 12 1 1 10 100 12 1 1 10 12 1 1 10 100 12 1 1 1 8 1 10 100 12 1 1 1 100 1 10 12 1 1 100 1 100 1 100 1 100 1 8 1 10 100 12 1 1 1 10 12 1 10 12 1 1 10 12 1 10 12 1 1 10 12 1 1 8 1 10 100 12 1 1 1 10 12 1 7 1 10 12 1 1 18 12 1 1 10 100 12 1 1 1 8 1 10 7 12 1 1 10 100 12 1 1 10 12 1 1 10 12 1 10 7 12 1 1 1 10 12 10 12 1 1 1 1 1 1 1 1 1 1 1 1 1 1 1 1 1 1 1 1 1 1 1 1 1 1 1 1 1 1 1 1 100 1 1 1 1 1 1 1 1 1 1 1 1 1 1 1 1 1 1 1 1 1 1 1 1 1 1 1 1 100 1 100 1 1 1 1 1 1 1 1 1 100 1 1 1 1 1 1 1 1 1 1 1 1 1 1 1 1 1 1 1 1 8 1 15 10 100 12 1 1 1 1 100 1 1 100 1 1 100 1 100 1 1 100 1 100 1 1 100 1 100 1 1 100 1 100 1 1
staticfield com/oracle/truffle/js/nodes/cast/JSToPrimitiveNode $assertionsDisabled Z 1
instanceKlass com/oracle/truffle/js/nodes/cast/JSToStringNodeGen
instanceKlass com/oracle/truffle/js/nodes/cast/JSToStringNode$Uncached
ciInstanceKlass com/oracle/truffle/js/nodes/cast/JSToStringNode 1 1 174 10 7 12 1 1 1 10 7 12 1 1 9 12 1 1 9 12 1 10 7 12 1 1 1 9 100 12 1 1 1 9 100 12 1 1 9 100 1 10 7 12 1 1 1 10 7 12 1 1 1 10 12 1 1 10 12 1 9 12 1 1 10 100 12 1 1 1 10 12 1 10 100 12 1 1 1 8 1 10 100 12 1 1 1 9 100 12 1 1 1 1 1 1 1 1 1 1 1 1 1 1 1 1 1 1 1 1 1 1 1 1 1 1 100 1 1 1 1 1 1 1 1 1 1 1 1 1 1 1 1 1 1 1 1 1 1 1 1 1 1 1 1 1 1 1 1 1 1 1 1 1 1 1 100 1 1 1 1 100 1 100 1 1 100 1 100 1 1 100 1 100 1 1
ciInstanceKlass com/oracle/truffle/js/nodes/cast/JSToStringNodeGen 1 1 234 10 7 12 1 1 1 10 12 1 9 7 12 1 1 1 7 1 10 12 1 1 10 7 12 1 1 1 10 12 1 1 10 12 1 10 12 1 7 1 10 12 1 1 10 12 1 1 7 1 10 12 1 1 9 12 1 1 10 12 1 1 100 1 10 12 1 1 100 1 10 12 1 1 10 12 1 1 10 100 12 1 1 1 10 12 1 1 10 12 1 1 100 1 9 12 1 1 9 12 1 1 10 12 1 1 100 1 10 12 1 1 10 12 1 10 12 1 1 10 7 12 1 1 10 12 1 10 7 12 1 1 1 10 12 1 1 7 1 100 1 8 1 10 12 1 10 7 12 1 1 10 12 1 1 10 100 12 1 1 10 12 1 100 1 100 1 10 12 1 10 10 1 1 1 1 1 1 1 1 1 1 1 1 1 1 1 1 1 1 1 1 1 1 1 1 1 1 1 1 1 1 1 1 1 1 1 1 1 1 1 1 1 1 1 1 1 1 1 100 1 100 1 1 1 1 100 1 1 100 1 100 1 1
ciInstanceKlass com/oracle/truffle/host/HostFunction 1 1 149 10 7 12 1 1 1 9 7 12 1 1 1 9 12 1 1 9 12 1 1 10 12 1 1 10 100 12 1 1 1 10 7 12 1 1 1 8 1 10 100 12 1 1 1 10 12 1 1 10 100 12 1 1 10 18 12 1 1 10 100 12 1 1 1 10 12 1 1 100 1 1 1 1 1 1 1 1 1 1 1 1 1 1 1 1 1 1 1 1 1 1 1 100 1 100 1 1 1 1 1 1 1 1 1 1 1 1 1 1 1 100 1 1 1 1 1 1 1 1 1 1 1 1 1 1 100 1 1 8 1 15 10 100 12 1 1 1 1 100 1 100 1 1 100 1 100 1 1
ciInstanceKlass com/oracle/truffle/api/HostCompilerDirectives 1 1 29 10 100 12 1 1 1 100 1 1 1 1 1 1 1 1 1 1 1 100 1 100 1 100 1 1 1 1 1
ciInstanceKlass com/oracle/truffle/js/nodes/cast/JSDoubleToStringNodeGen 1 1 250 10 7 12 1 1 1 9 7 12 1 1 1 7 1 10 12 1 1 9 12 1 1 10 12 1 1 7 1 10 12 1 1 10 12 1 1 10 7 12 1 1 1 10 12 1 1 9 12 1 1 9 12 1 1 9 12 1 9 12 1 9 12 1 9 12 1 10 12 1 1 10 7 12 1 1 10 12 1 1 10 100 12 1 1 1 10 12 1 10 7 12 1 1 1 10 12 1 1 100 1 8 1 10 12 1 10 7 12 1 1 10 12 1 1 10 7 12 1 1 8 1 10 7 12 1 1 1 100 1 100 1 10 12 1 10 9 12 1 1 10 7 12 1 1 1 8 10 7 12 1 1 9 12 1 1 7 1 7 1 10 12 1 1 10 7 12 1 1 10 12 1 1 7 1 10 1 1 1 1 1 1 1 1 1 1 1 1 1 1 1 1 1 1 1 1 1 1 1 1 1 1 1 1 1 1 1 1 1 1 1 1 1 1 1 1 1 1 1 1 1 1 1 100 1 1 1 1 100 1 1 100 1 1 1 1 100 1 1 100 1 1 100 1 100 1 1 100 1 1
staticfield com/oracle/truffle/js/nodes/cast/JSDoubleToStringNodeGen STATE_0_JSDoubleToStringNode_UPDATER Lcom/oracle/truffle/api/dsl/InlineSupport$StateField; com/oracle/truffle/api/dsl/InlineSupport$StateField
staticfield com/oracle/truffle/js/nodes/cast/JSDoubleToStringNodeGen INLINED_DOUBLE_IS_INT_ Lcom/oracle/truffle/api/profiles/InlinedConditionProfile; com/oracle/truffle/api/profiles/InlinedConditionProfile
staticfield com/oracle/truffle/js/nodes/cast/JSDoubleToStringNodeGen INLINED_DOUBLE_IS_NA_N_ Lcom/oracle/truffle/api/profiles/InlinedConditionProfile; com/oracle/truffle/api/profiles/InlinedConditionProfile
staticfield com/oracle/truffle/js/nodes/cast/JSDoubleToStringNodeGen INLINED_DOUBLE_IS_POSITIVE_INFINITY_ Lcom/oracle/truffle/api/profiles/InlinedConditionProfile; com/oracle/truffle/api/profiles/InlinedConditionProfile
staticfield com/oracle/truffle/js/nodes/cast/JSDoubleToStringNodeGen INLINED_DOUBLE_IS_NEGATIVE_INFINITY_ Lcom/oracle/truffle/api/profiles/InlinedConditionProfile; com/oracle/truffle/api/profiles/InlinedConditionProfile
staticfield com/oracle/truffle/js/nodes/cast/JSDoubleToStringNodeGen INLINED_DOUBLE_IS_ZERO_ Lcom/oracle/truffle/api/profiles/InlinedConditionProfile; com/oracle/truffle/api/profiles/InlinedConditionProfile
staticfield com/oracle/truffle/js/nodes/cast/JSDoubleToStringNodeGen UNCACHED Lcom/oracle/truffle/js/nodes/cast/JSDoubleToStringNodeGen$Uncached; com/oracle/truffle/js/nodes/cast/JSDoubleToStringNodeGen$Uncached
ciMethod com/oracle/truffle/api/nodes/Node insert (Lcom/oracle/truffle/api/nodes/Node;)Lcom/oracle/truffle/api/nodes/Node; 512 0 18661 0 -1
ciMethod com/oracle/truffle/api/Truffle getRuntime ()Lcom/oracle/truffle/api/TruffleRuntime; 518 0 89152 0 96
ciMethod com/oracle/truffle/api/TruffleRuntime notifyTransferToInterpreter ()V 0 0 1 0 -1
ciMethod com/oracle/truffle/api/impl/DefaultTruffleRuntime notifyTransferToInterpreter ()V 302 0 61171 0 0
ciMethod com/oracle/truffle/api/CompilerDirectives transferToInterpreterAndInvalidate ()V 302 0 61089 0 96
ciMethodData com/oracle/truffle/api/Truffle getRuntime ()Lcom/oracle/truffle/api/TruffleRuntime; 2 89152 orig 80 0 0 0 0 0 0 0 0 0 0 0 0 113 2 0 0 0 0 0 0 0 0 0 0 0 0 0 0 0 0 0 0 0 0 0 0 0 0 0 0 0 0 0 0 0 0 0 0 0 0 0 0 0 0 0 0 0 0 0 0 0 0 0 0 0 0 0 0 0 0 0 0 0 0 0 0 0 0 0 0 data 4 0x0 0x0 0x9 0x0 oops 0 methods 0
ciMethod com/oracle/truffle/js/runtime/objects/JSDynamicObject isJSDynamicObject (Ljava/lang/Object;)Z 512 0 19087 0 0
ciMethod com/oracle/truffle/js/runtime/Strings fromBigInt (Lcom/oracle/truffle/js/runtime/BigInt;)Lcom/oracle/truffle/api/strings/TruffleString; 0 0 1 0 0
ciMethod com/oracle/truffle/js/runtime/Strings isTString (Ljava/lang/Object;)Z 512 0 6247 0 0
ciMethod com/oracle/truffle/js/runtime/Strings fromJavaString (Ljava/lang/String;)Lcom/oracle/truffle/api/strings/TruffleString; 554 0 7501 0 -1
ciMethodData com/oracle/truffle/api/CompilerDirectives transferToInterpreterAndInvalidate ()V 2 61089 orig 80 0 0 0 0 0 0 0 0 0 0 0 0 0 0 0 0 0 0 0 0 0 0 0 0 0 0 0 0 0 0 0 0 0 0 0 0 0 0 0 0 0 0 0 0 0 0 0 0 0 0 0 0 0 0 0 0 0 0 0 0 0 0 0 0 0 0 0 0 0 0 0 0 0 0 0 0 0 0 0 0 data 17 0x2 0xee0a 0x30005 0x0 0x0 0x2714b60f4c0 0xee0a 0x0 0x0 0x0 0x0 0x0 0x0 0x0 0x0 0x9 0x0 oops 1 5 com/oracle/truffle/api/impl/DefaultTruffleRuntime methods 0
ciMethodData com/oracle/truffle/api/impl/DefaultTruffleRuntime notifyTransferToInterpreter ()V 2 61171 orig 80 0 0 0 0 0 0 0 0 0 0 0 0 0 0 0 0 0 0 0 0 0 0 0 0 0 0 0 0 0 0 0 0 0 0 0 0 0 0 0 0 0 0 0 0 0 0 0 0 0 0 0 0 0 0 0 0 0 0 0 0 0 0 0 0 0 0 0 0 0 0 0 0 0 0 0 0 0 0 0 0 data 4 0x0 0x9 0x1 0x0 oops 0 methods 0
ciMethod com/oracle/truffle/js/runtime/Errors createTypeErrorCannotConvertToString (Ljava/lang/String;Lcom/oracle/truffle/api/nodes/Node;)Lcom/oracle/truffle/js/runtime/JSException; 0 0 1 0 -1
ciMethod com/oracle/truffle/js/runtime/JSRuntime isForeignObject (Ljava/lang/Object;)Z 324 0 25552 0 0
ciMethod com/oracle/truffle/js/runtime/JSRuntime isForeignObject (Lcom/oracle/truffle/api/interop/TruffleObject;)Z 298 0 5297 0 256
ciMethod com/oracle/truffle/js/runtime/Symbol toTString ()Lcom/oracle/truffle/api/strings/TruffleString; 4 0 6 0 -1
ciMethod com/oracle/truffle/js/nodes/JSGuards isForeignObject (Ljava/lang/Object;)Z 210 0 18091 0 0
ciMethod com/oracle/truffle/js/nodes/JSGuards isUndefined (Ljava/lang/Object;)Z 380 0 7131 0 -1
ciMethod com/oracle/truffle/js/nodes/JSGuards isJSNull (Ljava/lang/Object;)Z 306 0 4779 0 -1
ciMethod com/oracle/truffle/js/runtime/BigInt toString ()Ljava/lang/String; 0 0 1 0 -1
ciMethod com/oracle/truffle/js/nodes/JSTypesGen isImplicitDouble (ILjava/lang/Object;)Z 0 0 10281 0 224
ciMethod com/oracle/truffle/js/nodes/JSTypesGen asImplicitDouble (ILjava/lang/Object;)D 0 0 6180 0 160
ciMethod com/oracle/truffle/js/nodes/JSTypesGen asImplicitDouble (Ljava/lang/Object;)D 518 0 6254 0 -1
ciMethod com/oracle/truffle/js/nodes/JSTypesGen specializeImplicitDouble (Ljava/lang/Object;)I 512 0 4854 0 -1
ciMethod com/oracle/truffle/js/nodes/JSTypes intToDouble (I)D 10 0 19977 0 -1
ciMethod com/oracle/truffle/js/nodes/JSTypes safeIntegerToDouble (Lcom/oracle/truffle/js/runtime/SafeInteger;)D 0 0 75 0 -1
ciMethod com/oracle/truffle/js/nodes/cast/JSDoubleToStringNode executeString (D)Lcom/oracle/truffle/api/strings/TruffleString; 0 0 1 0 -1
ciMethod com/oracle/truffle/js/nodes/cast/JSDoubleToStringNode executeString (J)Lcom/oracle/truffle/api/strings/TruffleString; 0 0 1 0 -1
ciMethod com/oracle/truffle/js/nodes/cast/JSToPrimitiveNode executeHintString (Ljava/lang/Object;)Ljava/lang/Object; 0 0 2 0 -1
ciMethod com/oracle/truffle/js/nodes/cast/JSToPrimitiveNode create ()Lcom/oracle/truffle/js/nodes/cast/JSToPrimitiveNode; 14 0 7 0 -1
ciMethod com/oracle/truffle/js/nodes/cast/JSToStringNode create ()Lcom/oracle/truffle/js/nodes/cast/JSToStringNode; 32 0 16 0 -1
ciMethod com/oracle/truffle/js/nodes/cast/JSToStringNode executeString (Ljava/lang/Object;)Lcom/oracle/truffle/api/strings/TruffleString; 0 0 1 0 -1
ciMethod com/oracle/truffle/js/nodes/cast/JSToStringNode doString (Lcom/oracle/truffle/api/strings/TruffleString;)Lcom/oracle/truffle/api/strings/TruffleString; 516 0 4777 0 0
ciMethod com/oracle/truffle/js/nodes/cast/JSToStringNode doNull (Ljava/lang/Object;)Lcom/oracle/truffle/api/strings/TruffleString; 0 0 1 0 -1
ciMethod com/oracle/truffle/js/nodes/cast/JSToStringNode doUndefined (Ljava/lang/Object;)Lcom/oracle/truffle/api/strings/TruffleString; 0 0 1 0 -1
ciMethod com/oracle/truffle/js/nodes/cast/JSToStringNode doBoolean (Z)Lcom/oracle/truffle/api/strings/TruffleString; 0 0 2 0 -1
ciMethod com/oracle/truffle/js/nodes/cast/JSToStringNode doInteger (ILcom/oracle/truffle/js/nodes/cast/JSDoubleToStringNode;)Lcom/oracle/truffle/api/strings/TruffleString; 0 0 608 0 0
ciMethod com/oracle/truffle/js/nodes/cast/JSToStringNode doBigInt (Lcom/oracle/truffle/js/runtime/BigInt;)Lcom/oracle/truffle/api/strings/TruffleString; 0 0 1 0 0
ciMethod com/oracle/truffle/js/nodes/cast/JSToStringNode doLong (JLcom/oracle/truffle/js/nodes/cast/JSDoubleToStringNode;)Lcom/oracle/truffle/api/strings/TruffleString; 0 0 1 0 0
ciMethod com/oracle/truffle/js/nodes/cast/JSToStringNode doDouble (DLcom/oracle/truffle/js/nodes/cast/JSDoubleToStringNode;)Lcom/oracle/truffle/api/strings/TruffleString; 0 0 1 0 0
ciMethod com/oracle/truffle/js/nodes/cast/JSToStringNode doJSObject (Lcom/oracle/truffle/js/runtime/objects/JSDynamicObject;Lcom/oracle/truffle/js/nodes/cast/JSToPrimitiveNode;Lcom/oracle/truffle/js/nodes/cast/JSToStringNode;)Lcom/oracle/truffle/api/strings/TruffleString; 0 0 1 0 0
ciMethod com/oracle/truffle/js/nodes/cast/JSToStringNode doSymbol (Lcom/oracle/truffle/js/runtime/Symbol;)Lcom/oracle/truffle/api/strings/TruffleString; 0 0 1 0 0
ciMethod com/oracle/truffle/js/nodes/cast/JSToStringNode doTruffleObject (Ljava/lang/Object;Lcom/oracle/truffle/js/nodes/cast/JSToPrimitiveNode;Lcom/oracle/truffle/js/nodes/cast/JSToStringNode;)Lcom/oracle/truffle/api/strings/TruffleString; 0 0 1 0 0
ciMethodData com/oracle/truffle/js/runtime/objects/JSDynamicObject isJSDynamicObject (Ljava/lang/Object;)Z 2 19087 orig 80 0 0 0 0 0 0 0 0 0 0 0 0 113 2 0 0 0 0 0 0 0 0 0 0 0 0 0 0 0 0 0 0 0 0 0 0 0 0 0 0 0 0 0 0 0 0 0 0 0 0 0 0 0 0 0 0 0 0 0 0 0 0 0 0 0 0 0 0 0 0 0 0 0 0 0 0 0 0 0 0 data 16 0x10004 0xffffffffffffd0d6 0x0 0x2714dd920d0 0x1ee 0x2714dd92180 0x233 0x0 0x0 0x0 0x0 0x0 0x0 0x9 0x1 0x0 oops 2 3 com/oracle/truffle/js/runtime/builtins/JSGlobalObject 5 com/oracle/truffle/js/runtime/builtins/JSFunctionObject$Unbound methods 0
ciMethod com/oracle/truffle/js/nodes/cast/JSToStringNodeGen executeString (Ljava/lang/Object;)Lcom/oracle/truffle/api/strings/TruffleString; 516 0 5383 0 -1
ciMethod com/oracle/truffle/js/nodes/cast/JSToStringNodeGen executeAndSpecialize (Ljava/lang/Object;)Lcom/oracle/truffle/api/strings/TruffleString; 8 0 14 0 0
ciMethodData com/oracle/truffle/js/nodes/JSGuards isForeignObject (Ljava/lang/Object;)Z 2 18091 orig 80 0 0 0 0 0 0 0 0 0 0 0 0 0 0 0 0 0 0 0 0 0 0 0 0 0 0 0 0 0 0 0 0 0 0 0 0 0 0 0 0 0 0 0 0 0 0 0 0 0 0 0 0 0 0 0 0 0 0 0 0 0 0 0 0 0 0 0 0 0 0 0 0 0 0 0 0 0 0 0 0 data 11 0x10002 0x4642 0x0 0x0 0x0 0x0 0x0 0x0 0x9 0x1 0x0 oops 0 methods 0
ciMethodData com/oracle/truffle/js/runtime/JSRuntime isForeignObject (Ljava/lang/Object;)Z 2 25552 orig 80 0 0 0 0 0 0 0 0 0 0 0 0 0 0 0 0 0 0 0 0 0 0 0 0 0 0 0 0 0 0 0 0 0 0 0 0 0 0 0 0 0 0 0 0 0 0 0 0 0 0 0 0 0 0 0 0 0 0 0 0 0 0 0 0 0 0 0 0 0 0 0 0 0 0 0 0 0 0 0 0 data 36 0x10004 0xffffffffffffffbf 0x0 0x2714dd8e5b0 0x428f 0x2714dd8e660 0x14a3 0x40007 0x41 0xa0 0x62ed 0x80004 0x0 0x0 0x2714dd8e5b0 0x428f 0x2714dd8e660 0x14a3 0xb0002 0x62ed 0xe0007 0x7b 0x38 0x6272 0x120003 0x6272 0x18 0x0 0x0 0x0 0x0 0x0 0x0 0x9 0x1 0x0 oops 4 3 com/oracle/truffle/host/HostObject 5 com/oracle/truffle/host/HostFunction 14 com/oracle/truffle/host/HostObject 16 com/oracle/truffle/host/HostFunction methods 0
ciMethodData com/oracle/truffle/js/runtime/JSRuntime isForeignObject (Lcom/oracle/truffle/api/interop/TruffleObject;)Z 2 5297 orig 80 0 0 0 0 0 0 0 0 0 0 0 0 0 0 0 0 0 0 0 0 0 0 0 0 0 0 0 0 0 0 0 0 0 0 0 0 0 0 0 0 0 0 0 0 0 0 0 0 0 0 0 0 0 0 0 0 0 0 0 0 0 0 0 0 0 0 0 0 0 0 0 0 0 0 0 0 0 0 0 0 data 57 0x10002 0x141c 0x40007 0x7b 0x170 0x13a1 0x80004 0xffffffffffffec5f 0x0 0x2714dd8e5b0 0x58 0x2714dd8e660 0x21 0xb0007 0x0 0x118 0x13a1 0xf0004 0xffffffffffffec5f 0x0 0x2714dd8e5b0 0x58 0x2714dd8e660 0x21 0x120007 0x0 0xc0 0x13a1 0x160004 0xffffffffffffec5f 0x0 0x2714dd8e5b0 0x58 0x2714dd8e660 0x21 0x190007 0x0 0x68 0x13a1 0x1d0002 0x13a1 0x200007 0x0 0x38 0x13a1 0x240003 0x13a1 0x18 0x0 0x0 0x0 0x0 0x0 0x0 0x9 0x1 0x0 oops 6 9 com/oracle/truffle/host/HostObject 11 com/oracle/truffle/host/HostFunction 20 com/oracle/truffle/host/HostObject 22 com/oracle/truffle/host/HostFunction 31 com/oracle/truffle/host/HostObject 33 com/oracle/truffle/host/HostFunction methods 0
ciMethodData com/oracle/truffle/js/runtime/Strings isTString (Ljava/lang/Object;)Z 2 6247 orig 80 0 0 0 0 0 0 0 0 0 0 0 0 113 2 0 0 0 0 0 0 0 0 0 0 0 0 0 0 0 0 0 0 0 0 0 0 0 0 0 0 0 0 0 0 0 0 0 0 0 0 0 0 0 0 0 0 0 0 0 0 0 0 0 0 0 0 0 0 0 0 0 0 0 0 0 0 0 0 0 0 data 16 0x10004 0xffffffffffffebac 0x0 0x2714adc06e0 0x313 0x0 0x0 0x0 0x0 0x0 0x0 0x0 0x0 0x9 0x1 0x0 oops 1 3 com/oracle/truffle/api/strings/TruffleString methods 0
ciMethodData com/oracle/truffle/js/nodes/cast/JSToStringNodeGen executeString (Ljava/lang/Object;)Lcom/oracle/truffle/api/strings/TruffleString; 2 5387 orig 80 0 0 0 0 0 0 0 0 0 0 0 0 113 2 0 0 0 0 0 0 0 0 0 0 0 0 0 0 0 0 0 0 0 0 0 0 0 0 0 0 0 0 0 0 0 0 0 0 0 0 0 0 0 0 0 0 0 0 0 0 0 0 0 0 0 0 0 0 0 0 0 0 0 0 0 0 0 0 0 0 data 355 0xa0007 0x9 0xa50 0x13fe 0x100007 0x3 0xe8 0x13fb 0x140004 0xfffffffffffffda4 0x0 0x2714adc06e0 0x119f 0x27133172f70 0x1 0x170007 0x25c 0x90 0x119f 0x1b0004 0x0 0x0 0x2714adc06e0 0x119f 0x0 0x0 0x210005 0x0 0x0 0x2714adc04b0 0x119f 0x0 0x0 0x290007 0x25f 0x130 0x0 0x2f0007 0x0 0x88 0x0 0x330002 0x0 0x360007 0x0 0x58 0x0 0x3b0005 0x0 0x0 0x0 0x0 0x0 0x0 0x420007 0x0 0x88 0x0 0x460002 0x0 0x490007 0x0 0x58 0x0 0x4e0005 0x0 0x0 0x0 0x0 0x0 0x0 0x560007 0x25f 0x120 0x0 0x5a0004 0x0 0x0 0x0 0x0 0x0 0x0 0x5d0007 0x0 0xc8 0x0 0x610004 0x0 0x0 0x0 0x0 0x0 0x0 0x640005 0x0 0x0 0x0 0x0 0x0 0x0 0x6a0005 0x0 0x0 0x0 0x0 0x0 0x0 0x720007 0x0 0x140 0x25f 0x760004 0xffffffffffffffff 0x0 0x27133172f70 0x25e 0x2714adc06e0 0x1 0x790007 0x1 0xe8 0x25e 0x7d0004 0x0 0x0 0x27133172f70 0x25e 0x0 0x0 0x800005 0x25e 0x0 0x0 0x0 0x0 0x0 0x8c0007 0x0 0x58 0x25e 0x930005 0x0 0x0 0x2714adc04b0 0x25e 0x0 0x0 0x9b0007 0x1 0xe8 0x0 0x9f0004 0x0 0x0 0x0 0x0 0x0 0x0 0xa20007 0x0 0x90 0x0 0xa60004 0x0 0x0 0x0 0x0 0x0 0x0 0xac0005 0x0 0x0 0x0 0x0 0x0 0x0 0xb50007 0x1 0x140 0x0 0xb90004 0x0 0x0 0x0 0x0 0x0 0x0 0xbc0007 0x0 0xe8 0x0 0xc00004 0x0 0x0 0x0 0x0 0x0 0x0 0xc30005 0x0 0x0 0x0 0x0 0x0 0x0 0xcf0007 0x0 0x58 0x0 0xd60005 0x0 0x0 0x0 0x0 0x0 0x0 0xdf0007 0x1 0xb8 0x0 0xeb0002 0x0 0xee0007 0x0 0x88 0x0 0xfa0002 0x0 0x1060007 0x0 0x58 0x0 0x10d0005 0x0 0x0 0x0 0x0 0x0 0x0 0x1150007 0x1 0x128 0x0 0x1190004 0x0 0x0 0x0 0x0 0x0 0x0 0x11c0007 0x0 0xd0 0x0 0x1200004 0x0 0x0 0x0 0x0 0x0 0x0 0x12c0007 0x0 0x78 0x0 0x1370007 0x0 0x58 0x0 0x1400005 0x0 0x0 0x0 0x0 0x0 0x0 0x1490007 0x1 0xe8 0x0 0x14d0004 0x0 0x0 0x0 0x0 0x0 0x0 0x1500007 0x0 0x90 0x0 0x1540004 0x0 0x0 0x0 0x0 0x0 0x0 0x15a0005 0x0 0x0 0x0 0x0 0x0 0x0 0x1630007 0x1 0xc8 0x0 0x16c0007 0x0 0xa8 0x0 0x1770007 0x0 0x88 0x0 0x17b0002 0x0 0x17e0007 0x0 0x58 0x0 0x1860005 0x0 0x0 0x0 0x0 0x0 0x0 0x18a0002 0xa 0x18f0005 0xa 0x0 0x0 0x0 0x0 0x0 0x0 0x0 0x0 0x0 0x0 0x0 0x0 0x0 0x0 0x0 0x0 0x0 0x9 0x2 0x0 0x0 oops 8 11 com/oracle/truffle/api/strings/TruffleString 13 java/lang/Integer 22 com/oracle/truffle/api/strings/TruffleString 29 com/oracle/truffle/js/nodes/cast/JSToStringNodeGen 114 java/lang/Integer 116 com/oracle/truffle/api/strings/TruffleString 125 java/lang/Integer 143 com/oracle/truffle/js/nodes/cast/JSToStringNodeGen methods 0
ciMethodData com/oracle/truffle/js/nodes/cast/JSToStringNode doString (Lcom/oracle/truffle/api/strings/TruffleString;)Lcom/oracle/truffle/api/strings/TruffleString; 2 4777 orig 80 0 0 0 0 0 0 0 0 0 0 0 0 113 2 0 0 0 0 0 0 0 0 0 0 0 0 0 0 0 0 0 0 0 0 0 0 0 0 0 0 0 0 0 0 0 0 0 0 0 0 0 0 0 0 0 0 0 0 0 0 0 0 0 0 0 0 0 0 0 0 0 0 0 0 0 0 0 0 0 0 data 5 0x0 0x9 0x2 0x0 0x0 oops 0 methods 0
ciMethodData com/oracle/truffle/js/nodes/cast/JSToStringNode doInteger (ILcom/oracle/truffle/js/nodes/cast/JSDoubleToStringNode;)Lcom/oracle/truffle/api/strings/TruffleString; 1 608 orig 80 0 0 0 0 0 0 0 0 0 0 0 0 0 0 0 0 0 0 0 0 0 0 0 0 0 0 0 0 0 0 0 0 0 0 0 0 0 0 0 0 0 0 0 0 0 0 0 0 0 0 0 0 0 0 0 0 0 0 0 0 0 0 0 0 0 0 0 0 0 0 0 0 0 0 0 0 0 0 0 0 data 18 0x30005 0x0 0x0 0x2714ddd3360 0x260 0x0 0x0 0x0 0x0 0x0 0x0 0x0 0x0 0x9 0x3 0x0 0x0 0x0 oops 1 3 com/oracle/truffle/js/nodes/cast/JSDoubleToStringNodeGen methods 0
ciMethodData com/oracle/truffle/js/nodes/cast/JSToStringNode doBigInt (Lcom/oracle/truffle/js/runtime/BigInt;)Lcom/oracle/truffle/api/strings/TruffleString; 1 0 orig 80 0 0 0 0 0 0 0 0 0 0 0 0 0 0 0 0 0 0 0 0 0 0 0 0 0 0 0 0 0 0 0 0 0 0 0 0 0 0 0 0 0 0 0 0 0 0 0 0 0 0 0 0 0 0 0 0 0 0 0 0 0 0 0 0 0 0 0 0 0 0 0 0 0 0 0 0 0 0 0 0 data 12 0x10002 0x0 0x0 0x0 0x0 0x0 0x0 0x0 0x9 0x2 0x0 0x0 oops 0 methods 0
ciMethodData com/oracle/truffle/js/nodes/cast/JSToStringNode doLong (JLcom/oracle/truffle/js/nodes/cast/JSDoubleToStringNode;)Lcom/oracle/truffle/api/strings/TruffleString; 1 0 orig 80 0 0 0 0 0 0 0 0 0 0 0 0 0 0 0 0 0 0 0 0 0 0 0 0 0 0 0 0 0 0 0 0 0 0 0 0 0 0 0 0 0 0 0 0 0 0 0 0 0 0 0 0 0 0 0 0 0 0 0 0 0 0 0 0 0 0 0 0 0 0 0 0 0 0 0 0 0 0 0 0 data 19 0x20005 0x0 0x0 0x0 0x0 0x0 0x0 0x0 0x0 0x0 0x0 0x0 0x0 0x9 0x4 0x0 0x0 0x0 0x0 oops 0 methods 0
ciMethodData com/oracle/truffle/js/nodes/cast/JSToStringNode doDouble (DLcom/oracle/truffle/js/nodes/cast/JSDoubleToStringNode;)Lcom/oracle/truffle/api/strings/TruffleString; 1 0 orig 80 0 0 0 0 0 0 0 0 0 0 0 0 0 0 0 0 0 0 0 0 0 0 0 0 0 0 0 0 0 0 0 0 0 0 0 0 0 0 0 0 0 0 0 0 0 0 0 0 0 0 0 0 0 0 0 0 0 0 0 0 0 0 0 0 0 0 0 0 0 0 0 0 0 0 0 0 0 0 0 0 data 19 0x20005 0x0 0x0 0x0 0x0 0x0 0x0 0x0 0x0 0x0 0x0 0x0 0x0 0x9 0x4 0x0 0x0 0x0 0x0 oops 0 methods 0
ciMethod com/oracle/truffle/api/HostCompilerDirectives inInterpreterFastPath ()Z 272 0 6054 0 -1
ciMethod com/oracle/truffle/js/nodes/cast/JSDoubleToStringNodeGen create ()Lcom/oracle/truffle/js/nodes/cast/JSDoubleToStringNode; 24 0 12 0 -1
compile com/oracle/truffle/js/nodes/cast/JSToStringNodeGen executeString (Ljava/lang/Object;)Lcom/oracle/truffle/api/strings/TruffleString; -1 4 inline 16 0 -1 com/oracle/truffle/js/nodes/cast/JSToStringNodeGen executeString (Ljava/lang/Object;)Lcom/oracle/truffle/api/strings/TruffleString; 1 33 com/oracle/truffle/js/nodes/cast/JSToStringNode doString (Lcom/oracle/truffle/api/strings/TruffleString;)Lcom/oracle/truffle/api/strings/TruffleString; 1 128 java/lang/Integer intValue ()I 1 147 com/oracle/truffle/js/nodes/cast/JSToStringNode doInteger (ILcom/oracle/truffle/js/nodes/cast/JSDoubleToStringNode;)Lcom/oracle/truffle/api/strings/TruffleString; 1 172 com/oracle/truffle/js/nodes/cast/JSToStringNode doBigInt (Lcom/oracle/truffle/js/runtime/BigInt;)Lcom/oracle/truffle/api/strings/TruffleString; 1 195 java/lang/Long longValue ()J 1 214 com/oracle/truffle/js/nodes/cast/JSToStringNode doLong (JLcom/oracle/truffle/js/nodes/cast/JSDoubleToStringNode;)Lcom/oracle/truffle/api/strings/TruffleString; 1 269 com/oracle/truffle/js/nodes/cast/JSToStringNode doDouble (DLcom/oracle/truffle/js/nodes/cast/JSDoubleToStringNode;)Lcom/oracle/truffle/api/strings/TruffleString; 1 379 com/oracle/truffle/js/nodes/JSGuards isForeignObject (Ljava/lang/Object;)Z 2 1 com/oracle/truffle/js/runtime/JSRuntime isForeignObject (Ljava/lang/Object;)Z 3 11 com/oracle/truffle/js/runtime/JSRuntime isForeignObject (Lcom/oracle/truffle/api/interop/TruffleObject;)Z 4 1 com/oracle/truffle/js/runtime/objects/JSDynamicObject isJSDynamicObject (Ljava/lang/Object;)Z 4 29 com/oracle/truffle/js/runtime/Strings isTString (Ljava/lang/Object;)Z 1 394 com/oracle/truffle/api/CompilerDirectives transferToInterpreterAndInvalidate ()V 2 0 com/oracle/truffle/api/Truffle getRuntime ()Lcom/oracle/truffle/api/TruffleRuntime; 2 3 com/oracle/truffle/api/impl/DefaultTruffleRuntime notifyTransferToInterpreter ()V
